codigo;interno;colecao;subcolecao;sigla;referencia;descricao;tipo;grupo;departamento;marca;divisao;categoria;status;grade;fornecedor;cadastro
EYV013;749;VERÃO;2011;SS11;;EYV013 -  VESTIDO PEDRO;;INTEIROS;VESTIDO;;FEMININO;;;GRADE P M GG;BONDUKI LINHAS. FIOS E CONF. LTDA.;2011-07-08
EYV022;839;VERÃO;2011;SS11;;EYV022 -  VESTIDO SUMMER;LONGO;INTEIROS;VESTIDO;;FEMININO;;;GRADE P M GG;MINAS LÃ COMÉRCIO DE FIOS LTDA.;2011-08-03
00099;188;INVERNO;2010;AW10;;00099 - 1982 SERGIO K;;;;;;;;GRADE P M GG;;2010-07-08
300081;1329;INVERNO;;;;300081 - 21 BOTÕES EVANIZADO;;TOP;TOP;;FEMININO;;;PP/P/M/G/GG;MINAS LÃ COMÉRCIO DE FIOS LTDA.;2012-02-14
320144;532;ATEMPORAL;2024;;320144;320144 - ABOTOADURAS PUPA;;ACESSÓRIOS;JOIAS;EGREY;FEMININO;;;UNICA;;2024-10-15
00257;237;;2010;;;00257 - ACERVO JEE;;;;;;;;UNICA;;2010-11-03
5000010;1223;INDEF - INDEFINIDO;;;;5000010 - ACERVO JEE 10.01.12;;;;;;;;UNICA;;2012-01-10
332203;22072;;;;332203;332203 - ACESSÓRIO ANEMONA;;;;;;;;UNICA;;2025-10-21
324306;21709;INDEF - INDEFINIDO;INDEF - INDEFINIDO;;;324306 - ALCOOL EM GEL ANTISSEPTICO 51 70% AUDAX QUIMICA IN;;;;INDEFINIDO - INDEFINIDO;;;;UNICA;;2025-08-28
318071;518;ATEMPORAL;2024;;318071;318071 - ANEL ANGLE;;ACESSÓRIOS;JOIAS;EGREY;FEMININO;;;UNICA;;2024-10-15
326113;690;INVERNO;;;326113;326113 - ANEL COPO DE LEITE;;ACESSÓRIOS;JOIAS;EGREY;FEMININO;;;UNICA;;2024-10-15
500006;41596;INDEF - INDEFINIDO;;;500006;500006 - ANEL FARPA;ANEL;ACESSÓRIOS;JOIAS;MANECA;FEMININO;CONSIGNADO;;UNICA;LUIZA MARASCHIM MILITÃO DA SILVA 44523880867;2026-07-21
330121;22099;VERÃO;2026;SS26;330121;330121 - ANEL FRISO;ANEL;ACESSÓRIOS;JOIAS;MANECA;FEMININO;CONSIGNADO;;UNICA;;2025-10-27
500002;41592;INDEF - INDEFINIDO;;;500002;500002 - ANEL HILO STATE;ANEL;ACESSÓRIOS;JOIAS;MANECA;FEMININO;CONSIGNADO;;UNICA;LUIZA MARASCHIM MILITÃO DA SILVA 44523880867;2026-07-21
500003;41593;INDEF - INDEFINIDO;;;500003;500003 - ANEL HILO X;ANEL;ACESSÓRIOS;JOIAS;MANECA;FEMININO;CONSIGNADO;;UNICA;LUIZA MARASCHIM MILITÃO DA SILVA 44523880867;2026-07-21
325130;602;VERÃO;2024;SS24;325130;325130 - ANEL IMAGO CLASSIC;;ACESSÓRIOS;JOIAS;EGREY;FEMININO;;;UNICA;;2024-10-15
325119;592;VERÃO;2024;SS24;325119;325119 - ANEL IMAGO CLASSIC FINO;;ACESSÓRIOS;JOIAS;EGREY;FEMININO;;;UNICA;;2024-10-15
325131;604;VERÃO;2024;SS24;325131;325131 - ANEL IMAGO DEFORM;;ACESSÓRIOS;JOIAS;EGREY;FEMININO;;;UNICA;;2024-10-15
330205;41089;VERÃO;2026;SS26;330205;330205 - ANEL LAMINA CLASSIC;ANEL;ACESSÓRIOS;JOIAS;MANECA;FEMININO;CONSIGNADO;;UNICA;;2025-12-19
320141;11442;VERÃO;;;320141PRA;320141 - ANEL MINERAL POLIDO;;ACESSÓRIOS;JOIAS;;;;;UNICA;;2024-10-21
320148;11441;VERÃO;;;320148PRA;320148 - ANEL MINERAL TEXTURA;;ACESSÓRIOS;JOIAS;;;;;UNICA;;2024-10-21
320157;536;ATEMPORAL;2024;;320157;320157 - ANEL MINERAL TEXTURA DOURADO;;ACESSÓRIOS;JOIAS;EGREY;FEMININO;;;UNICA;;2024-10-15
330206;41090;VERÃO;2026;SS26;330206;330206 - ANEL NUCLEA PUNCH;ANEL;ACESSÓRIOS;JOIAS;MANECA;FEMININO;CONSIGNADO;;UNICA;;2025-12-19
320130;530;ATEMPORAL;2024;;320130;320130 - ANEL PUPA;;ACESSÓRIOS;JOIAS;EGREY;FEMININO;;;UNICA;;2024-10-15
315226;10227;VERÃO;;;315226DOU;315226 - ANEL PÉTALA;;ACESSÓRIOS;JOIAS;;;;;UNICA;;2024-10-21
500005;41595;INDEF - INDEFINIDO;;;500005;500005 - ANEL TRIPLO HILO;ANEL;ACESSÓRIOS;JOIAS;MANECA;FEMININO;CONSIGNADO;;UNICA;LUIZA MARASCHIM MILITÃO DA SILVA 44523880867;2026-07-21
213036;428;INVERNO;;;213036;213036 - ANKLE BOOT CAMURÇA;;BOTTOM;SHORT;EGREY;MASCULINO;;;39/40/41/42/43/44/45;;2024-10-15
310229;12751;INDEF - INDEFINIDO;INDEF - INDEFINIDO;;310229;310229 - ANKLE BOOT COURO;;SAPATOS;FEMININO;EGREY;FEMININO;;;34/35/36/37/38/39/40;;2024-10-24
323086ERRADO;570;VERÃO;2024;SS24;323086;323086ERRADO - ARGOLA CLICK LÂMINA P;;TOP;FEMININO;EGREY;FEMININO;;;PP/P/M/G/GG;;2024-10-15
323086;1146;INDEF - INDEFINIDO;INDEF - INDEFINIDO;;323086;323086 - ARGOLA CLICK LÂMINA P;;ACESSÓRIOS;JOIAS;EGREY;FEMININO;;;UNICA;;2024-10-19
319089;522;ATEMPORAL;2024;;319089;319089 - ARGOLA EMARANHADO;;ACESSÓRIOS;JOIAS;EGREY;FEMININO;;;UNICA;;2024-10-15
500009;41618;ATEMPORAL;;;500009;500009 - ARGOLA FARPA GRANDE;BRINCOS;ACESSÓRIOS;JOIAS;MANECA;FEMININO;CONSIGNADO;;UNICA;;2026-08-12
500010;41619;ATEMPORAL;;;500010;500010 - ARGOLA FARPA PEQUENA;BRINCOS;;JOIAS;MANECA;FEMININO;CONSIGNADO;;UNICA;;2026-08-12
500008;41617;ATEMPORAL;;;500008;500008 - ARGOLA HILO MEDIA;BRINCOS;ACESSÓRIOS;JOIAS;MANECA;FEMININO;CONSIGNADO;;UNICA;;2026-08-12
330207;41091;VERÃO;2026;SS26;330207;330207 - ARGOLA IMAGO DEFORM;BRINCOS;ACESSÓRIOS;JOIAS;MANECA;FEMININO;CONSIGNADO;;UNICA;;2025-12-19
325135;608;VERÃO;2024;SS24;325135;325135 - ARGOLA IMAGO DEFORM FINA M;;ACESSÓRIOS;JOIAS;EGREY;FEMININO;;;UNICA;;2024-10-15
325133;606;VERÃO;2024;SS24;325133;325133 - ARGOLA IMAGO DEFORM P;;ACESSÓRIOS;JOIAS;EGREY;FEMININO;;;UNICA;;2024-10-15
325121;594;VERÃO;2024;SS24;325121;325121 - ARGOLA IMAGO DEFORM STATE;;ACESSÓRIOS;JOIAS;EGREY;FEMININO;;;UNICA;;2024-10-15
500004;41594;INDEF - INDEFINIDO;;;500004;500004 - ARGOLA INCIDENCE;BRINCOS;ACESSÓRIOS;JOIAS;MANECA;FEMININO;CONSIGNADO;;UNICA;LUIZA MARASCHIM MILITÃO DA SILVA 44523880867;2026-07-21
320131;11446;INDEF - INDEFINIDO;INDEF - INDEFINIDO;;320131;320131 - ARGOLA MINERAL GRANDE;;ACESSÓRIOS;JOIAS;MANECA;FEMININO;;;UNICA;;2024-10-21
320129;11445;VERÃO;;;320129PRA;320129 - ARGOLA MINERAL PEQUENA;;ACESSÓRIOS;JOIAS;;;;;UNICA;;2024-10-21
320145;11448;VERÃO;;;320145PRA;320145 - ARGOLA MÉDIA PUPA;;ACESSÓRIOS;JOIAS;;;;;UNICA;;2024-10-21
317191;10897;VERÃO;;;317191PRE;317191 - BABOUCHE COURO E TRICOT;;;CAMISA;;;;;34 AO 48;;2024-10-21
325082;12283;VERÃO;;;325082;325082 - BATA DECOTE V TRICOT;;TOP;FEMININO;EGREY;FEMININO;;;PP/P/M/G/GG;;2024-10-21
239022;41257;VERÃO;2027;SS27;239022;239022 - BATA GOLA PADRE XADREZ;;TOP;BATA;EGREY;MASCULINO;PROPRIA;;34/36/38/40/42/44/46/48;;2026-02-23
332045;21782;INVERNO;2026;AW26;332045;332045 - BATA LEVE VELUDO;;TOP;BATA;EGREY;FEMININO;PROPRIA;;34/36/38/40/42/44/46/48;;2025-09-16
322106;11995;VERÃO;;;322106;322106 - BATA LINHO;;TOP;FEMININO;EGREY;FEMININO;;;34/36/38/40/42/44/46/48;;2024-10-21
239050;41350;VERÃO;2027;SS27;239050;239050 - BATA LINHO;;TOP;BATA;EGREY;MASCULINO;PROPRIA;;34/36/38/40/42/44/46/48;;2026-03-17
330116;21817;ALTO VERÃO;2026;SS26;330116;330116 - BATA LISTRAS;;TOP;BATA;EGREY;FEMININO;PROPRIA;;34/36/38/40/42/44/46/48;;2025-09-17
240034;41651;INVERNO;2027;AW27;240034;240034 - BATA MALHA SEDA;;TOP;BATA;EGREY;MASCULINO;PROPRIA;;34/36/38/40/42/44/46/48;;2026-08-18
335015;41723;INVERNO;2027;AW27;335015;335015 - BATA MALHA SEDA;;TOP;BATA;EGREY;FEMININO;PROPRIA;;34/36/38/40/42/44/46/48;;2026-09-02
219055;21856;INVERNO;2026;AW26;219055;219055 - BATA PIMA;;TOP;BATA;EGREY;MASCULINO;PROPRIA;;PP/P/M/G/GG;;2025-09-19
217039;21470;VERÃO;;;217039;217039 - BATA REDE TRICOT;;TOP;MASCULINO;EGREY;MASCULINO;;;PP/P/M/G/GG;;2025-04-14
301014;1445;VERÃO;;;;301014 - BATA SOLEIL;;TOP;TOP;;FEMININO;;;PP/P/M/G/GG;MINAS LÃ COMÉRCIO DE FIOS LTDA.;2012-05-08
301015;1447;VERÃO;;;;301015 - BATA SOLEIL LUREX;;TOP;TOP;;FEMININO;;;PP/P/M/G/GG;MINAS LÃ COMÉRCIO DE FIOS LTDA.;2012-05-08
239019;41254;VERÃO;2027;SS27;239019;239019 - BATA TELA TRICOT ALGODÃO;;TOP;BATA;EGREY;MASCULINO;PROPRIA;;PP/P/M/G/GG;;2026-02-23
216046;838;INVERNO;;;216046;216046 - BATA TENCEL;;TOP;MASCULINO;EGREY;MASCULINO;;;34/36/38/40/42/44/46/48;;2024-10-15
216056;12977;INVERNO;;;216056;216056 - BATA TRICOT;;TOP;MASCULINO;EGREY;MASCULINO;;;PP/P/M/G/GG;;2024-11-06
219019;21821;INVERNO;2026;AW26;219019;219019 - BATA VELUDO DE SEDA;;TOP;BATA;EGREY;MASCULINO;PROPRIA;;34/36/38/40/42/44/46/48;;2025-09-17
335041;41751;INVERNO;2027;AW27;335041;335041 - BATA VELUDO LEVE;;TOP;BATA;EGREY;FEMININO;PROPRIA;;34/36/38/40/42/44/46/48;;2026-09-03
335031;41743;INVERNO;2027;AW27;335031;335031 - BATA VELUDO LEVE PREGAS;;TOP;BATA;EGREY;FEMININO;PROPRIA;;34/36/38/40/42/44/46/48;;2026-09-02
800100;1601;INVERNO;;;;800100 - BAZAR JEE 100;;TOP;TOP;;FEMININO;;;PP/P/M/G/GG;MINAS LÃ COMÉRCIO DE FIOS LTDA.;2012-05-29
800120;1245;INDEF - INDEFINIDO;;;;800120 - BAZAR JEE 120;;;;;;;;UNICA;;2012-01-12
800020;1607;INVERNO;2011;AW11;;800020 - BAZAR JEE 20;;;;;;;;UNICA;;2012-05-31
800030;1595;INDEF - INDEFINIDO;;;;800030 - BAZAR JEE 30;;;;;;;;UNICA;;2012-05-24
800035;1597;;;;;800035 - BAZAR JEE 35;;;;;;;;UNICA;;2012-05-24
800040;1247;INDEF - INDEFINIDO;;;;800040 - BAZAR JEE 40;;;;;;;;UNICA;;2012-01-12
800045;1599;INDEF - INDEFINIDO;INDEF - INDEFINIDO;;800045;800045 - BAZAR JEE 45;;;;;;;;UNICA;;2012-05-25
800050;1241;INDEF - INDEFINIDO;;;;800050 - BAZAR JEE 50;;;;;;;;UNICA;;2012-01-12
800080;1243;INDEF - INDEFINIDO;;;;800080 - BAZAR JEE 80;;;;;;;;UNICA;;2012-01-12
800090;1249;INDEF - INDEFINIDO;;;;800090 - BAZAR JEE 90;;;;;;;;UNICA;;2012-01-12
216057;12993;INVERNO;;;216057;216057 - BERMUDA ALFAIATARIA LÃ FRIA;;BOTTOM;MASCULINO;EGREY;MASCULINO;;;34/36/38/40/42/44/46/48;;2024-11-07
216007;862;INVERNO;;;216007;216007 - BERMUDA ALFAIATARIA PREGAS;;BOTTOM;MASCULINO;EGREY;MASCULINO;;;34/36/38/40/42/44/46/48;;2024-10-15
217027;21458;VERÃO;;;217027;217027 - BERMUDA ALFAIATARIA TECNOLÓGICA;;BOTTOM;MASCULINO;EGREY;MASCULINO;;;34/36/38/40/42/44/46/48;;2025-04-14
201139;10507;VERÃO;;;201139;201139 - BERMUDA AMPLA;;;CAMISA;;;;;34/36/38/40/42/44/46/48;;2024-10-21
211001;12013;VERÃO;;;211001;211001 - BERMUDA AMPLA ANARRUGA;;BOTTOM;MASCULINO;EGREY;MASCULINO;;;34/36/38/40/42/44/46/48;;2024-10-21
204021;10090;VERÃO;;;204021OFF;204021 - BERMUDA AMPLA LISTRA;;;CAMISA;;;;;34 AO 48;;2024-10-21
213031ERRADO;424;INVERNO;;;213031;213031ERRADO - BERMUDA AMPLA PREGA;;BOTTOM;SHORT;EGREY;MASCULINO;;;39/40/41/42/43/44/45;;2024-10-15
213031;1128;INVERNO;;;213031;213031 - BERMUDA AMPLA PREGA;;BOTTOM;MASCULINO;EGREY;MASCULINO;;;34/36/38/40/42/44/46/48;;2024-10-19
214006;1132;VERÃO;;;214006;214006 - BERMUDA AMPLA PREGA MASCULINA;;BOTTOM;MASCULINO;EGREY;MASCULINO;;;34/36/38/40/42/44/46/48;;2024-10-19
212014;12251;VERÃO;;;212014;212014 - BERMUDA AMPLA PREGAS;;BOTTOM;SHORT;EGREY;MASCULINO;;;34/36/38/40/42/44/46/48;;2024-10-21
217049;21480;VERÃO;;;217049;217049 - BERMUDA ANARRUGA;;BOTTOM;MASCULINO;EGREY;MASCULINO;;;34/36/38/40/42/44/46/48;;2025-04-14
210009;11697;VERÃO;;;210009;210009 - BERMUDA BOLSO FOLE;;BOTTOM;MASCULINO;EGREY;MASCULINO;;;34/36/38/40/42/44/46/48;;2024-10-21
322084;11649;VERÃO;;;322084;322084 - BERMUDA BOLSO TRICOT;;BOTTOM;FEMININO;EGREY;FEMININO;;;PP/P/M/G/GG/EXG/EGG/EEGG;;2024-10-21
208031;11275;VERÃO;;;208031;208031 - BERMUDA CANVAS;;;CAMISA;;;;;34/36/38/40/42/44/46/48;;2024-10-21
217025;21456;VERÃO;;;217025;217025 - BERMUDA CARGO ALGODÃO;;BOTTOM;MASCULINO;EGREY;MASCULINO;;;34/36/38/40/42/44/46/48;;2025-04-14
202020;10633;VERÃO;;;202020;202020 - BERMUDA CARGO RETA;;;CAMISA;;;;;34/36/38/40/42/44/46/48;;2024-10-21
202039;10635;VERÃO;;;202039;202039 - BERMUDA CORDÃO;;;CAMISA;;;;;34/36/38/40/42/44/46/48;;2024-10-21
208029;11280;VERÃO;;;208029;208029 - BERMUDA CURTA CORDÃO;;;CAMISA;;;;;PP/P/M/G/GG/EXG/EGG/EEGG;;2024-10-21
332085;21955;INVERNO;2026;AW26;332085;332085 - BERMUDA DE COURO;;BOTTOM;SHORT;EGREY;FEMININO;PROPRIA;;34/36/38/40/42/44/46/48;;2025-10-14
218000;21720;ALTO VERÃO;2025;SS25;218000;218000 - BERMUDA DE SARJA;;BOTTOM;SHORT;EGREY;MASCULINO;PROPRIA;;34/36/38/40/42/44/46/48;;2025-09-12
240041;41658;INVERNO;2027;AW27;240041;240041 - BERMUDA ELÁSTICO ALGODÃO;;BOTTOM;SHORT;EGREY;MASCULINO;PROPRIA;;34/36/38/40/42/44/46/48;;2026-08-18
206005;11031;VERÃO;;;206005MAR;206005 - BERMUDA FIVELA COTTON;;;CAMISA;;;;;34 AO 48;;2024-10-21
329028;212;INVERNO;;;329028;329028 - BERMUDA JEANS;;BOTTOM;FEMININO;EGREY;FEMININO;;;34/36/38/40/42/44/46/48;;2024-10-14
323089;12213;INVERNO;;;323089;323089 - BERMUDA JEANS;;BOTTOM;FEMININO;EGREY;FEMININO;;;34/36/38/40/42/44/46/48;;2024-10-21
239053;41353;VERÃO;2027;SS27;239053;239053 - BERMUDA LINHO;;BOTTOM;SHORT;EGREY;MASCULINO;PROPRIA;;34/36/38/40/42/44/46/48;;2026-03-17
210024;11715;VERÃO;;;210024;210024 - BERMUDA LINHO AJUSTE BOTÃO;;BOTTOM;MASCULINO;EGREY;MASCULINO;;;34/36/38/40/42/44/46/48;;2024-10-21
208042;11363;VERÃO;;;208042MCO;208042 - BERMUDA LINHO ESTAMPADA;;;CAMISA;;;;;34 AO 48;;2024-10-21
215006;12685;VERÃO;;;215006;215006 - BERMUDA LINHO LISTRADA;;BOTTOM;MASCULINO;EGREY;MASCULINO;;;34/36/38/40/42/44/46/48;;2024-10-21
204073;10217;VERÃO;;;204073MAR;204073 - BERMUDA LIV;;;CAMISA;;;;;34 AO 48;;2024-10-21
210023;11713;VERÃO;;;210023;210023 - BERMUDA LÃ FRIA AJUSTE BOTÃO;;BOTTOM;MASCULINO;EGREY;MASCULINO;;;34/36/38/40/42/44/46/48;;2024-10-21
334066;41234;VERÃO;2027;SS27;334066;334066 - BERMUDA PALA LINHO;;BOTTOM;SHORT;EGREY;FEMININO;PROPRIA;;34/36/38/40/42/44/46/48;;2026-02-20
239026;41260;VERÃO;2027;SS27;239026;239026 - BERMUDA PREGA ALGODÃO;;BOTTOM;SHORT;EGREY;MASCULINO;PROPRIA;;34/36/38/40/42/44/46/48;;2026-02-23
208028;11359;VERÃO;;;208028;208028 - BERMUDA PREGA LINHO;;;CAMISA;;;;;34/36/38/40/42/44/46/48;;2024-10-21
239039;41318;VERÃO;2027;SS27;239039;239039 - BERMUDA PREGA TECH;;BOTTOM;CALÇA;EGREY;MASCULINO;PROPRIA;;34/36/38/40/42/44/46/48;;2026-03-16
330091;21455;VERÃO;;;330091;330091 - BERMUDA PREGAS ALGODÃO;;BOTTOM;FEMININO;EGREY;FEMININO;;;34/36/38/40/42/44/46/48;;2025-04-14
334059;41227;VERÃO;2027;SS27;334059;334059 - BERMUDA PREGAS ALGODÃO;;BOTTOM;SHORT;EGREY;FEMININO;PROPRIA;;34/36/38/40/42/44/46/48;;2026-02-20
328139;21081;VERÃO;;;328139;328139 - BERMUDA PREGAS TECNOLÓGICO;;BOTTOM;FEMININO;EGREY;FEMININO;;;34/36/38/40/42/44/46/48;;2024-11-22
208041;11393;VERÃO;;;208041BEG;208041 - BERMUDA RECORTES;;;CAMISA;;;;;PP/P/M/G/GG/EXG/EGG/EEGG;;2024-10-21
212012;12247;VERÃO;;;212012;212012 - BERMUDA RETA LINHO;;BOTTOM;SHORT;EGREY;MASCULINO;;;34/36/38/40/42/44/46/48;;2024-10-21
329029;214;INVERNO;;;329029;329029 - BERMUDA SARJA;;BOTTOM;FEMININO;EGREY;FEMININO;;;34/36/38/40/42/44/46/48;;2024-10-14
201035;10627;VERÃO;;;201035;201035 - BERMUDA SOCIAL RETA;;;CAMISA;;;;;34/36/38/40/42/44/46/48;;2024-10-21
219020;21822;INVERNO;2026;AW26;219020;219020 - BERMUDA TECH;;BOTTOM;;EGREY;MASCULINO;PROPRIA;;34/36/38/40/42/44/46/48;;2025-09-17
240044;41661;INVERNO;2027;AW27;240044;240044 - BERMUDA TECNO;;BOTTOM;SHORT;EGREY;MASCULINO;PROPRIA;;34/36/38/40/42/44/46/48;;2026-08-18
204020;10085;VERÃO;;;204020OFF;204020 - BERMUDA TENCEL LINHO;;;CAMISA;;;;;34 AO 48;;2024-10-21
319009;11073;VERÃO;;;319009BEG;319009 - BERMUDA TRICOT BOLSO;;;CAMISA;;;;;PP/P/M/G/GG/EXG/EGG/EEGG;;2024-10-21
335044;41744;INVERNO;2027;AW27;335044;335044 - BERMUDA VISTA ASSIMÉTRICA TECNOLÓGICO;;BOTTOM;SHORT;EGREY;FEMININO;PROPRIA;;34/36/38/40/42/44/46/48;;2026-09-02
BH1;851;VERÃO;2011;SS11;BH1;BH1 - BH CASACO CHANEL;;;FEMININO;;FEMININO;;;GRADE P M GG;;2011-08-04
140005;22112;INVERNO;2026;AW26;140005;140005 - BIG PIJAMA PIMA;;BOTTOM;CALÇA;EGREY;HOME;PROPRIA;;PP/P/M/G/GG;;2025-11-05
216004ERRADO;206;INDEF - INDEFINIDO;2024;;216004;216004ERRADO - BIG TSHIRT;;TOP;FEMININO;EGREY;FEMININO;;;UNICA;;2024-10-14
216004;12723;INVERNO;;;216004;216004 - BIG TSHIRT;;TOP;UNISSEX;EGREY;UNISSEX;;;PP/P/M/G/GG;;2024-10-23
315206;10185;VERÃO;;;315206PRE;315206 - BIQUINI DEBORAH;;;CAMISA;;;;;PP/P/M/G/GG/EXG/EGG/EEGG;;2024-10-21
325103;12401;VERÃO;;;325103;325103 - BIQUINI LISTRAS;;CONJUNTOS;BIQUINI;EGREY;FEMININO;;;PP/P/M/G/GG;;2024-10-21
309257;11841;VERÃO;;;309257OFF;309257 - BIQUINI SHIBORI;;;CAMISA;;;;;PP/P/M/G/GG/EXG/EGG/EEGG;;2024-10-21
311229;11843;VERÃO;;;311229OFF;311229 - BLAZER 6 BOTõES;;;CAMISA;;;;;34/36/38/40/42/44/46/48;;2024-10-21
TE000064;1591;VERÃO;;;TE000064;TE000064 - BLAZER ABELHA;;OUTERWEAR;CARDIGAN;THELURE;FEMININO;;;PP/P/M/G/GG;;2012-05-17
329004;88;INVERNO;;;329004;329004 - BLAZER BOLSOS;;OUTERWEAR;FEMININO;EGREY;FEMININO;;;34/36/38/40/42/44/46/48;;2024-10-14
329003;76;INVERNO;;;329003;329003 - BLAZER BOLSOS LÃ FRIA;;OUTERWEAR;FEMININO;EGREY;FEMININO;;;34/36/38/40/42/44/46/48;;2024-10-14
335095;41746;INVERNO;2027;AW27;335095;335095 - BLAZER BOTÕES LUREX;;OUTERWEAR;CASACO;EGREY;FEMININO;PROPRIA;;34/36/38/40/42/44/46/48;;2026-09-02
335096;41747;INVERNO;2027;AW27;335096;335096 - BLAZER BOTÕES VELUDO;;OUTERWEAR;CASACO;EGREY;FEMININO;PROPRIA;;34/36/38/40/42/44/46/48;;2026-09-02
04.0057;1655;VERÃO;;;04.0057;04.0057 - BLAZER CORRENTES TC;;OUTERWEAR;CASACO;THELURE;FEMININO;;;PP/P/M/G/GG;;2012-07-13
332046;21880;INVERNO;2026;AW26;332046;332046 - BLAZER DE COURO;;;;EGREY;FEMININO;PROPRIA;;34/36/38/40/42/44/46/48;;2025-09-22
TE000038;937;INVERNO;;;;TE000038 - BLAZER GAARA;;OUTERWEAR;CASACO;THELURE;FEMININO;;;PP/P/M/G/GG;;2011-10-14
335006;41693;INVERNO;2027;AW27;335006;335006 - BLAZER GODÊ TRICOT;;OUTERWEAR;CASACO;EGREY;FEMININO;PROPRIA;;PP/P/M/G/GG;;2026-09-01
326093;12463;INVERNO;;;326093;326093 - BLAZER JAQUETA;;OUTERWEAR;FEMININO;EGREY;FEMININO;;;34/36/38/40/42/44/46/48;;2024-10-21
326092;12461;INVERNO;;;326092;326092 - BLAZER JAQUETA VELUDO;;OUTERWEAR;FEMININO;EGREY;FEMININO;;;34/36/38/40/42/44/46/48;;2024-10-21
334035;41200;VERÃO;2027;SS27;334035;334035 - BLAZER LEVE SEDA;;OUTERWEAR;CASACO;EGREY;FEMININO;PROPRIA;;34/36/38/40/42/44/46/48;;2026-02-18
239012;41339;VERÃO;2027;SS27;239012;239012 - BLAZER LINHO;;OUTERWEAR;CASACO;;MASCULINO;;;34/36/38/40/42/44/46/48;;2026-03-17
311058;10665;VERÃO;;;311058OFF;311058 - BLAZER LINHO DRAPEADO;;;CAMISA;;;;;34 AO 48;;2024-10-21
239070;41437;VERÃO;2027;SS27;239070;239070 - BLAZER LINHO MESCLA;;OUTERWEAR;CASACO;EGREY;MASCULINO;PROPRIA;;34/36/38/40/42/44/46/48;;2026-04-13
317172;10327;VERÃO;;;317172MAR;317172 - BLAZER LÃ;;;CAMISA;;;;;34 AO 48;;2024-10-21
319026;11153;VERÃO;;;319026AMA;319026 - BLAZER LÃ;;;CAMISA;;;;;34 AO 48;;2024-10-21
314108;10473;VERÃO;;;314108MAR;314108 - BLAZER LÃ AMARRAÇÃO;;;CAMISA;;;;;34 AO 48;;2024-10-21
315080;10203;VERÃO;;;315080AZU;315080 - BLAZER LÃ FRIA;;;CAMISA;;;;;34 AO 48;;2024-10-21
328051;12631;VERÃO;;;328051MAR;328051 - BLAZER LÃ FRIA;;;CAMISA;;;;;34 AO 48;;2024-10-21
317186;10325;VERÃO;;;317186CIN;317186 - BLAZER LÃ FRIA CINZA;;;CAMISA;;;;;34 AO 48;;2024-10-21
311054;11845;VERÃO;;;311054PRE;311054 - BLAZER ORIGAMI;;;CAMISA;;;;;34/36/38/40/42/44/46/48;;2024-10-21
312261;10694;VERÃO;;;312261PIE;312261 - BLAZER PIED POULE DE LÃ;;;CAMISA;;;;;34 AO 48;;2024-10-21
239013;41319;VERÃO;2027;SS27;239013;239013 - BLAZER SEDA;;OUTERWEAR;CASACO;;MASCULINO;;;34/36/38/40/42/44/46/48;;2026-03-16
335004;41764;INVERNO;2027;AW27;335004;335004 - BLAZER SLIM MALHA;;OUTERWEAR;CASACO;EGREY;FEMININO;PROPRIA;;34/36/38/40/42/44/46/48;;2026-09-09
314104;9892;VERÃO;;;314104PRE;314104 - BLAZER SMOKING;;;CAMISA;;;;;34 AO 48;;2024-10-21
TE000060;981;INVERNO;;;;TE000060 - BLAZER SQUARE;;OUTERWEAR;CARDIGAN;THELURE;FEMININO;;;PP/P/M/G/GG;;2011-10-17
334037;41202;VERÃO;2027;SS27;334037;334037 - BLAZER SUMMER BOX  LINHO;;OUTERWEAR;CASACO;EGREY;FEMININO;PROPRIA;;34/36/38/40/42/44/46/48;;2026-02-18
334127;41422;VERÃO;2027;SS27;334127;334127 - BLAZER SUMMER BOX  LINHO MESCLA;;OUTERWEAR;CASACO;EGREY;FEMININO;PROPRIA;;34/36/38/40/42/44/46/48;;2026-04-07
334086;41354;VERÃO;2027;SS27;334086;334086 - BLAZER SUMMER BOX PAETÊ;;OUTERWEAR;CASACO;;FEMININO;;;34/36/38/40/42/44/46/48;;2026-03-17
240045;41662;INVERNO;2027;AW27;240045;240045 - BLAZER TENCEL;;OUTERWEAR;CASACO;EGREY;MASCULINO;PROPRIA;;34/36/38/40/42/44/46/48;;2026-08-18
321066;11519;VERÃO;;;321066MAR;321066 - BLAZER TRANSPASSADO;;;CAMISA;;;;;34 AO 48;;2024-10-21
332064;21796;INVERNO;2026;AW26;332064;332064 - BLAZER TRANSPASSE;;OUTERWEAR;CASACO;;FEMININO;;;34/36/38/40/42/44/46/48;;2025-09-16
323002;12071;INVERNO;;;323002;323002 - BLAZER TRANSPASSE ABOTOAMENTO DUPLO;;INTEIROS;VESTIDO;EGREY;FEMININO;;;34/36/38/40/42/44/46/48;;2024-10-21
332095;21896;INVERNO;2026;AW26;332095;332095 - BLAZER TRANSPASSE LÃ;;OUTERWEAR;PARKA;EGREY;FEMININO;PROPRIA;;34/36/38/40/42/44/46/48;;2025-10-03
312057;12777;INDEF - INDEFINIDO;INDEF - INDEFINIDO;;312057;312057 - BLAZER TRASPASSE;;;;EGREY;;;;34/36/38/40/42/44/46/48;;2024-10-24
219022;21824;INVERNO;2026;AW26;219022;219022 - BLAZER TRICOT LÃ;;;;EGREY;MASCULINO;PROPRIA;;PP/P/M/G/GG;;2025-09-17
ISHA07;41331;;;;;ISHA07 - BLAZER, ADULTO, PARA USO FEMININO, MANGA LONGA, 100% COURO;;;;;;;;UNICA;;2026-03-17
ISHA06;41332;;;;;ISHA06 - BLAZER, ADULTO, PARA USO FEMININO, MANGA LONGA, 100% COURO;;;;;;;;UNICA;;2026-03-17
EY0035;459;INVERNO;;;;EY0035 - BLUSA 21 BOTÕES;;TOP;TOP;;FEMININO;;;GRADE P M GG;FIAÇÃO FIDES LTDA.;2011-02-03
ANGELA02;1633;VERÃO;;;ANGELA02;ANGELA02 - BLUSA 21 BOTÕES;;;FEMININO;ANGELA MOTTA;FEMININO;;;GRADE P M GG;;2012-06-25
330125;22138;VERÃO;2026;SS26;330125;330125 - BLUSA 3/4 RELEVO TRICOT;;TOP;BLUSA;EGREY;FEMININO;PROPRIA;;PP/P/M/G/GG;;2025-11-17
EY0009;373;INVERNO;;;;EY0009 - BLUSA ALBERTA;;TOP;TOP;;FEMININO;;;GRADE P M GG;SCALINA S.A;2011-01-13
330054;21335;VERÃO;;;330054;330054 - BLUSA ALEXANDRA FRENTE ÚNICA TRICOT;;TOP;FEMININO;EGREY;FEMININO;;;PP/P/M/G/GG;;2025-03-13
322010;11753;VERÃO;;;322010;322010 - BLUSA ALGODÃO FRANZIDA;;TOP;FEMININO;EGREY;FEMININO;;;34/36/38/40/42/44/46/48;;2024-10-21
331009;21547;VERÃO;;;331009;331009 - BLUSA ALI GLÓRIA KALIL;;TOP;FEMININO;GK PARA EGREY;FEMININO;;;PP/P/M/G/GG;;2025-05-05
317043;10335;VERÃO;;;317043OFF;317043 - BLUSA ALICE;;;CAMISA;;;;;PP/P/M/G/GG/EXG/EGG/EEGG;;2024-10-21
313208;10851;VERÃO;;;313208LIL;313208 - BLUSA ALÇAS FINAS;;;CAMISA;;;;;34/36/38/40/42/44/46/48;;2024-10-21
020223;21105;INVERNO;2025;AW25;;020223 - BLUSA AMPLA;;;;INDEFINIDO - INDEFINIDO;;;;PP/P/M/G/GG;;2024-11-29
335027;41700;INVERNO;2027;AW27;335027;335027 - BLUSA AMPLA  SEM CAVA TRICOT;;TOP;BLUSA;EGREY;FEMININO;PROPRIA;;PP/P/M/G/GG;;2026-09-01
317054;11017;VERÃO;;;317054AZU;317054 - BLUSA AMPLA CANELADA;;;CAMISA;;;;;PP/P/M/G/GG/EXG/EGG/EEGG;;2024-10-21
323073;12137;INVERNO;;;323073;323073 - BLUSA AMPLA LUREX;;TOP;FEMININO;EGREY;FEMININO;;;34/36/38/40/42/44/46/48;;2024-10-21
EY0031;219;INVERNO;;;0000001;EY0031 - BLUSA ANDREA;;TOP;TOP;;FEMININO;;;GRADE P M GG;JOAO DOUGLAS ARAGAO SILVA;2010-10-25
314182;9926;VERÃO;;;314182PRE;314182 - BLUSA ANDREIA;;;CAMISA;;;;;PP/P/M/G/GG/EXG/EGG/EEGG;;2024-10-21
AM0005;21248;INDEF - INDEFINIDO;INDEF - INDEFINIDO;;AM0005;AM0005 - BLUSA ANTONIA;;;;ANGELA MOTTA;;;;PP/P/M/G/GG;;2025-02-27
316034;10285;VERÃO;;;316034PRE;316034 - BLUSA APOLO;;;CAMISA;;;;;PP/P/M/G/GG/EXG/EGG/EEGG;;2024-10-21
319088;11225;VERÃO;;;319088OFF;319088 - BLUSA ASSIMÉTRICA;;;CAMISA;;;;;PP/P/M/G/GG/EXG/EGG/EEGG;;2024-10-21
320047;11292;VERÃO;;;320047PRE;320047 - BLUSA ASSIMÉTRICA;;;CAMISA;;;;;PP/P/M/G/GG/EXG/EGG/EEGG;;2024-10-21
330095;21497;VERÃO;;;330095;330095 - BLUSA ASSIMÉTRICA TRICOT;;TOP;FEMININO;EGREY;FEMININO;;;PP/P/M/G/GG;;2025-04-16
330058;21422;VERÃO;;;330058;330058 - BLUSA BABADO TECNOLÓGICO;;INTEIROS;VESTIDO;EGREY;FEMININO;;;34/36/38/40/42/44/46/48;;2025-04-14
327024ERRADO;728;;2024;;327024;327024ERRADO - BLUSA BASQUE ALGODÃO;;;;;;;;34 AO 44;;2024-10-15
327024;1184;VERÃO;;;327024;327024 - BLUSA BASQUE ALGODÃO;;TOP;FEMININO;EGREY;FEMININO;;;34/36/38/40/42/44/46/48;;2024-10-19
320138;11438;VERÃO;;;320138BEG;320138 - BLUSA BATA MANGA FRANZIDA;;;CAMISA;;;;;34/36/38/40/42/44/46/48;;2024-10-21
335068;41776;INVERNO;2027;AW27;335068;335068 - BLUSA BATEAU CANELADO TRICOT;;TOP;BLUSA;EGREY;FEMININO;PROPRIA;;PP/P/M/G/GG;;2026-09-14
EYV012;747;VERÃO;2011;SS11;;EYV012 - BLUSA BELLA;;TOP;TOP;;FEMININO;;;GRADE P M GG;EE - ADATEX S/A INDL. E COML.;2011-07-07
301052;1521;VERÃO;;;;301052 - BLUSA BELLE;;TOP;TOP;;FEMININO;;;PP/P/M/G/GG;SCALINA S.A;2012-05-10
301024;1465;VERÃO;;;;301024 - BLUSA BIRKIN;;TOP;TOP;;FEMININO;;;PP/P/M/G/GG;BONDUKI LINHAS. FIOS E CONF. LTDA.;2012-05-10
301062;1541;VERÃO;;;;301062 - BLUSA BLEU;;TOP;TOP;;FEMININO;;;PP/P/M/G/GG;MINAS LÃ COMÉRCIO DE FIOS LTDA.;2012-05-10
TE000020;537;VERÃO;2011;SS11;TE000020;TE000020 - BLUSA BOCA;;TOP;TOP;THELURE;FEMININO;;;PP/P/M/G/GG;;2011-04-26
EY0025;289;INVERNO;;;;EY0025 - BLUSA BOTÃO DE PRESSÃO;;TOP;TOP;;FEMININO;;;GRADE P M GG;;2010-12-06
00048;52;INVERNO;2010;AW10;140018;00048 - BLUSA BOTÕES PATAGÔNIA;;;FEMININO;;FEMININO;;;GRADE P M GG;;2010-06-03
00301;347;INVERNO;;;TA000001;00301 - BLUSA BÁSICA;;TOP;TOP;TECA;FEMININO;;;GRADE P M GG;;2010-12-22
310207;11847;VERÃO;;;310207PRE;310207 - BLUSA BÁSICA RAYON;;;CAMISA;;;;;34 AO 48;;2024-10-21
002ERR;276;INVERNO;;;329006;002ERR - BLUSA CACHARREL BOTÕES TRICOT;;TOP;FEMININO;EGREY;FEMININO;;;UNICA;;2024-10-14
329006;986;INVERNO;;;329006;329006 - BLUSA CACHARREL BOTÕES TRICOT;;TOP;FEMININO;EGREY;FEMININO;;;PP/P/M/G/GG;;2024-10-16
334010;41121;VERÃO;2027;SS27;334010;334010 - BLUSA CACHECOUER TRICOT;;TOP;BLUSA;EGREY;FEMININO;PROPRIA;;PP/P/M/G/GG;;2026-01-22
TE000054;969;INVERNO;;;;TE000054 - BLUSA CALADA;;TOP;TOP;THELURE;FEMININO;;;PP/P/M/G/GG;;2011-10-17
TE000055;971;INVERNO;;;;TE000055 - BLUSA CALADA LUREX;;TOP;TOP;THELURE;FEMININO;;;PP/P/M/G/GG;;2011-10-17
312052;11849;VERÃO;;;312052PRE;312052 - BLUSA CAMADA CREPE;;;CAMISA;;;;;34/36/38/40/42/44/46/48;;2024-10-21
330094;21496;VERÃO;;;330094;330094 - BLUSA CAMI BICOLOR;;TOP;FEMININO;EGREY;FEMININO;;;PP/P/M/G/GG;;2025-04-16
314086;12825;INDEF - INDEFINIDO;INDEF - INDEFINIDO;;314086;314086 - BLUSA CAMILA;;;;EGREY;;;;34/36/38/40/42/44/46/48;;2024-10-24
313023;10711;VERÃO;;;313023PRE;313023 - BLUSA CANELADA ASSIMÉTRICA;;;CAMISA;;;;;PP/P/M/G/GG/EXG/EGG/EEGG;;2024-10-21
311072;11851;VERÃO;;;311072PRE;311072 - BLUSA CANELADA E LISA;;;CAMISA;;;;;PP/P/M/G/GG/EXG/EGG/EEGG;;2024-10-21
318015;10955;VERÃO;;;318015PRE;318015 - BLUSA CANELADA SEM MANGAS;;;CAMISA;;;;;PP/P/M/G/GG/EXG/EGG/EEGG;;2024-10-21
A L´AVANCE03;1797;INVERNO;;;A L´AVANCE03;A L´AVANCE03 - BLUSA CANOA;;TOP;TOP;A.L´AVANCE;FEMININO;;;PP/P/M/G/GG;;2012-10-02
326102;678;INVERNO;;;326102;326102 - BLUSA CANOA MANGA LONGA;;TOP;FEMININO;EGREY;FEMININO;;;PP/P/M/G/GG;;2024-10-15
322056;11787;VERÃO;;;322056;322056 - BLUSA CANOA TRICOT;;TOP;FEMININO;EGREY;FEMININO;;;PP/P/M/G/GG/EXG/EGG/EEGG;;2024-10-21
301071;1559;VERÃO;;;;301071 - BLUSA CAPE;;TOP;TOP;;FEMININO;;;PP/P/M/G/GG;BONDUKI LINHAS. FIOS E CONF. LTDA.;2012-05-10
JL091;21626;INDEF - INDEFINIDO;INDEF - INDEFINIDO;;JL091;JL091 - BLUSA CAPUZ;;;;JULIANA LENZ;;;;PP/P/M/G/GG;;2025-05-23
LS005;21669;INDEF - INDEFINIDO;INDEF - INDEFINIDO;;LS005;LS005 - BLUSA CARDIGAN;;;;LA SIRENE;;;;PP/P/M/G/GG;;2025-07-10
00285;303;INVERNO;;;;00285 - BLUSA CARECA ESTAMPADO;;OUTERWEAR;CARDIGAN;LINHA PURA;FEMININO;;;PP/P/M/G/GG;;2010-12-07
A L´AVANCE01;1793;INVERNO;;;A L´AVANCE01;A L´AVANCE01 - BLUSA CARECA TIRA COURO;;TOP;TOP;A.L´AVANCE;FEMININO;;;PP/P/M/G/GG;;2012-10-02
BL0123;1067;INVERNO;;;BL0123;BL0123 - BLUSA CAROLYNE;;TOP;TOP;;FEMININO;;;PP/P/M/G/GG;;2011-11-16
TE000009;521;VERÃO;2011;SS11;;TE000009 - BLUSA CASABLANCA;;TOP;TOP;THELURE;FEMININO;;;PP/P/M/G/GG;;2011-04-26
326050;640;INVERNO;;;326050;326050 - BLUSA CASHMERE;;TOP;FEMININO;EGREY;FEMININO;;;EXP/PP/P/M/G/GG/XG;;2024-10-15
336007;41108;VERÃO;2027;SS27;336007;336007 - BLUSA CETIM SEDA PUNHO TRICOT ADDI;;TOP;BLUSA;GK PARA EGREY;FEMININO;PROPRIA;;34/36/38/40/42/44/46/48;;2026-01-12
EY0024;403;INVERNO;;;;EY0024 - BLUSA CLASSIC;;TOP;TOP;;FEMININO;;;GRADE P M GG;MINAS LÃ COMÉRCIO DE FIOS LTDA.;2011-01-13
PJE01112-1037-002;1337;INVERNO;;;PJE01112-1037-002;PJE01112-1037-002 - BLUSA COLLEGE;;TOP;TOP;PRETORIAN;MASCULINO;;;PP/P/M/G/GG;;2012-02-15
332005;21746;INVERNO;2026;AW26;332005;332005 - BLUSA COLMEIA TRICOT;;TOP;BLUSA;EGREY;FEMININO;PROPRIA;;PP/P/M/G/GG;;2025-09-16
314176;10827;VERÃO;;;314176CAM;314176 - BLUSA COM AMARRAÇÃO NOS PUNHOS;;;CAMISA;;;;;34 AO 48;;2024-10-21
310096;10655;VERÃO;;;310096PRE;310096 - BLUSA COM FIVELA;;;CAMISA;;;;;34 AO 48;;2024-10-21
CASHMERE02;21227;INVERNO;;;;CASHMERE02 - BLUSA COM GOLA, ADULTO, PARA USO FEMININO, MANGA LONGA, 100% CASHMERE (CAXEMIRA), DE MALHA, SEM FORRO, NOS TAMANHOS XP, P, M, G E GG;;;;EGREY;;;;UNICA;;2025-02-13
AP0003;21235;INDEF - INDEFINIDO;INDEF - INDEFINIDO;;AP0003;AP0003 - BLUSA COM MANGA LUVA;;;;APARATTO;;;;PP/P/M/G/GG;;2025-02-19
335090;41791;INVERNO;2027;AW27;335090;335090 - BLUSA COM TRANSPARÊNCIA TRICOT;;TOP;BLUSA;EGREY;FEMININO;PROPRIA;;PP/P/M/G/GG;;2026-09-16
330040;21320;VERÃO;;;330040;330040 - BLUSA COPACABANA MB;;TOP;FEMININO;EGREY;FEMININO;;;34/36/38/40/42/44/46/48;;2025-03-13
317048;11006;VERÃO;;;317048BEG;317048 - BLUSA COSTAS FRANZIDAS;;;CAMISA;;;;;PP/P/M/G/GG/EXG/EGG/EEGG;;2024-10-21
EYV011;745;VERÃO;2011;SS11;;EYV011 - BLUSA COTTON;;TOP;TOP;;FEMININO;;;GRADE P M GG;EE - ADATEX S/A INDL. E COML.;2011-07-07
301050;1517;VERÃO;;;;301050 - BLUSA COTTON;;TOP;TOP;;FEMININO;;;PP/P/M/G/GG;SCALINA S.A;2012-05-10
00023;22;INVERNO;2010;AW10;140015;00023 - BLUSA COURO MANGA;;;FEMININO;;FEMININO;;;GRADE P M GG;;2010-06-02
311194;11853;VERÃO;;;311194;311194 - BLUSA CREPE CAMILA;;;CAMISA;;;;;34/36/38/40/42/44/46/48;;2024-10-21
335011;41740;INVERNO;2027;AW27;335011;335011 - BLUSA CREPE LENÇO REMOVÍVEL;;TOP;BLUSA;EGREY;FEMININO;PROPRIA;;34/36/38/40/42/44/46/48;;2026-09-02
329069;256;INVERNO;;;329069;329069 - BLUSA CREPE MANGA PREGAS;;TOP;FEMININO;EGREY;FEMININO;;;34/36/38/40/42/44/46/48;;2024-10-14
319046;11097;VERÃO;;;319046OFF;319046 - BLUSA CREPE MANGA VAZADA;;;CAMISA;;;;;34 AO 48;;2024-10-21
338008;41245;INVERNO;2027;AW27;338008;338008 - BLUSA CROPPED CASHEMERE;;TOP;BLUSA;EGREY;FEMININO;PROPRIA;;PP/P/M/G/GG;;2026-02-23
334203;41607;VERÃO;2027;SS27;334203;334203 - BLUSA CROPPED MANGA 3/4 TRICOT;;TOP;BLUSA;EGREY;FEMININO;PROPRIA;;PP/P/M/G/GG;;2026-07-31
325039;12312;VERÃO;;;325039;325039 - BLUSA CROPPED TECNOLÓGICA;;TOP;FEMININO;EGREY;FEMININO;;;34/36/38/40/42/44/46/48;;2024-10-21
334012;41131;VERÃO;2027;SS27;334012;334012 - BLUSA CRUZADA NERVURA TRICOT;;TOP;BLUSA;EGREY;FEMININO;PROPRIA;;PP/P/M/G/GG;;2026-01-29
312025;12775;INDEF - INDEFINIDO;INDEF - INDEFINIDO;;312025;312025 - BLUSA CÍ;;;;EGREY;;;;34/36/38/40/42/44/46/48;;2024-10-24
301066;1549;VERÃO;;;;301066 - BLUSA CÔTE;;TOP;TOP;;FEMININO;;;PP/P/M/G/GG;SCALINA S.A;2012-05-10
301073;1563;VERÃO;;;;301073 - BLUSA D AZUR;;TOP;TOP;;FEMININO;;;PP/P/M/G/GG;BONDUKI LINHAS. FIOS E CONF. LTDA.;2012-05-10
314163;10611;VERÃO;;;314163OFF;314163 - BLUSA DE TRICô;;;CAMISA;;;;;PP/P/M/G/GG/EXG/EGG/EEGG;;2024-10-21
314040;10753;VERÃO;;;314040VIN;314040 - BLUSA DE TRICô;;;CAMISA;;;;;PP/P/M/G/GG/EXG/EGG/EEGG;;2024-10-21
314181;10993;VERÃO;;;314181PRE;314181 - BLUSA DE TRICô;;;CAMISA;;;;;PP/P/M/G/GG/EXG/EGG/EEGG;;2024-10-21
313051;10719;VERÃO;;;313051MAR;313051 - BLUSA DE TRICô COM ABERTURA NAS COSTAS;;;CAMISA;;;;;PP/P/M/G/GG/EXG/EGG/EEGG;;2024-10-21
313006;10617;VERÃO;;;313006PRE;313006 - BLUSA DE TRICô DECOTE V;;;CAMISA;;;;;PP/P/M/G/GG/EXG/EGG/EEGG;;2024-10-21
334030;41192;VERÃO;2027;SS27;334030;334030 - BLUSA DECOTE CANOA TRICOT;;TOP;CAMISETA;EGREY;FEMININO;PROPRIA;;PP/P/M/G/GG;;2026-02-18
LP0004;1001;INVERNO;;;LP0004;LP0004 - BLUSA DECOTE CANOA(MODELO CASHEMERE);;TOP;TOP;LINHA PURA;FEMININO;;;PP/P/M/G/GG;;2011-10-24
LP0005;1003;INVERNO;;;LP0005;LP0005 - BLUSA DECOTE EM V (MODELO RAYON LUREX);;TOP;TOP;LINHA PURA;FEMININO;;;PP/P/M/G/GG;;2011-10-24
325093;12367;VERÃO;;;325093;325093 - BLUSA DECOTE FENDA MANGA;;TOP;FEMININO;EGREY;FEMININO;;;34/36/38/40/42/44/46/48;;2024-10-21
319049;11091;VERÃO;;;319049OFF;319049 - BLUSA DECOTE OVAL;;;CAMISA;;;;;PP/P/M/G/GG/EXG/EGG/EEGG;;2024-10-21
321073;11615;VERÃO;;;321073PRE;321073 - BLUSA DECOTE V COM MANGA;;;CAMISA;;;;;34 AO 48;;2024-10-21
322088;11815;VERÃO;;;322088;322088 - BLUSA DECOTE V MANGA;;TOP;FEMININO;EGREY;FEMININO;;;PP/P/M/G/GG;;2024-10-21
211036;12037;INVERNO;;;211036;211036 - BLUSA DECOTE V SEDA;;TOP;MASCULINO;EGREY;MASCULINO;;;34/36/38/40/42/44/46/48;;2024-10-21
330026;21306;VERÃO;;;330026;330026 - BLUSA DECOTE V TRICOT;;TOP;FEMININO;EGREY;FEMININO;;;PP/P/M/G/GG;;2025-03-12
323041;12073;INVERNO;;;323041;323041 - BLUSA DEGAGÊ;;TOP;FEMININO;EGREY;FEMININO;;;34/36/38/40/42/44/46/48;;2024-10-21
325079;12373;VERÃO;;;325079;325079 - BLUSA DEGAGÊ;;TOP;FEMININO;EGREY;FEMININO;;;34/36/38/40/42/44/46/48;;2024-10-21
325071;12371;VERÃO;;;325071;325071 - BLUSA DEGAGÊ SEDA;;TOP;FEMININO;EGREY;FEMININO;;;34/36/38/40/42/44/46/48;;2024-10-21
313013;10705;VERÃO;;;313013ROX;313013 - BLUSA DIDI TRICOT;;;CAMISA;;;;;PP/P/M/G/GG/EXG/EGG/EEGG;;2024-10-21
330036;21316;VERÃO;;;330036;330036 - BLUSA DOBRAS SEDA;;TOP;FEMININO;EGREY;FEMININO;;;34/36/38/40/42/44/46/48;;2025-03-13
314128;9908;VERÃO;;;314128VIN;314128 - BLUSA DOTS;;;CAMISA;;;;;34 AO 48;;2024-10-21
00271;275;INVERNO;;;;00271 - BLUSA DRAPEADA;;OUTERWEAR;CARDIGAN;BRITISH COLONY;FEMININO;;;GRADE P M GG;;2010-12-01
329074;250;INVERNO;;;329074;329074 - BLUSA DRAPEADA ML;;TOP;FEMININO;EGREY;FEMININO;;;34/36/38/40/42/44/46/48;;2024-10-14
311069;12754;INDEF - INDEFINIDO;INDEF - INDEFINIDO;;311069;311069 - BLUSA DUDU SEDA;;;;EGREY;;;;34/36/38/40/42/44/46/48;;2024-10-24
EY0027;285;INVERNO;;;;EY0027 - BLUSA DUO;;TOP;TOP;;FEMININO;;;GRADE P M GG;;2010-12-06
301079;1629;VERÃO;;;;301079 - BLUSA D´AZUR;;TOP;TOP;EGREY;FEMININO;;;PP/P/M/G/GG;;2012-06-14
EY0010;375;INVERNO;;;;EY0010 - BLUSA E.GREY;;TOP;TOP;;FEMININO;;;GRADE P M GG;SCALINA S.A;2011-01-13
301058;1533;VERÃO;;;;301058 - BLUSA ECLAIR;;TOP;TOP;;FEMININO;;;PP/P/M/G/GG;MINAS LÃ COMÉRCIO DE FIOS LTDA.;2012-05-10
EY0001;291;INVERNO;;;;EY0001 - BLUSA ELO;;;FEMININO;;FEMININO;;;GRADE P M GG;;2010-12-06
301053;1523;VERÃO;;;;301053 - BLUSA EMILIE;;TOP;TOP;;FEMININO;;;PP/P/M/G/GG;MINAS LÃ COMÉRCIO DE FIOS LTDA.;2012-05-10
314150;9922;VERÃO;;;314150UVA;314150 - BLUSA EMMA;;;CAMISA;;;;;34 AO 48;;2024-10-21
315132;10124;VERÃO;;;315132VER;315132 - BLUSA ERIN;;;CAMISA;;;;;34/36/38/40/42/44/46/48;;2024-10-21
313292;12795;INDEF - INDEFINIDO;INDEF - INDEFINIDO;;313292;313292 - BLUSA EYES GEO;;;;EGREY;;;;34/36/38/40/42/44/46/48;;2024-10-24
317059;10519;VERÃO;;;317059OFF;317059 - BLUSA FAIXA LATERAL;;;CAMISA;;;;;PP/P/M/G/GG/EXG/EGG/EEGG;;2024-10-21
315208;9984;VERÃO;;;315208OFF;315208 - BLUSA FERNANDA;;;CAMISA;;;;;34/36/38/40/42/44/46/48;;2024-10-21
315035;10165;VERÃO;;;315035VER;315035 - BLUSA FIRENZE;;;CAMISA;;;;;PP/P/M/G/GG/EXG/EGG/EEGG;;2024-10-21
317204;10879;VERÃO;;;317204VIN;317204 - BLUSA FIRENZE GOLA CANOA;;;CAMISA;;;;;PP/P/M/G/GG/EXG/EGG/EEGG;;2024-10-21
334104;41398;VERÃO;2027;SS27;334104;334104 - BLUSA FLOR;;TOP;BLUSA;EGREY;FEMININO;PROPRIA;;34/36/38/40/42/44/46/48;;2026-03-31
300083;1355;INVERNO;;;300083;300083 - BLUSA FOIL DC;;TOP;TOP;;FEMININO;;;UNICA;;2012-02-24
00084;164;INDEF - INDEFINIDO;2010;;;00084 - BLUSA FOLHAS MANGA CURTA COM BOTÕES;;;;;;;;PP/P/M/G/GG;;2010-07-07
330065;21429;VERÃO;;;330065;330065 - BLUSA FRANZIDA TRICOT;;TOP;FEMININO;EGREY;FEMININO;;;PP/P/M/G/GG;;2025-04-14
330008;21289;VERÃO;;;330008;330008 - BLUSA FRANZIDO LINHO;;TOP;FEMININO;EGREY;FEMININO;;;34/36/38/40/42/44/46/48;;2025-03-12
334023;41158;VERÃO;2027;SS27;334023;334023 - BLUSA FRAQUE;;TOP;BLUSA;EGREY;FEMININO;PROPRIA;;34/36/38/40/42/44/46/48;;2026-02-10
334147;41483;VERÃO;2027;SS27;334147;334147 - BLUSA FRENTE UNICA;;TOP;BLUSA;EGREY;FEMININO;PROPRIA;;34/36/38/40/42/44/46/48;;2026-04-18
330000;21282;VERÃO;;;330000;330000 - BLUSA FRENTE ÚNICA SEDA;;BOTTOM;FEMININO;EGREY;FEMININO;;;PP/P/M/G/GG;;2025-03-12
321041;11541;VERÃO;;;321041;321041 - BLUSA FRISO;;TOP;FEMININO;EGREY;FEMININO;;;PP/P/M/G/GG;;2024-10-21
00208;181;INVERNO;2011;AW11;01;00208 - BLUSA FRUFRU;;;;TECA;;;;PP/P/M/G/GG;;2010-10-07
EYV024;843;VERÃO;2011;SS11;;EYV024 - BLUSA FURADA;;TOP;TOP;;FEMININO;;;GRADE P M GG;MINAS LÃ COMÉRCIO DE FIOS LTDA.;2011-08-03
15.01.0666;559;VERÃO;2011;SS11;;15.01.0666 - BLUSA GLADIADORA;;TOP;TOP;ANIMALE;FEMININO;;;GRADE P M GG;;2011-05-02
318000;10948;VERÃO;;;318000MAR;318000 - BLUSA GLORIA;;;CAMISA;;;;;PP/P/M/G/GG/EXG/EGG/EEGG;;2024-10-21
325025;12337;VERÃO;;;325025;325025 - BLUSA GLÓRIA;;TOP;FEMININO;EGREY;FEMININO;;;PP/P/M/G/GG;;2024-10-21
321077;11491;VERÃO;;;321077OFF;321077 - BLUSA GOLA ALTA;;;CAMISA;;;;;34 AO 48;;2024-10-21
216033;886;INVERNO;;;216033;216033 - BLUSA GOLA ALTA BOTÕES TRICOT;;TOP;MASCULINO;EGREY;MASCULINO;;;PP/P/M/G/GG;;2024-10-15
00108;81;INDEF - INDEFINIDO;2010;;;00108 - BLUSA GOLA ALTA FRANJA PAULA;;;;;;;;GRADE P M GG;;2010-07-21
00004;7;INDEF - INDEFINIDO;2010;;;00004 - BLUSA GOLA ALTA GROSSA;;;;;;;;UNICA;;2010-07-12
332019;21760;INVERNO;2026;AW26;332019;332019 - BLUSA GOLA ALTA LÃ;;TOP;BLUSA;EGREY;FEMININO;PROPRIA;;PP/P/M/G/GG;;2025-09-16
314179ERRADO;10991;INDEF - INDEFINIDO;INDEF - INDEFINIDO;;314179;314179ERRADO - BLUSA GOLA ALTA METALIZADA;;TOP;FEMININO;EGREY;FEMININO;;;34 AO 48;;2024-10-21
314179;12835;INDEF - INDEFINIDO;INDEF - INDEFINIDO;;314179;314179 - BLUSA GOLA ALTA METALIZADA;;TOP;FEMININO;EGREY;FEMININO;;;34/36/38/40/42/44/46/48;;2024-10-25
335034;41702;INVERNO;2027;AW27;335034;335034 - BLUSA GOLA ALTA TRICOT;;TOP;BLUSA;EGREY;FEMININO;PROPRIA;;PP/P/M/G/GG;;2026-09-01
219073;21873;INVERNO;2026;AW26;219073;219073 - BLUSA GOLA ALTA TRICOT LÃ;;TOP;BLUSA;EGREY;;PROPRIA;;PP/P/M/G/GG;;2025-09-19
332041;21779;INVERNO;2026;AW26;332041;332041 - BLUSA GOLA AMPLA VELUDO;;TOP;BLUSA;EGREY;FEMININO;PROPRIA;;UNICA;;2025-09-16
316009;10305;VERÃO;;;316009PRE;316009 - BLUSA GOLA ATENA;;;CAMISA;;;;;PP/P/M/G/GG/EXG/EGG/EEGG;;2024-10-21
332010;21751;INVERNO;2026;AW26;332010;332010 - BLUSA GOLA BOTÕES TRICOT;;TOP;BLUSA;EGREY;FEMININO;PROPRIA;;PP/P/M/G/GG;;2025-09-16
00052;58;INVERNO;2010;AW10;160027;00052 - BLUSA GOLA CANOA BÁSICA;;;;;;;;GRADE P M GG;;2010-06-03
317069;10883;VERÃO;;;317069MAR;317069 - BLUSA GOLA CARECA PREGA COSTAS;;;CAMISA;;;;;PP/P/M/G/GG/EXG/EGG/EEGG;;2024-10-21
0031;1617;VERÃO;;;0031;0031 - BLUSA GOLA CARECA PUNHO;;TOP;TOP;KORDA;MASCULINO;;;GRADE P M GG;;2012-06-13
329097;854;INVERNO;;;329097;329097 - BLUSA GOLA LAÇO;;TOP;FEMININO;EGREY;FEMININO;;;34/36/38/40/42/44/46/48;;2024-10-15
313121;10769;VERÃO;;;313121;313121 - BLUSA GOLA LAÇO EYES;;;CAMISA;;;;;34/36/38/40/42/44/46/48;;2024-10-21
313114;11855;VERÃO;;;313114;313114 - BLUSA GOLA LAÇO LYS;;;CAMISA;;;;;34/36/38/40/42/44/46/48;;2024-10-21
313113;11856;VERÃO;;;313113MAR;313113 - BLUSA GOLA LAÇO ZEBRA;;;CAMISA;;;;;34 AO 48;;2024-10-21
020863;21899;INVERNO;2026;AW26;332052;020863 - BLUSA GOLA LENÇO CASHMERE;;TOP;BLUSA;EGREY;FEMININO;PROPRIA;;PP/P/M/G/GG;;2025-10-03
00042;46;INVERNO;2010;AW10;11005;00042 - BLUSA GOLA MEDIEVAL;;;MASCULINO;;MASCULINO;;;GRADE P M GG;;2010-06-03
00046;50;INVERNO;2010;AW10;140014;00046 - BLUSA GOLA PATAGÔNIA;;;FEMININO;;FEMININO;;;GRADE P M GG;;2010-06-03
326067;12475;INVERNO;;;326067;326067 - BLUSA GOLA SEDA;;TOP;FEMININO;EGREY;FEMININO;;;34/36/38/40/42/44/46/48;;2024-10-21
332052;21787;INVERNO;2026;AW26;332052;332052 - BLUSA GOLA V CASHMERE;;TOP;BLUSA;EGREY;FEMININO;PROPRIA;;PP/P/M/G/GG;;2025-09-16
332071;21907;INVERNO;2026;AW26;332071;332071 - BLUSA GOLA V CURTA TRICOT;;TOP;BLUSA;EGREY;FEMININO;PROPRIA;;PP/P/M/G/GG;;2025-10-06
328114;12837;VERÃO;;;328114;328114 - BLUSA GOLA V TRICOT;;TOP;TOP;EGREY;;;;PP/P/M/G/GG;;2024-10-25
317058;10357;VERÃO;;;317058OFF;317058 - BLUSA GOLA ZíPER;;;CAMISA;;;;;PP/P/M/G/GG/EXG/EGG/EEGG;;2024-10-21
TE000021;547;VERÃO;2011;SS11;TE000021;TE000021 - BLUSA HEART;;TOP;TOP;THELURE;FEMININO;;;PP/P/M/G/GG;;2011-04-26
000263;255;ALTO INVERNO;2010;AW10;;000263 - BLUSA HIPS;;TOP;TOP;;FEMININO;;;UNICA;;2010-11-12
PN00014;629;ALTO INVERNO;2011;AW11;PJE01-230-14;PN00014 - BLUSA I;;TOP;TOP;PRETORIAN;FEMININO;;;PP/P/M/G/GG;;2011-05-30
PN00016;633;ALTO INVERNO;2011;AW11;PJE01-230-16;PN00016 - BLUSA II;;TOP;TOP;PRETORIAN;FEMININO;;;PP/P/M/G/GG;;2011-05-30
PN00017;635;ALTO INVERNO;2011;AW11;PJE01-230-17;PN00017 - BLUSA III;;TOP;TOP;PRETORIAN;FEMININO;;;PP/P/M/G/GG;;2011-05-30
314140;9911;VERÃO;;;314140MAN;314140 - BLUSA INES BETA;;;CAMISA;;;;;34 AO 48;;2024-10-21
316002;10291;VERÃO;;;316002PRE;316002 - BLUSA IRIS;;;CAMISA;;;;;PP/P/M/G/GG/EXG/EGG/EEGG;;2024-10-21
328110;12985;VERÃO;;;328110;328110 - BLUSA JERSEY DRAPEADA;;;;EGREY;;;;34/36/38/40/42/44/46/48;;2024-11-06
335032;41701;INVERNO;2027;AW27;335032;335032 - BLUSA JUSTA BOTÕES TRICOT;;TOP;BLUSA;EGREY;FEMININO;PROPRIA;;PP/P/M/G/GG;;2026-09-01
302014;1869;INVERNO;;;302014;302014 - BLUSA KIEV;;TOP;TOP;EGREY;FEMININO;;;PP/P/M/G/GG;;2012-10-12
00016;14;INVERNO;2010;AW10;130012;00016 - BLUSA L.A;;;;;;;;GRADE P M GG;;2010-06-02
328091;780;VERÃO;2024;SS24;328091;328091 - BLUSA LAÇO;;TOP;FEMININO;EGREY;FEMININO;;;34/36/38/40/42/44/46/48;;2024-10-15
335021;41697;INVERNO;2027;AW27;335021;335021 - BLUSA LENÇO TRICOT;;TOP;BLUSA;EGREY;FEMININO;PROPRIA;;PP/P/M/G/GG;;2026-09-01
332061;21884;INVERNO;2026;AW26;332061;332061 - BLUSA LEVE AMARRAÇÃO;;TOP;BLUSA;EGREY;FEMININO;PROPRIA;;34/36/38/40/42/44/46/48;;2025-09-22
334091;41368;VERÃO;2027;SS27;334091;334091 - BLUSA LEVE DELHI;;TOP;BLUSA;EGREY;FEMININO;PROPRIA;;34/36/38/40/42/44/46/48;;2026-03-20
338005;41242;VERÃO;2027;SS27;338005;338005 - BLUSA LEVE ML DETALHE ANEMÔNAS;;TOP;BLUSA;EGREY;FEMININO;PROPRIA;;34/36/38/40/42/44/46/48;;2026-02-23
334141;41466;VERÃO;2027;SS27;334141;334141 - BLUSA LEVE SEDA;;TOP;BLUSA;EGREY;FEMININO;PROPRIA;;34/36/38/40/42/44/46/48;;2026-04-14
335073;41719;INVERNO;2027;AW27;335073;335073 - BLUSA LEVE SEDA E ALGODÃO;;TOP;BLUSA;EGREY;FEMININO;PROPRIA;;34/36/38/40/42/44/46/48;;2026-09-02
334028;41190;VERÃO;2027;SS27;334028;334028 - BLUSA LEVE SMOKING;;TOP;BLUSA;EGREY;FEMININO;PROPRIA;;34/36/38/40/42/44/46/48;;2026-02-18
326052;296;INVERNO;;;326052;326052 - BLUSA LIGHT;;TOP;FEMININO;EGREY;FEMININO;;;PP/P/M/G/GG;;2024-10-14
326051;642;INVERNO;;;326051;326051 - BLUSA LIGHT BOTÕES;;TOP;FEMININO;EGREY;FEMININO;;;PP/P/M/G/GG;;2024-10-15
326053;644;INVERNO;;;326053;326053 - BLUSA LIGHT DECOTE U;;TOP;FEMININO;EGREY;FEMININO;;;PP/P/M/G/GG;;2024-10-15
332020;21761;INVERNO;2026;AW26;332020;332020 - BLUSA LIGHT NEW;;TOP;BLUSA;EGREY;FEMININO;PROPRIA;;PP/P/M/G/GG;;2025-09-16
317135;10417;VERÃO;;;317135AZU;317135 - BLUSA LILI;;;CAMISA;;;;;34 AO 48;;2024-10-21
315114;10201;VERÃO;;;315114;315114 - BLUSA LISA FENDA;;;CAMISA;;;;;34/36/38/40/42/44/46/48;;2024-10-21
315115;10024;VERÃO;;;315115;315115 - BLUSA LISA OMBRO SÓ;;;CAMISA;;;;;34/36/38/40/42/44/46/48;;2024-10-21
315142;10026;VERÃO;;;315142;315142 - BLUSA LISA PREGA COSTAS;;;CAMISA;;;;;34/36/38/40/42/44/46/48;;2024-10-21
313245;10743;VERÃO;;;313245AZU;313245 - BLUSA LISTRADA DE CAPUZ;;;CAMISA;;;;;34 AO 48;;2024-10-21
TRIX 002;1281;INVERNO;;;TRIX 002;TRIX 002 - BLUSA LISTRADA RAYON COM LÃ;;TOP;TOP;TRIX;FEMININO;;;GRADE P M GG;;2012-01-24
EY0028;283;INVERNO;;;;EY0028 - BLUSA LISTRAS;;TOP;TOP;;FEMININO;;;GRADE P M GG;;2010-12-06
334018;41147;VERÃO;2027;SS27;334018;334018 - BLUSA LISTRAS AMPLA 3/4 TRICOT;;TOP;BLUSA;EGREY;FEMININO;PROPRIA;;PP/P/M/G/GG;;2026-02-04
00017;16;INVERNO;2010;AW10;130011;00017 - BLUSA LISTRAS L.A;;;;;;;;GRADE P M GG;;2010-06-02
00106;77;INDEF - INDEFINIDO;2010;;;00106 - BLUSA LISTRAS PAULA;;;;;;;;UNICA;;2010-07-21
331008;21545;VERÃO;;;331008;331008 - BLUSA LOTO GLÓRIA KALIL;;TOP;FEMININO;GK PARA EGREY;FEMININO;;;PP/P/M/G/GG;;2025-05-05
00299;343;INVERNO;;;TA000003;00299 - BLUSA LTRAS TRANSP;;TOP;TOP;TECA;FEMININO;;;GRADE P M GG;;2010-12-22
331012;21546;VERÃO;;;331012;331012 - BLUSA LUA GLÓRIA KALIL;;TOP;FEMININO;GK PARA EGREY;FEMININO;;;PP/P/M/G/GG;;2025-05-05
EY0020;395;INVERNO;;;;EY0020 - BLUSA LUREX;;TOP;TOP;;FEMININO;;;GRADE P M GG;MINAS LÃ COMÉRCIO DE FIOS LTDA.;2011-01-13
323028;12130;INVERNO;;;323028;323028 - BLUSA LUREX ASSIMÉTRICA;;TOP;FEMININO;EGREY;FEMININO;;;34/36/38/40/42/44/46/48;;2024-10-21
323031;12135;INVERNO;;;323031;323031 - BLUSA LUREX CACHARREL;;TOP;FEMININO;EGREY;FEMININO;;;34/36/38/40/42/44/46/48;;2024-10-21
315126;10237;VERÃO;;;315126PRE;315126 - BLUSA LYS;;;CAMISA;;;;;34 AO 48;;2024-10-21
329082;292;INVERNO;;;329082;329082 - BLUSA M/L LEVE LISTRAS TRICOT;;TOP;FEMININO;EGREY;FEMININO;;;PP/P/M/G/GG;;2024-10-14
309099;12741;INDEF - INDEFINIDO;INDEF - INDEFINIDO;;309099;309099 - BLUSA MALHA ELÔ;;TOP;FEMININO;EGREY;FEMININO;;;34/36/38/40/42/44/46/48;;2024-10-24
PN00018;637;ALTO INVERNO;2011;AW11;PJE01-230-18;PN00018 - BLUSA MANCHADA;;TOP;TOP;PRETORIAN;FEMININO;;;PP/P/M/G/GG;;2011-05-30
100006;21993;PERENE;;;100006;100006 - BLUSA MANGA 3/4;;TOP;BLUSA;EGREY;FEMININO;PROPRIA;;PP/P/M/G/GG;;2025-10-15
332116;22049;INVERNO;2026;AW26;332116;332116 - BLUSA MANGA 3/4 LISTRAS;;TOP;BLUSA;EGREY;FEMININO;PROPRIA;;PP/P/M/G/GG;;2025-10-17
00076;148;VERÃO;2010;SS10;;00076 - BLUSA MANGA 3/4 LUREX;;;;;;;;PP/P/M/G/GG;;2010-07-06
320079;11291;VERÃO;;;320079OFF;320079 - BLUSA MANGA 3/4 TRICOT;;;CAMISA;;;;;PP/P/M/G/GG/EXG/EGG/EEGG;;2024-10-21
334093;41370;VERÃO;2027;SS27;334093;334093 - BLUSA MANGA 3/4 TRICOT;;TOP;BLUSA;EGREY;FEMININO;PROPRIA;;PP/P/M/G/GG;;2026-03-20
332240;41420;INVERNO;;;332240;332240 - BLUSA MANGA 3/4 TRICOT;;TOP;BLUSA;EGREY;FEMININO;PROPRIA;;PP/P/M/G/GG;;2026-04-06
319043;11155;VERÃO;;;319043OFF;319043 - BLUSA MANGA AMPLA;;;CAMISA;;;;;PP/P/M/G/GG/EXG/EGG/EEGG;;2024-10-21
322003;11741;VERÃO;;;322003;322003 - BLUSA MANGA AMPLA AMARRAÇÃO;;TOP;FEMININO;EGREY;FEMININO;;;34/36/38/40/42/44/46/48;;2024-10-21
320056;11284;VERÃO;;;320056PRE;320056 - BLUSA MANGA AMPLA LAÇO SEDA;;;CAMISA;;;;;34 AO 48;;2024-10-21
325096;12365;VERÃO;;;325096;325096 - BLUSA MANGA BUFANTE FAIXA;;TOP;FEMININO;EGREY;FEMININO;;;34/36/38/40/42/44/46/48;;2024-10-21
320096;11357;VERÃO;;;320096OFF;320096 - BLUSA MANGA BUFANTE TRICOT;;;CAMISA;;;;;PP/P/M/G/GG/EXG/EGG/EEGG;;2024-10-21
TR 002;1347;INVERNO;;;TR 002;TR 002 - BLUSA MANGA COR;;TOP;TOP;RAQUEL MATTAR;FEMININO;;;GRADE P M GG;;2012-02-15
JL093;21927;INDEF - INDEFINIDO;;;JL093;JL093 - BLUSA MANGA CURTA;;TOP;BLUSA;JULIANA LENZ;FEMININO;PRIVATE LABEL;;PP/P/M/G/GG;;2025-10-10
00026;26;INVERNO;2010;AW10;160025;00026 - BLUSA MANGA CURTA BÁSICA;;;;;;;;GRADE P M GG;;2010-06-02
00032;34;INVERNO;2010;AW10;150021;00032 - BLUSA MANGA CURTA FOLHAS;;;;;;;;PP/P/M/G/GG;;2010-06-02
315163;10235;VERÃO;;;315163VER;315163 - BLUSA MANGA LONGA AMBER;;;CAMISA;;;;;34 AO 48;;2024-10-21
318028;10915;VERÃO;;;318028MAR;318028 - BLUSA MANGA LONGA DOTS;;;CAMISA;;;;;34 AO 48;;2024-10-21
00034;36;INVERNO;2010;AW10;150022;00034 - BLUSA MANGA LONGA FOLHAS;;;;;;;;GRADE P M GG;;2010-06-02
328060;12659;VERÃO;;;328060;328060 - BLUSA MANGA LONGA RECORTES;;TOP;FEMININO;EGREY;FEMININO;;;34/36/38/40/42/44/46/48;;2024-10-21
328061;12661;VERÃO;;;328061;328061 - BLUSA MANGA LONGA RECORTES SEDA;;TOP;FEMININO;EGREY;FEMININO;;;34/36/38/40/42/44/46/48;;2024-10-21
326104;12559;INVERNO;;;326104;326104 - BLUSA MANGA MORCEGO;;TOP;FEMININO;EGREY;FEMININO;;;34/36/38/40/42/44/46/48;;2024-10-21
320095;11385;VERÃO;;;320095TUR;320095 - BLUSA MANGA MORCEGO TRICOT;;;CAMISA;;;;;PP/P/M/G/GG/EXG/EGG/EEGG;;2024-10-21
329009;284;INVERNO;;;329009;329009 - BLUSA MANGA PREGA TRICOT;;TOP;FEMININO;EGREY;FEMININO;;;PP/P/M/G/GG;;2024-10-14
334057;41217;VERÃO;2027;SS27;334057;334057 - BLUSA MANGA PÊRA;;TOP;BLUSA;EGREY;FEMININO;PROPRIA;;34/36/38/40/42/44/46/48;;2026-02-19
LP0002;997;INVERNO;;;LP0002;LP0002 - BLUSA MANGA RAGLAN FRENTE COURO;;TOP;TOP;LINHA PURA;FEMININO;;;PP/P/M/G/GG;;2011-10-24
311002;11857;VERÃO;;;311002OFF;311002 - BLUSA MANGA TRICOT FURO;;;CAMISA;;;;;PP/P/M/G/GG/EXG/EGG/EEGG;;2024-10-21
305062;41709;INVERNO;2027;AW27;305062;305062 - BLUSA MANGA XADREZ LÃ TRICOT;;TOP;BLUSA;EGREY;FEMININO;PROPRIA;;PP/P/M/G/GG;;2026-09-01
335089;41783;INVERNO;2027;AW27;335089;335089 - BLUSA MANGA XADREZ VICHY LÃ TRICOT;;TOP;BLUSA;EGREY;FEMININO;PROPRIA;;PP/P/M/G/GG;;2026-09-15
313215;10820;VERÃO;;;313215PRE;313215 - BLUSA MANGAS LONGAS;;;CAMISA;;;;;34 AO 48;;2024-10-21
313116;10615;VERÃO;;;313116PRE;313116 - BLUSA MARINA;;;CAMISA;;;;;34 AO 48;;2024-10-21
314092;10855;VERÃO;;;314092MOS;314092 - BLUSA MARINA DECOTE V;;;CAMISA;;;;;34 AO 48;;2024-10-21
313115;11859;VERÃO;;;313115OFF;313115 - BLUSA MARINA ZEBRA;;;CAMISA;;;;;34 AO 48;;2024-10-21
LT0001;1041;INVERNO;;;LT0001;LT0001 - BLUSA MARK;;TOP;TOP;LEFT;FEMININO;;;PP/P/M/G/GG;;2011-10-27
312251;12785;INDEF - INDEFINIDO;INDEF - INDEFINIDO;;312251;312251 - BLUSA MARRIE;;;;EGREY;;;;34/36/38/40/42/44/46/48;;2024-10-24
305059;41736;INVERNO;2027;AW27;305059;305059 - BLUSA MB ACINTURADA;;TOP;BLUSA;EGREY;FEMININO;PROPRIA;;34/36/38/40/42/44/46/48;;2026-09-02
TE000043;947;INVERNO;;;;TE000043 - BLUSA MED;;TOP;TOP;THELURE;FEMININO;;;PP/P/M/G/GG;;2011-10-14
TE000044;949;INVERNO;;;;TE000044 - BLUSA MED ML;;TOP;TOP;THELURE;FEMININO;;;PP/P/M/G/GG;;2011-10-17
EYV005;693;VERÃO;2011;SS11;;EYV005 - BLUSA MEDIEVAL;;TOP;TOP;;FEMININO;;;GRADE P M GG;MINAS LÃ COMÉRCIO DE FIOS LTDA.;2011-06-14
301008;1431;VERÃO;;;;301008 - BLUSA MER;;TOP;TOP;;FEMININO;;;PP/P/M/G/GG;MINAS LÃ COMÉRCIO DE FIOS LTDA.;2012-05-08
00238;225;VERÃO;2010;SS10;;00238 - BLUSA METALICA;;TOP;TOP;;FEMININO;;;GRADE P M GG;;2010-10-26
314085;10610;VERÃO;;;314085PRE;314085 - BLUSA MIA;;;CAMISA;;;;;34/36/38/40/42/44/46/48;;2024-10-21
TE000039;939;INVERNO;;;;TE000039 - BLUSA MISSONI;;TOP;TOP;THELURE;FEMININO;;;PP/P/M/G/GG;;2011-10-14
00239;227;VERÃO;2010;SS10;;00239 - BLUSA MIX LISTRAS;;TOP;TOP;;FEMININO;;;GRADE P M GG;;2010-10-26
15.01.0667;649;ALTO INVERNO;2011;AW11;15.01.0667;15.01.0667 - BLUSA MIX TECIDO TULE;;TOP;TOP;ANIMALE;FEMININO;;;GRADE P M GG;;2011-06-03
335102;41777;INVERNO;2027;AW27;335102;335102 - BLUSA ML RAGLAN TRICOT;;TOP;BLUSA;EGREY;FEMININO;PROPRIA;;PP/P/M/G/GG;;2026-09-14
335070;41774;INVERNO;2027;AW27;335070;335070 - BLUSA ML RAGLAN TRICOT LISTRAS;;TOP;BLUSA;;FEMININO;;;PP/P/M/G/GG;;2026-09-14
334160;41492;VERÃO;2027;SS27;334160;334160 - BLUSA ML SEDA;;TOP;BLUSA;;FEMININO;;;34/36/38/40/42/44/46/48;;2026-04-20
328033;12621;VERÃO;;;328033;328033 - BLUSA ML TRANSPARÊNCIA TRICOT;;TOP;FEMININO;EGREY;FEMININO;;;PP/P/M/G/GG;;2024-10-21
324023;12221;INVERNO;;;324023;324023 - BLUSA ML TRICOT FRANJAS;;TOP;FEMININO;EGREY;FEMININO;;;PP/P/M/G/GG;;2024-10-21
ANGELA01;1631;VERÃO;;;ANGELA01;ANGELA01 - BLUSA MOLDURA;;TOP;TOP;ANGELA MOTTA;FEMININO;;;GRADE P M GG;;2012-06-25
00272;277;INVERNO;;;;00272 - BLUSA NAVY MORCEGO;;TOP;TOP;BRITISH COLONY;FEMININO;;;GRADE P M GG;;2010-12-01
EY0014;383;INVERNO;;;;EY0014 - BLUSA NERVURA;;TOP;TOP;;FEMININO;;;GRADE P M GG;MINAS LÃ COMÉRCIO DE FIOS LTDA.;2011-01-13
TE000048;957;INVERNO;;;;TE000048 - BLUSA NERVURA RAYON;;TOP;TOP;THELURE;FEMININO;;;PP/P/M/G/GG;;2011-10-17
334014;41133;VERÃO;2027;SS27;334014;334014 - BLUSA NERVURA TRICOT;;TOP;BLUSA;EGREY;FEMININO;PROPRIA;;PP/P/M/G/GG;;2026-01-29
301061;1539;VERÃO;;;;301061 - BLUSA NUAGE;;TOP;TOP;;FEMININO;;;PP/P/M/G/GG;MINAS LÃ COMÉRCIO DE FIOS LTDA.;2012-05-10
334022;41152;VERÃO;2027;SS27;334022;334022 - BLUSA NÓ TORCIDO;;TOP;TOP;EGREY;FEMININO;PROPRIA;;34/36/38/40/42/44/46/48;;2026-02-06
312118;12779;INDEF - INDEFINIDO;INDEF - INDEFINIDO;;312118;312118 - BLUSA NÓ TRICOT;;;;EGREY;;;;PP/P/M/G/GG;;2024-10-24
320046;11327;VERÃO;;;320046DOU;320046 - BLUSA OMBRO A OMBRO;;;CAMISA;;;;;PP/P/M/G/GG/EXG/EGG/EEGG;;2024-10-21
330035;21315;VERÃO;;;330035;330035 - BLUSA OMBRO A OMBRO;;TOP;FEMININO;EGREY;FEMININO;;;34/36/38/40/42/44/46/48;;2025-03-13
330015;21296;VERÃO;;;330015;330015 - BLUSA OMBRO A OMBRO TRICOT;;TOP;FEMININO;EGREY;FEMININO;;;PP/P/M/G/GG;;2025-03-12
334032;41194;VERÃO;2027;SS27;334032;334032 - BLUSA OMBRO ASSIMÉTRICO;;TOP;BLUSA;EGREY;FEMININO;PROPRIA;;34/36/38/40/42/44/46/48;;2026-02-18
334070;41195;VERÃO;2027;SS27;334070;334070 - BLUSA OMBRO ASSIMÉTRICO PAETÊ;;TOP;TOP;EGREY;FEMININO;PROPRIA;;34/36/38/40/42/44/46/48;;2026-02-18
319074;12809;INDEF - INDEFINIDO;INDEF - INDEFINIDO;;319074;319074 - BLUSA OMBRO BAFFO;;;;EGREY;;;;PP/P/M/G/GG;;2024-10-24
320032;11267;VERÃO;;;320032OFF;320032 - BLUSA OMBRO CAíDO;;;CAMISA;;;;;34 AO 48;;2024-10-21
321008;11507;VERÃO;;;321008;321008 - BLUSA OMBRO FRANZIDO;;TOP;FEMININO;EGREY;FEMININO;;;34/36/38/40/42/44/46/48;;2024-10-21
318011;10923;VERÃO;;;318011OFF;318011 - BLUSA OMBRO TRICô;;;CAMISA;;;;;PP/P/M/G/GG/EXG/EGG/EEGG;;2024-10-21
315100;10038;VERÃO;;;315100VER;315100 - BLUSA ONDAS FENDA MANGA LONGA;;;CAMISA;;;;;34/36/38/40/42/44/46/48;;2024-10-21
315113;10040;VERÃO;;;315113;315113 - BLUSA ONDAS OMBRO SÓ;;;CAMISA;;;;;34/36/38/40/42/44/46/48;;2024-10-21
315143;10539;VERÃO;;;315143MAR;315143 - BLUSA ONDAS PREGA COSTAS;;;CAMISA;;;;;34/36/38/40/42/44/46/48;;2024-10-21
317136;10419;VERÃO;;;317136FER;317136 - BLUSA OTTOMAN;;;CAMISA;;;;;34 AO 48;;2024-10-21
314019;11861;VERÃO;;;314019MAR;314019 - BLUSA OVERSIZE;;;CAMISA;;;;;PP/P/M/G/GG/EXG/EGG/EEGG;;2024-10-21
EY0013;381;INVERNO;;;;EY0013 - BLUSA OVO;;TOP;TOP;;FEMININO;;;GRADE P M GG;MINAS LÃ COMÉRCIO DE FIOS LTDA.;2011-01-13
326106;12598;INVERNO;;;326106;326106 - BLUSA PAETÊ;;TOP;FEMININO;EGREY;FEMININO;;;34/36/38/40/42/44/46/48;;2024-10-21
00265;261;INVERNO;;;;00265 - BLUSA PATCHWORK ARGYLE;;TOP;TOP;;MASCULINO;;;GRADE P M GG;;2010-11-19
314151;10555;VERÃO;;;314151OFF;314151 - BLUSA PATRICIA;;;CAMISA;;;;;34 AO 48;;2024-10-21
301056;1529;VERÃO;;;;301056 - BLUSA PAUL;;TOP;TOP;;FEMININO;;;PP/P/M/G/GG;MINAS LÃ COMÉRCIO DE FIOS LTDA.;2012-05-10
00281;293;INVERNO;;;;00281 - BLUSA PEDRO EXCLUIDA;;TOP;TOP;;FEMININO;;;GRADE P M GG;;2010-12-06
334061;41229;VERÃO;2027;SS27;334061;334061 - BLUSA PESPONTO MB;;TOP;REGATA;EGREY;FEMININO;PROPRIA;;34/36/38/40/42/44/46/48;;2026-02-20
301067;1551;VERÃO;;;;301067 - BLUSA PIERRE;;TOP;TOP;;FEMININO;;;PP/P/M/G/GG;SCALINA S.A;2012-05-10
326086;12551;INVERNO;;;326086;326086 - BLUSA POIS;;TOP;FEMININO;EGREY;FEMININO;;;34/36/38/40/42/44/46/48;;2024-10-21
PN00005;607;ALTO INVERNO;2011;AW11;PJE01-130-05;PN00005 - BLUSA POLO RETILÍNEA;;TOP;TOP;PRETORIAN;MASCULINO;;;PP/P/M/G/GG;;2011-05-30
PJE-130-06;609;ALTO INVERNO;2011;AW11;PJE01-130-06;PJE-130-06 - BLUSA POLO TRICOT;;TOP;TOP;PRETORIAN;MASCULINO;;;PP/P/M/G/GG;;2011-05-30
328080;773;VERÃO;2024;SS24;328080;328080 - BLUSA POLO TRICOT;;TOP;FEMININO;EGREY;FEMININO;;;PP/P/M/G/GG;;2024-10-15
313042;10973;VERÃO;;;313042MAR;313042 - BLUSA POLO TRICô;;;CAMISA;;;;;PP/P/M/G/GG/EXG/EGG/EEGG;;2024-10-21
332021;21762;INVERNO;2026;AW26;332021;332021 - BLUSA PONCHO LEVE TRICOT;;TOP;BLUSA;EGREY;FEMININO;PROPRIA;;PP/P/M/G/GG;;2025-09-16
AP0006;21238;INDEF - INDEFINIDO;INDEF - INDEFINIDO;;AP0006;AP0006 - BLUSA PONTO ARROZ (ANTONIA);;;;APARATTO;;;;PP/P/M/G/GG;;2025-02-19
00128;123;INVERNO;2010;AW10;;00128 - BLUSA PONTO CRUZ;;;;;;;;UNICA;;2010-08-17
330006;21287;VERÃO;;;330006;330006 - BLUSA PREGAS OMBRO A OMBRO;;TOP;FEMININO;EGREY;FEMININO;;;34/36/38/40/42/44/46/48;;2025-03-12
318056;11053;VERÃO;;;318056TER;318056 - BLUSA PRESENTE;;;CAMISA;;;;;PP/P/M/G/GG/EXG/EGG/EEGG;;2024-10-21
330110;21691;VERÃO;;;330110;330110 - BLUSA PRESENTE 2.0;;TOP;FEMININO;EGREY;FEMININO;;;PP/P/M/G/GG;;2025-08-19
100013;22071;PERENE;;;100013;100013 - BLUSA PRESENTE CLÁSSICA TRICOT;;TOP;BLUSA;EGREY;FEMININO;PROPRIA;;PP/P/M/G/GG;;2025-10-21
334169;41542;VERÃO;2027;SS27;334169;334169 - BLUSA PRESENTE TRICOT;;TOP;BLUSA;EGREY;FEMININO;PROPRIA;;PP/P/M/G/GG;;2026-05-14
322068;11793;VERÃO;;;322068;322068 - BLUSA QUADRADA LISTRADA;;TOP;FEMININO;EGREY;FEMININO;;;PP/P/M/G/GG/EXG/EGG/EEGG;;2024-10-21
321083;11489;VERÃO;;;321083OFF;321083 - BLUSA QUADRADA TRICOT;;;CAMISA;;;;;PP/P/M/G/GG/EXG/EGG/EEGG;;2024-10-21
TE000061;983;INVERNO;;;;TE000061 - BLUSA RABBIT;;TOP;TOP;THELURE;FEMININO;;;PP/P/M/G/GG;;2011-10-19
326096;12555;INVERNO;;;326096;326096 - BLUSA RAGLAN POIS;;TOP;FEMININO;EGREY;FEMININO;;;34/36/38/40/42/44/46/48;;2024-10-21
330020;21501;VERÃO;;;330020;330020 - BLUSA REDE C/ PREGA TRICOT;;TOP;FEMININO;EGREY;FEMININO;;;PP/P/M/G/GG;;2025-04-16
00133;133;;2010;;;00133 - BLUSA REDE MANGA LONGA;;;;;;;;GRADE P M GG;;2010-09-13
83934;563;VERÃO;2011;SS11;83934;83934 - BLUSA REDE RICHARDS;;TOP;TOP;RICHARDS;MASCULINO;;;4;;2011-05-04
329018;297;INVERNO;;;329018;329018 - BLUSA REDE TRICOT;;TOP;;EGREY;;;;PP/P/M/G/GG;;2024-10-14
330034;21314;VERÃO;;;330034;330034 - BLUSA REGATA DEGAGÊ;;TOP;FEMININO;EGREY;FEMININO;;;PP/P/M/G/GG;;2025-03-13
332094;22020;INVERNO;2026;AW26;332094;332094 - BLUSA REGATA DEGAGÊ SEDA;;TOP;BLUSA;EGREY;FEMININO;PROPRIA;;34/36/38/40/42/44/46/48;;2025-10-16
328026;12617;VERÃO;;;328026;328026 - BLUSA REGATA LINHO LISTRAS;;TOP;FEMININO;EGREY;FEMININO;;;34/36/38/40/42/44/46/48;;2024-10-21
330038;21318;VERÃO;;;330038;330038 - BLUSA REGATA SEDA;;TOP;FEMININO;EGREY;FEMININO;;;34/36/38/40/42/44/46/48;;2025-03-13
316003;10293;VERÃO;;;316003PRE;316003 - BLUSA REIA;;;CAMISA;;;;;PP/P/M/G/GG/EXG/EGG/EEGG;;2024-10-21
00254;239;INVERNO;;;;00254 - BLUSA RELEVO;;TOP;TOP;TECA;FEMININO;;;GRADE P M GG;;2010-11-04
TE000016;661;VERÃO;2011;SS11;TE000016;TE000016 - BLUSA RENDA;;TOP;TOP;THELURE;FEMININO;;;PP/P/M/G/GG;;2011-06-07
EYV018;823;VERÃO;2011;SS11;;EYV018 - BLUSA RENDA;;TOP;TOP;;FEMININO;;;GRADE P M GG;SCALINA S.A;2011-07-25
313136;10979;VERÃO;;;313136LIL;313136 - BLUSA RETA COM RECORTES;;;CAMISA;;;;;34 AO 48;;2024-10-21
312049;10685;VERÃO;;;312049PRE;312049 - BLUSA RETA UM OMBRO SÓ;;;CAMISA;;;;;34 AO 48;;2024-10-21
PN00001;599;ALTO INVERNO;2011;AW11;PJE01-130-01;PN00001 - BLUSA RETILÍNEA;;TOP;TOP;PRETORIAN;MASCULINO;;;PP/P/M/G/GG;;2011-05-30
PN00012;619;ALTO INVERNO;2011;AW11;PJE01-130-12;PN00012 - BLUSA RETILÍNEA I;;TOP;TOP;PRETORIAN;MASCULINO;;;PP/P/M/G/GG;;2011-05-30
PN00022;621;ALTO INVERNO;2011;AW11;PJE01-130-22;PN00022 - BLUSA RETILÍNEA II;;TOP;TOP;PRETORIAN;MASCULINO;;;PP/P/M/G/GG;;2011-05-30
332066;21798;INVERNO;2026;AW26;332066;332066 - BLUSA RO 7/8 TRICOT;;TOP;BLUSA;EGREY;FEMININO;PROPRIA;;PP/P/M/G/GG;;2025-09-16
301045;1507;VERÃO;;;;301045 - BLUSA RONET;;TOP;TOP;;FEMININO;;;PP/P/M/G/GG;MINAS LÃ COMÉRCIO DE FIOS LTDA.;2012-05-10
315099;10316;VERÃO;;;315099OFF;315099 - BLUSA SATINE;;;CAMISA;;;;;34 AO 48;;2024-10-21
301030;1477;VERÃO;;;;301030 - BLUSA SCHNEIDER;;TOP;TOP;;FEMININO;;;PP/P/M/G/GG;BONDUKI LINHAS. FIOS E CONF. LTDA.;2012-05-10
301074;1569;VERÃO;;;;301074 - BLUSA SCHNEIDER GOLD;;TOP;TOP;;FEMININO;;;PP/P/M/G/GG;BONDUKI LINHAS. FIOS E CONF. LTDA.;2012-05-11
318058;11051;VERÃO;;;318058OFF;318058 - BLUSA SEDA;;;CAMISA;;;;;34 AO 48;;2024-10-21
319045;11071;VERÃO;;;319045BOR;319045 - BLUSA SEDA;;;CAMISA;;;;;34 AO 48;;2024-10-21
325051;12411;VERÃO;;;325051;325051 - BLUSA SEDA;;TOP;FEMININO;EGREY;FEMININO;;;34/36/38/40/42/44/46/48;;2024-10-21
332058;21792;INVERNO;2026;AW26;332058;332058 - BLUSA SEDA FRANZIDO;;TOP;BLUSA;EGREY;FEMININO;PROPRIA;;34/36/38/40/42/44/46/48;;2025-09-16
335017;41767;INVERNO;2027;AW27;335017;335017 - BLUSA SEDA FRENTE ÚNICA LUREX;;TOP;BLUSA;EGREY;FEMININO;PROPRIA;;34/36/38/40/42/44/46/48;;2026-09-14
335016;41731;INVERNO;2027;AW27;335016;335016 - BLUSA SEDA PREGAS ASSIMÉTRICA;;TOP;BLUSA;EGREY;FEMININO;PROPRIA;;34/36/38/40/42/44/46/48;;2026-09-02
AP0004;21236;INDEF - INDEFINIDO;INDEF - INDEFINIDO;;AP0004;AP0004 - BLUSA SEM MANGA;;;;APARATTO;;;;PP/P/M/G/GG;;2025-02-19
314122;9904;VERÃO;;;314122OFF;314122 - BLUSA SOFIA;;;CAMISA;;;;;34 AO 48;;2024-10-21
301020;1457;VERÃO;;;;301020 - BLUSA SOLEIL;;TOP;TOP;;FEMININO;;;PP/P/M/G/GG;MINAS LÃ COMÉRCIO DE FIOS LTDA.;2012-05-10
301020 B;1785;VERÃO;;;301020 B;301020 B - BLUSA SOLEIL;;;FEMININO;EGREY;FEMININO;;;PP/P/M/G/GG;;2012-09-26
301021;1459;VERÃO;;;;301021 - BLUSA SOLEIL LUREX;;TOP;TOP;;FEMININO;;;PP/P/M/G/GG;MINAS LÃ COMÉRCIO DE FIOS LTDA.;2012-05-10
302010;1831;INVERNO;;;302010;302010 - BLUSA SOVIETE;;TOP;TOP;EGREY;FEMININO;;;PP/P/M/G/GG;;2012-10-12
JL040;21202;INDEF - INDEFINIDO;INDEF - INDEFINIDO;;JL040;JL040 - BLUSA SQUARE;;;;JULIANA LENZ;;;;PP/P/M/G/GG;;2025-01-22
301049;1515;VERÃO;;;;301049 - BLUSA ST.TROPEZ;;TOP;TOP;;FEMININO;;;PP/P/M/G/GG;SCALINA S.A;2012-05-10
300077;1321;INVERNO;;;;300077 - BLUSA STEIN BRUMA;;TOP;TOP;;FEMININO;;;PP/P/M/G/GG;PARAMOUNT TEXTEIS IND. E COMÉRCIO S.A.;2012-02-14
300078;1323;INVERNO;;;;300078 - BLUSA TATLIN BRUMA;;TOP;TOP;;FEMININO;;;PP/P/M/G/GG;PARAMOUNT TEXTEIS IND. E COMÉRCIO S.A.;2012-02-14
TE000046;953;INVERNO;;;;TE000046 - BLUSA TAXAS;;TOP;TOP;THELURE;FEMININO;;;PP/P/M/G/GG;;2011-10-17
316004;10295;VERÃO;;;316004PRE;316004 - BLUSA TEIA;;;CAMISA;;;;;PP/P/M/G/GG/EXG/EGG/EEGG;;2024-10-21
MADRIH 003;1291;INVERNO;;;MADRIH 003;MADRIH 003 - BLUSA TERESA;;TOP;TOP;MADRIH;FEMININO;;;34 AO 44;;2012-01-30
315097;10609;VERÃO;;;315097PRE;315097 - BLUSA TERESA;;;CAMISA;;;;;34 AO 48;;2024-10-21
315162;10211;VERÃO;;;315162;315162 - BLUSA THEA;;;CAMISA;;;;;34/36/38/40/42/44/46/48;;2024-10-21
RELO TR 0002;1275;INVERNO;;;RELO TR 0002;RELO TR 0002 - BLUSA TR 0002;;TOP;TOP;REINALDO LOURENÇO;FEMININO;;;GRADE P M GG;;2012-01-17
RELO TR 0008;1277;INVERNO;;;RELO TR 0008;RELO TR 0008 - BLUSA TR 0008;;TOP;TOP;REINALDO LOURENÇO;FEMININO;;;GRADE P M GG;;2012-01-17
322041;11771;VERÃO;;;322041;322041 - BLUSA TRANSPARENCIA TRICOT;;TOP;FEMININO;EGREY;FEMININO;;;PP/P/M/G/GG/EXG/EGG/EEGG;;2024-10-21
323005;12115;INVERNO;;;323005;323005 - BLUSA TRANSPARÊNCIA CREPE;;TOP;FEMININO;EGREY;FEMININO;;;34/36/38/40/42/44/46/48;;2024-10-21
317143;10355;VERÃO;;;317143PRE;317143 - BLUSA TRANSPASSADA;;;CAMISA;;;;;34 AO 48;;2024-10-21
315124;10187;VERÃO;;;315124MIL;315124 - BLUSA TRANSPASSADA SATINE;;;CAMISA;;;;;34/36/38/40/42/44/46/48;;2024-10-21
319072;11195;VERÃO;;;319072MAR;319072 - BLUSA TRANSPASSE ML;;;CAMISA;;;;;PP/P/M/G/GG/EXG/EGG/EEGG;;2024-10-21
EY0008;371;INVERNO;;;;EY0008 - BLUSA TRANÇA GOLA;;TOP;TOP;;FEMININO;;;GRADE P M GG;MINAS LÃ COMÉRCIO DE FIOS LTDA.;2011-01-13
326057ERRADO;652;INVERNO;;;326057;326057ERRADO - BLUSA TRICOLINE ALGODÃO;;TOP;FEMININO;EGREY;FEMININO;;;34 AO 44;;2024-10-15
326057;1172;INVERNO;;;326057;326057 - BLUSA TRICOLINE ALGODÃO;;TOP;FEMININO;EGREY;FEMININO;;;34/36/38/40/42/44/46/48;;2024-10-19
322009;11751;VERÃO;;;322009;322009 - BLUSA TRICOLINE FRANZIDA;;TOP;FEMININO;EGREY;FEMININO;;;34/36/38/40/42/44/46/48;;2024-10-21
335009;41738;INVERNO;2027;AW27;335009;335009 - BLUSA TRICOLINE MANGA MC;;TOP;BLUSA;EGREY;FEMININO;PROPRIA;;34/36/38/40/42/44/46/48;;2026-09-02
314017;9864;VERÃO;;;314017OMP;314017 - BLUSA TRICOLOR PEROLA;;;CAMISA;;;;;PP/P/M/G/GG/EXG/EGG/EEGG;;2024-10-21
320104;11383;VERÃO;;;320104PRE;320104 - BLUSA TRICOT;;;CAMISA;;;;;PP/P/M/G/GG/EXG/EGG/EEGG;;2024-10-21
323090;12395;INVERNO;;;323090;323090 - BLUSA TRICOT AMPLA TRICOLOR;;TOP;FEMININO;EGREY;FEMININO;;;PP/P/M/G/GG/EXG/EGG/EEGG;;2024-10-21
325042;12410;VERÃO;;;325042;325042 - BLUSA TRICOT BATEAU;;TOP;FEMININO;EGREY;FEMININO;;;PP/P/M/G/GG;;2024-10-21
326009;12511;INVERNO;;;326009;326009 - BLUSA TRICOT CANELADA BOTõES;;TOP;FEMININO;EGREY;FEMININO;;;PP/P/M/G/GG;;2024-10-21
325080;12369;VERÃO;;;325080;325080 - BLUSA TRICOT CAVA LONGA;;TOP;FEMININO;EGREY;FEMININO;;;PP/P/M/G/GG;;2024-10-21
T001V26;22094;;;;;T001V26 - BLUSA TRICOT COM RENDA;;;;ALCHEMYA;;;;PP/P/M/G/GG;;2025-10-27
323034;12129;INVERNO;;;323034;323034 - BLUSA TRICOT DECOTE LACE;;TOP;FEMININO;EGREY;FEMININO;;;PP/P/M/G/GG/EXG/EGG/EEGG;;2024-10-21
324004;12223;INVERNO;;;324004;324004 - BLUSA TRICOT DECOTE V;;TOP;FEMININO;EGREY;FEMININO;;;PP/P/M/G/GG;;2024-10-21
329109;21223;INVERNO;;;329109;329109 - BLUSA TRICOT DECOTE V;;TOP;FEMININO;EGREY;FEMININO;;;PP/P/M/G/GG;;2025-02-12
324003;12145;INVERNO;;;324003;324003 - BLUSA TRICOT FAIXAS CRUZADAS;;TOP;FEMININO;EGREY;FEMININO;;;PP/P/M/G/GG;;2024-10-21
0006175;1035;INVERNO;;;0006175;0006175 - BLUSA TRICOT GOTA COSTAS;;;FEMININO;RESERVA;FEMININO;;;PP/P/M/G/GG;;2011-10-27
323075;568;INVERNO;;;323075;323075 - BLUSA TRICOT LIGHT;;TOP;FEMININO;EGREY;FEMININO;;;PP/P/M/G/GG;;2024-10-15
328130;1008;VERÃO;;;328130;328130 - BLUSA TRICOT LISTRAS MANGA;;TOP;TOP;EGREY;FEMININO;;INDEFINIDO;PP/P/M/G/GG;;2024-10-16
324005;12146;INVERNO;;;324005;324005 - BLUSA TRICOT LUREX;;OUTERWEAR;FEMININO;EGREY;FEMININO;;;PP/P/M/G/GG;;2024-10-21
240015;41633;INVERNO;2027;AW27;240015;240015 - BLUSA TRICOT LÃ;;TOP;BLUSA;EGREY;MASCULINO;PROPRIA;;PP/P/M/G/GG;;2026-08-17
328127;12721;VERÃO;;;328127;328127 - BLUSA TRICOT MANGA;;TOP;TOP;EGREY;;;INDEFINIDO;PP/P/M/G/GG;;2024-10-23
329002;268;INVERNO;;;329002;329002 - BLUSA TRICOT MANGA 3/4;;TOP;FEMININO;EGREY;FEMININO;;;PP/P/M/G/GG;;2024-10-14
325026;12333;VERÃO;;;325026;325026 - BLUSA TRICOT OMBRO A OMBRO BOTõES;;TOP;FEMININO;EGREY;FEMININO;;;PP/P/M/G/GG;;2024-10-21
323016;12103;INVERNO;;;323016;323016 - BLUSA TRICOT OMBRO CAíDO;;TOP;FEMININO;EGREY;FEMININO;;;PP/P/M/G/GG/EXG/EGG/EEGG;;2024-10-21
325083;12345;VERÃO;;;325083;325083 - BLUSA TRICOT REDE;;TOP;FEMININO;EGREY;FEMININO;;;PP/P/M/G/GG;;2024-10-21
326003;12485;INVERNO;;;326003;326003 - BLUSA TRICOT REDE MANGA BUFANTE;;TOP;FEMININO;EGREY;FEMININO;;;PP/P/M/G/GG;;2024-10-21
323013;12047;INVERNO;;;323013;323013 - BLUSA TRICOT RISCA DE GIZ;;TOP;FEMININO;EGREY;FEMININO;;;PP/P/M/G/GG;;2024-10-21
219069;21869;INVERNO;2026;AW26;219069;219069 - BLUSA TRICOT TEXTURA;;TOP;BLUSA;EGREY;MASCULINO;PROPRIA;;PP/P/M/G/GG;;2025-09-19
325064;12303;VERÃO;;;325064;325064 - BLUSA TRICOT TRANSPASSE;;TOP;FEMININO;EGREY;FEMININO;;;PP/P/M/G/GG;;2024-10-21
323058;12097;INVERNO;;;323058;323058 - BLUSA TRICOT ZEBRA;;TOP;FEMININO;EGREY;FEMININO;;;PP/P/M/G/GG/EXG/EGG/EEGG;;2024-10-21
300076;1309;INVERNO;;;;300076 - BLUSA TROTSKY SERIDÓ;;TOP;TOP;;FEMININO;;;GRADE P M GG;MINAS LÃ COMÉRCIO DE FIOS LTDA.;2012-02-02
301037;1491;VERÃO;;;;301037 - BLUSA V DELON;;TOP;TOP;;FEMININO;;;PP/P/M/G/GG;BONDUKI LINHAS. FIOS E CONF. LTDA.;2012-05-10
328062;756;VERÃO;2024;SS24;328062;328062 - BLUSA V MANGA CREPE;;INTEIROS;VESTIDO;EGREY;FEMININO;;;34/36/38/40/42/44/46/48;;2024-10-15
329103;21124;INVERNO;;;329103;329103 - BLUSA VANDOME CANELADA;;TOP;FEMININO;EGREY;FEMININO;;;PP/P/M/G/GG;;2024-12-09
318007;10960;VERÃO;;;318007OFF;318007 - BLUSA VAZADA;;;CAMISA;;;;;PP/P/M/G/GG/EXG/EGG/EEGG;;2024-10-21
314062;10619;VERÃO;;;314062;314062 - BLUSA VICK;;;CAMISA;;;;;34/36/38/40/42/44/46/48;;2024-10-21
315021;10247;VERÃO;;;315021OFF;315021 - BLUSA VICKY LISTRAS;;;CAMISA;;;;;PP/P/M/G/GG/EXG/EGG/EEGG;;2024-10-21
326111;21185;INVERNO;;;326111;326111 - BLUSA VISTA TRICOLINE;;;;EGREY;;;;34/36/38/40/42/44/46/48;;2025-01-15
LP0003;999;INVERNO;;;LP0003;LP0003 - BLUSA VIVO COURO FRENTE BOTÕES DE PRESSÃO COSTAS;;TOP;TOP;LINHA PURA;FEMININO;;;PP/P/M/G/GG;;2011-10-24
239000;41123;VERÃO;2027;SS27;239000;239000 - BLUSA XADREZ TRICOT;;TOP;BLUSA;EGREY;MASCULINO;PROPRIA;;PP/P/M/G/GG;;2026-01-23
EYV015;761;VERÃO;2011;SS11;;EYV015 - BLUSA Z MASTER;;TOP;TOP;;FEMININO;;;GRADE P M GG;SCALINA S.A;2011-07-13
TE000026;755;VERÃO;2011;SS11;TE000026;TE000026 - BLUSA ZIRI;;TOP;TOP;THELURE;FEMININO;;;PP/P/M/G/GG;;2011-07-11
0008366;1729;INVERNO;;;0008366;0008366 - BLUSAO TRICOT LUREX;;TOP;TOP;EVA;FEMININO;;;GRADE P M GG;;2012-09-05
EY0005;365;INVERNO;;;;EY0005 - BLUSÃO TRANÇA;;TOP;TOP;;FEMININO;;;GRADE P M GG;MINAS LÃ COMÉRCIO DE FIOS LTDA.;2011-01-13
360315002;1071;INVERNO;;;360315002;360315002 - BLUSÃO TRICOT TRANÇA;;;FEMININO;HUIS CLOS;FEMININO;;;PP/P/M/G/GG;;2011-11-18
216042;980;INVERNO;;;216042;216042 - BOAT SHOES;;ACESSÓRIOS;MASCULINO;EGREY;MASCULINO;;;33/34/35/36/37/38/39/40/4;;2024-10-15
330084;21448;VERÃO;;;330084;330084 - BOAT SHOES;;SAPATOS;FEMININO;EGREY;FEMININO;;;33/34/35/36/37/38/39/40/4;;2025-04-14
217057;21524;VERÃO;;;217057;217057 - BOAT SHOES;;SAPATOS;MASCULINO;EGREY;MASCULINO;;;38/39/40/41/42/43/44;;2025-04-23
330084M;21615;VERÃO;;;330084;330084M - BOAT SHOES;;SAPATOS;FEMININO;EGREY;FEMININO;;;UNICA;;2025-05-21
217057M;21618;VERÃO;;;217057;217057M - BOAT SHOES;;SAPATOS;MASCULINO;EGREY;MASCULINO;;;UNICA;;2025-05-21
315017;10043;VERÃO;;;315017ROS;315017 - BODY ARGOLA COSTAS;;;CAMISA;;;;;PP/P/M/G/GG/EXG/EGG/EEGG;;2024-10-21
311185;11863;VERÃO;;;311185AZU;311185 - BODY BARCELONA VERÃO;;;CAMISA;;;;;PP/P/M/G/GG/EXG/EGG/EEGG;;2024-10-21
313019;10563;VERÃO;;;313019OFF;313019 - BODY CAMISA MANGAS LONGAS;;;CAMISA;;;;;PP/P/M/G/GG/EXG/EGG/EEGG;;2024-10-21
315013;10255;VERÃO;;;315013AZU;315013 - BODY CANELADO;;;CAMISA;;;;;PP/P/M/G/GG/EXG/EGG/EEGG;;2024-10-21
314037;9870;VERÃO;;;314037VIN;314037 - BODY CAVA;;;CAMISA;;;;;PP/P/M/G/GG/EXG/EGG/EEGG;;2024-10-21
330096;21498;VERÃO;;;330096;330096 - BODY CAVA ABERTA TRICOT;;TOP;FEMININO;EGREY;FEMININO;;;PP/P/M/G/GG;;2025-04-16
329061;312;INVERNO;;;329061;329061 - BODY CAVADO TRICOT;;TOP;BODY;EGREY;FEMININO;;INDEFINIDO;PP/P/M/G/GG;;2024-10-14
332079;21921;INVERNO;2026;AW26;332079;332079 - BODY COM PONCHO LEVE TRICOT;;TOP;BODY;EGREY;FEMININO;PROPRIA;;PP/P/M/G/GG;;2025-10-07
315015;10181;VERÃO;;;315015PRE;315015 - BODY COSTAS;;;CAMISA;;;;;PP/P/M/G/GG/EXG/EGG/EEGG;;2024-10-21
313003;10603;VERÃO;;;313003MAR;313003 - BODY DE TRICô;;;CAMISA;;;;;PP/P/M/G/GG/EXG/EGG/EEGG;;2024-10-21
313048;10717;VERÃO;;;313048PRE;313048 - BODY DE TRICô;;;CAMISA;;;;;PP/P/M/G/GG/EXG/EGG/EEGG;;2024-10-21
314164;10561;VERÃO;;;314164PRE;314164 - BODY DE TRICô TRANSPASSADO;;;CAMISA;;;;;PP/P/M/G/GG/EXG/EGG/EEGG;;2024-10-21
321080;11469;VERÃO;;;321080OFF;321080 - BODY DECOTE COSTAS TRICOT;;;CAMISA;;;;;PP/P/M/G/GG/EXG/EGG/EEGG;;2024-10-21
334003;41113;VERÃO;2027;SS27;334003;334003 - BODY DECOTE COSTAS TRICOT;;TOP;BODY;EGREY;FEMININO;PROPRIA;;PP/P/M/G/GG;;2026-01-13
322037;11769;VERÃO;;;322037;322037 - BODY DECOTE MAIO;;TOP;FEMININO;EGREY;FEMININO;;;PP/P/M/G/GG/EXG/EGG/EEGG;;2024-10-21
334033;41196;VERÃO;2027;SS27;334033;334033 - BODY DECOTE PROFUNDO;;TOP;BODY;EGREY;FEMININO;PROPRIA;;34/36/38/40/42/44/46/48;;2026-02-18
334071;41197;VERÃO;2027;SS27;334071;334071 - BODY DECOTE PROFUNDO PAETÊ;;TOP;BODY;EGREY;FEMININO;PROPRIA;;34/36/38/40/42/44/46/48;;2026-02-18
334042;41207;VERÃO;2027;SS27;334042;334042 - BODY DECOTE QUADRADO TRICOT;;TOP;BODY;EGREY;FEMININO;PROPRIA;;PP/P/M/G/GG;;2026-02-19
311184;11865;VERÃO;;;311184AZU;311184 - BODY DECOTE V VERÃO;;;CAMISA;;;;;PP/P/M/G/GG/EXG/EGG/EEGG;;2024-10-21
329045;850;INVERNO;;;329045;329045 - BODY EM TRICOLINE;;TOP;FEMININO;EGREY;FEMININO;;;34/36/38/40/42/44/46/48;;2024-10-15
313021;10839;VERÃO;;;313021;313021 - BODY ENCONTROS ALCINHA;;;CAMISA;;;;;PP/P/M/G/GG/EXG/EGG/EEGG;;2024-10-21
338001;41238;INVERNO;2027;AW27;338001;338001 - BODY FAIXA TRICOT;;TOP;BODY;EGREY;FEMININO;PROPRIA;;PP/P/M/G/GG;;2026-02-23
314024OFF;1108;;;;314024OFF;314024OFF - BODY FRANZIDO;;;;;;;;PP/P/M/G/GG;;2024-10-19
314024;11867;VERÃO;;;314024MOS;314024 - BODY FRANZIDO;;;CAMISA;;;;;PP/P/M/G/GG/EXG/EGG/EEGG;;2024-10-21
321011;11547;VERÃO;;;321011;321011 - BODY FRANZIDO BOTÕES;;TOP;FEMININO;EGREY;FEMININO;;;34/36/38/40/42/44/46/48;;2024-10-21
330023;21303;VERÃO;;;330023;330023 - BODY FRENTE ÚNICA TRICOT;;TOP;FEMININO;EGREY;FEMININO;;;PP/P/M/G/GG;;2025-03-12
315014;10030;VERÃO;;;315014PRE;315014 - BODY GOTA FRANZIDO;;;CAMISA;;;;;PP/P/M/G/GG/EXG/EGG/EEGG;;2024-10-21
311207;11869;VERÃO;;;311207CRA;311207 - BODY LISTRADO PRAIA;;;CAMISA;;;;;PP/P/M/G/GG/EXG/EGG/EEGG;;2024-10-21
317064;10423;VERÃO;;;317064PRE;317064 - BODY LUREX;;;CAMISA;;;;;PP/P/M/G/GG/EXG/EGG/EEGG;;2024-10-21
335035;41703;INVERNO;2027;AW27;335035;335035 - BODY M/L DECOTE COSTAS TRICOT;;TOP;BODY;EGREY;FEMININO;PROPRIA;;PP/P/M/G/GG;;2026-09-01
332070;21885;INVERNO;2026;AW26;332070;332070 - BODY MANGA LONGA;;TOP;BODY;EGREY;FEMININO;PROPRIA;;34/36/38/40/42/44/46/48;;2025-09-22
313138;10585;VERÃO;INDEF - INDEFINIDO;;313138;313138 - BODY MONICA;;;CAMISA;EGREY;;;;34/36/38/40/42/44/46/48;;2024-10-21
315145;10189;VERÃO;;;315145;315145 - BODY ONDAS TRANSPASSADO;;;CAMISA;;;;;34/36/38/40/42/44/46/48;;2024-10-21
310053;12745;INDEF - INDEFINIDO;INDEF - INDEFINIDO;;310053;310053 - BODY RAGLAN MANGA LONGA;;TOP;BODY;EGREY;FEMININO;;;PP/P/M/G/GG;;2024-10-24
ON00001;641;VERÃO;2011;SS11;ON00001;ON00001 - BODY RAYON COLLECTION-18;;TOP;BODY;OSKLEN;FEMININO;;;PP/P/M/G/GG;;2011-06-02
312120;10969;VERÃO;;;312120OFF;312120 - BODY SQUARE;;;CAMISA;;;;;PP/P/M/G/GG/EXG/EGG/EEGG;;2024-10-21
313217;10731;VERÃO;;;313217PRE;313217 - BODY THEO;;;CAMISA;;;;;34 AO 48;;2024-10-21
315144;10175;VERÃO;;;315144;315144 - BODY TRANSPASSADO;;;CAMISA;;;;;34/36/38/40/42/44/46/48;;2024-10-21
00263;257;INVERNO;;;;00263 - BODY TRICOT BLOCK;;TOP;BODY;BRITISH COLONY;FEMININO;;;GRADE P M GG;;2010-11-19
BY00001;463;INVERNO;;;;BY00001 - BODY TRICOT LISTRADO;;TOP;BODY;BRITISH COLONY;;;;GRADE P M GG;;2011-02-18
313020;10709;VERÃO;;;313020PRE;313020 - BODY UM OMBRO SÓ;;;CAMISA;;;;;PP/P/M/G/GG/EXG/EGG/EEGG;;2024-10-21
317021;10871;VERÃO;;;317021TER;317021 - BODY UMA MANGA;;;CAMISA;;;;;PP/P/M/G/GG/EXG/EGG/EEGG;;2024-10-21
314039;10605;VERÃO;;;314039;314039 - BODY VICKY;;;CAMISA;;;;;PP/P/M/G/GG/EXG/EGG/EEGG;;2024-10-21
315191;10215;VERÃO;;;315191PRE;315191 - BODY WINGS;;;CAMISA;;;;;PP/P/M/G/GG/EXG/EGG/EEGG;;2024-10-21
00080;156;;2010;;;00080 - BOLERO AJUSTE LADOS;;;;;;;;UNICA;;2010-07-07
332009;21750;INVERNO;2026;AW26;332009;332009 - BOLERO BORDADO TRICOT;;OUTERWEAR;CARDIGAN;EGREY;FEMININO;PROPRIA;;PP/P/M/G/GG;;2025-09-16
00024;33;INDEF - INDEFINIDO;2010;;;00024 - BOLERO FUROS;;;;;;;;GRADE P M GG;;2010-07-13
00058;90;VERÃO;2010;SS10;008080;00058 - BOLERO LIRA LISTRINHA;;;;LEELOO;;;;GRADE P M GG;;2010-06-15
332201;22065;;;;332201;332201 - BOLERO TRICOT;;;;;;;;PP/P/M/G/GG;;2025-10-21
318014;10907;VERÃO;;;318014MAR;318014 - BOLERO TRICô;;;CAMISA;;;;;PP/P/M/G/GG/EXG/EGG/EEGG;;2024-10-21
317194;10341;VERÃO;;;317194TRI;317194 - BOLSA ABAS;;;CAMISA;;;;;UNICA;;2024-10-21
320089;11295;VERÃO;;;320089OFF;320089 - BOLSA ALÇA CORDA;;;CAMISA;;;;;UNICA;;2024-10-21
321015;11526;VERÃO;;;321015;321015 - BOLSA ALÇA CURTA TRESSÊ;;ACESSÓRIOS;FEMININO;EGREY;FEMININO;;;UNICA;;2024-10-21
320151;11527;VERÃO;;;320151PRE;320151 - BOLSA ALÇA CURTA TRESSÊ;;;CAMISA;;;;;UNICA;;2024-10-21
321085;11513;VERÃO;;;321085MAR;321085 - BOLSA ALÇA LONGA;;;CAMISA;;;;;UNICA;;2024-10-21
338009;41246;INVERNO;2027;AW27;338009;338009 - BOLSA ANEMONAS;;ACESSÓRIOS;BOLSA;EGREY;FEMININO;PROPRIA;;UNICA;;2026-02-23
326109;686;INVERNO;;;326109;326109 - BOLSA BAG COURO;;INTEIROS;VESTIDO;EGREY;FEMININO;;;UNICA;;2024-10-15
325100;588;VERÃO;2024;SS24;325100;325100 - BOLSA BAGUETTE;;TOP;FEMININO;EGREY;FEMININO;;;UNICA;;2024-10-15
317193;10343;VERÃO;;;317193BOR;317193 - BOLSA BOX;;;CAMISA;;;;;UNICA;;2024-10-21
325099;12335;VERÃO;;;325099;325099 - BOLSA BUCKET;;ACESSÓRIOS;FEMININO;EGREY;FEMININO;;;UNICA;;2024-10-21
327026;730;VERÃO;2024;SS24;327026;327026 - BOLSA BUCKET PEQUENA;;TOP;FEMININO;EGREY;FEMININO;;;UNICA;;2024-10-15
334138;41463;VERÃO;2027;SS27;334138;334138 - BOLSA BUCKET TRESSE COURO;;ACESSÓRIOS;BOLSA;EGREY;FEMININO;PROPRIA;;UNICA;;2026-04-14
319002;11107;VERÃO;;;319002VER;319002 - BOLSA COURO;;;CAMISA;;;;;UNICA;;2024-10-21
328095;13033;VERÃO;;;328095;328095 - BOLSA ENVELOPE;;ACESSÓRIOS;FEMININO;EGREY;FEMININO;;;UNICA;;2024-11-12
319003;11149;VERÃO;;;319003PRE;319003 - BOLSA FAIXA COURO;;;CAMISA;;;;;UNICA;;2024-10-21
332101;22021;INVERNO;2026;AW26;332101;332101 - BOLSA FLOATER;;ACESSÓRIOS;BOLSA;EGREY;FEMININO;PROPRIA;;UNICA;;2025-10-17
331013;21660;VERÃO;;;331013;331013 - BOLSA GLÓRIA KALIL;;ACESSÓRIOS;FEMININO;GK PARA EGREY;FEMININO;;;UNICA;;2025-06-25
320090;528;ATEMPORAL;2024;;320090;320090 - BOLSA GRANDE;;TOP;FEMININO;EGREY;FEMININO;;;UNICA;;2024-10-15
326088;670;INVERNO;;;326088;326088 - BOLSA GRANDE;;ACESSÓRIOS;FEMININO;EGREY;FEMININO;;;UNICA;;2024-10-15
330089;21453;VERÃO;;;330089;330089 - BOLSA GRANDE;;ACESSÓRIOS;FEMININO;EGREY;FEMININO;;;UNICA;;2025-04-14
334137;41462;VERÃO;2027;SS27;334137;334137 - BOLSA MEDIA PREGAS CAMURÇA;;ACESSÓRIOS;BOLSA;EGREY;FEMININO;PROPRIA;;UNICA;;2026-04-14
212036;12267;VERÃO;;;212036;212036 - BOLSA MINI CARTEIRO;;ACESSÓRIOS;MASCULINO;EGREY;MASCULINO;;;UNICA;;2024-10-21
323039;562;VERÃO;2024;SS24;323039;323039 - BOLSA MÉDIA BUCKET;;BOTTOM;FEMININO;EGREY;FEMININO;;;UNICA;;2024-10-15
322065;11640;VERÃO;;;322065;322065 - BOLSA PEQUENA;;ACESSÓRIOS;FEMININO;EGREY;FEMININO;;;UNICA;;2024-10-21
330090;21454;VERÃO;;;330090;330090 - BOLSA PEQUENA;;ACESSÓRIOS;FEMININO;EGREY;FEMININO;;;UNICA;;2025-04-14
326087;668;INVERNO;;;326087;326087 - BOLSA PEQUENA ALÇA;;ACESSÓRIOS;FEMININO;EGREY;FEMININO;;;UNICA;;2024-10-15
332088;22019;INVERNO;2026;AW26;332088;332088 - BOLSA PEQUENA PREGAS;;ACESSÓRIOS;BOLSA;EGREY;FEMININO;PROPRIA;;UNICA;;2025-10-16
205060;10449;VERÃO;;;205060MAR;205060 - BOLSA SACOLA;;;CAMISA;;;;;UNICA;;2024-10-21
332104;22029;INVERNO;2026;AW26;332104;332104 - BOLSA SHOPPER;;ACESSÓRIOS;BOLSA;EGREY;UNISSEX;PROPRIA;;UNICA;;2025-10-17
318052;11015;VERÃO;;;318052PRE;318052 - BOLSA TIRACOLO DE COURO;;;CAMISA;;;;;UNICA;;2024-10-21
332103;22028;INVERNO;2026;AW26;332103;332103 - BOLSA TOTE;;ACESSÓRIOS;BOLSA;EGREY;FEMININO;PROPRIA;;UNICA;;2025-10-17
334136;41461;VERÃO;2027;SS27;334136;334136 - BOLSA TOTE COURO;;ACESSÓRIOS;BOLSA;EGREY;FEMININO;PROPRIA;;UNICA;;2026-04-14
332089;22010;INVERNO;2026;AW26;332089;332089 - BOLSA TRESSE;;ACESSÓRIOS;BOLSA;EGREY;FEMININO;PROPRIA;;UNICA;;2025-10-16
334152;41464;VERÃO;2027;SS27;334152;334152 - BOLSA WEEKEND CAMURÇA;;ACESSÓRIOS;BOLSA;EGREY;FEMININO;PROPRIA;;UNICA;;2026-04-14
ISHA14;41323;;;;;ISHA14 - BOLSA, 100% COURO, COM ALÇAS NA COR AZUL - MARCA EGREY;;;;;;;;UNICA;;2026-03-17
ISHA15;41324;;;;;ISHA15 - BOLSA, 100% COURO, COM ALÇAS NA COR MARROM - MARCA EGREY;;;;;;;;UNICA;;2026-03-17
ISHA16;41325;;;;;ISHA16 - BOLSA, 100% COURO, COM ALÇAS NA COR VERDE - MARCA EGREY;;;;;;;;UNICA;;2026-03-17
216034;878;INVERNO;;;216034;216034 - BOMBER TRICOT;;OUTERWEAR;MASCULINO;EGREY;MASCULINO;;;PP/P/M/G/GG;;2024-10-15
207030;11223;VERÃO;;;207030;207030 - BOTA CAMURÇA;;;CAMISA;;;;;33/34/35/36/37/38/39/40/4;;2024-10-21
323068;12105;INVERNO;;;323068;323068 - BOTA CANO ALTO;;SAPATOS;FEMININO;EGREY;FEMININO;;;34/35/36/37/38/39/40;;2024-10-21
326069;12533;INVERNO;;;326069;326069 - BOTA CANO ALTO;;ACESSÓRIOS;FEMININO;EGREY;FEMININO;;;34/35/36/37/38/39/40;;2024-10-21
332111;22037;INVERNO;2026;AW26;332111;332111 - BOTA CANO ALTO;;CALÇADOS;BOTA;EGREY;FEMININO;PROPRIA;;33/34/35/36/37/38/39/40/4;;2025-10-17
323038;12093;INDEF - INDEFINIDO;INDEF - INDEFINIDO;;323038;323038 - BOTA CHELSEA;;SAPATOS;FEMININO;EGREY;FEMININO;;;33/34/35/36/37/38/39/40/4;;2024-10-21
209035;1120;INDEF - INDEFINIDO;INDEF - INDEFINIDO;;209035;209035 - BOTA COURO;;ACESSÓRIOS;MASCULINO;EGREY;MASCULINO;;;39/40/41/42/43/44/45;;2024-10-19
211037ERRADO;390;INVERNO;;;211037;211037ERRADO - BOTA COURO DOUBLE FACE;;SAPATOS;MASCULINO;EGREY;MASCULINO;;;033;;2024-10-15
211037;1122;INDEF - INDEFINIDO;INDEF - INDEFINIDO;;211037;211037 - BOTA COURO DOUBLE FACE;;SAPATOS;MASCULINO;EGREY;MASCULINO;;;39/40/41/42/43/44/45;;2024-10-19
317192;10887;VERÃO;;;317192PRE;317192 - BOTA COURO E TRICôT;;;CAMISA;;;;;34 AO 48;;2024-10-21
321081;11551;VERÃO;;;321081;321081 - BOTA FEMININA;;;CAMISA;;;;;33/34/35/36/37/38/39/40/4;;2024-10-21
313194;10809;VERÃO;;;313194BEG;313194 - BOTA TRICOT;;;CAMISA;;;;;34 AO 48;;2024-10-21
314162;11871;VERÃO;;;314162PRE;314162 - BOTA TRICOT;;;CAMISA;;;;;34 AO 48;;2024-10-21
338011;41248;INVERNO;2027;AW27;338011;338011 - BOTA VERNIZ CANO ALTO;;CALÇADOS;BOTA;EGREY;FEMININO;PROPRIA;;33/34/35/36/37/38/39/40/4;;2026-02-23
316035;10313;VERÃO;;;316035DOU;316035 - BRACELETE AFRODITE;;ACESSÓRIOS;JOIAS;;;;;UNICA;;2024-10-21
330128;22154;VERÃO;2026;SS26;330128;330128 - BRACELETE BOTÃO DE ROSA;;ACESSÓRIOS;JOIAS;MANECA;FEMININO;CONSIGNADO;;UNICA;;2025-11-25
326117;698;INVERNO;;;326117;326117 - BRACELETE COPO DE LEITE;;ACESSÓRIOS;JOIAS;EGREY;FEMININO;;;UNICA;;2024-10-15
319001;520;ATEMPORAL;2024;;319001;319001 - BRACELETE EMARANHADO;;ACESSÓRIOS;JOIAS;EGREY;FEMININO;;;UNICA;;2024-10-15
330122;22100;VERÃO;2026;SS26;320122;330122 - BRACELETE FRISO;;ACESSÓRIOS;JOIAS;MANECA;FEMININO;CONSIGNADO;;UNICA;;2025-10-27
325126;596;VERÃO;2024;SS24;325126;325126 - BRACELETE IMAGO DEFORM STATE;;ACESSÓRIOS;JOIAS;EGREY;FEMININO;;;UNICA;;2024-10-15
318061;11033;VERÃO;;;318061PRA;318061 - BRACELETE INCIDENCE;;ACESSÓRIOS;JOIAS;;;;;UNICA;;2024-10-21
314188;9930;VERÃO;;;314188PCD;314188 - BRACELETE NODI PRATA COM DOURADO;;ACESSÓRIOS;JOIAS;;;;;UNICA;;2024-10-21
328148;21112;INDEF - INDEFINIDO;INDEF - INDEFINIDO;;328148;328148 - BRACELETE OURO IMAGO DEFORM STATE;;ACESSÓRIOS;JOIAS;MANECA;FEMININO;;;UNICA;;2024-12-05
314189;10821;VERÃO;;;314189PRA;314189 - BRACELETE SUMUS;;ACESSÓRIOS;JOIAS;;;;;UNICA;;2024-10-21
328150;21147;VERÃO;;;328150;328150 - BRACELETE ÁGUA DOURADO;;ACESSÓRIOS;JOIAS;MANECA;FEMININO;;;UNICA;;2024-12-18
328167;21651;INVERNO;;;328167;328167 - BRACELETE ÁGUA PRATA;;ACESSÓRIOS;JOIAS;EGREY;FEMININO;;;UNICA;;2025-06-18
324016;12153;INVERNO;;;324016;324016 - BRINCO;;ACESSÓRIOS;FEMININO;EGREY;FEMININO;;;UNICA;;2024-10-21
316036;10315;VERÃO;;;316036DOU;316036 - BRINCO AFRODITE;;ACESSÓRIOS;JOIAS;;;;;UNICA;;2024-10-21
500011;41620;ATEMPORAL;;;500011;500011 - BRINCO ANEMONA PEQUENO;BRINCOS;ACESSÓRIOS;JOIAS;MANECA;FEMININO;CONSIGNADO;;UNICA;;2026-08-12
330127;22153;VERÃO;2026;SS26;330127;330127 - BRINCO BOTÃO DE ROSA;BRINCOS;ACESSÓRIOS;JOIAS;EGREY;FEMININO;;;UNICA;;2025-11-25
315223;10160;VERÃO;;;315223PRA;315223 - BRINCO CAULE;;ACESSÓRIOS;JOIAS;;;;;UNICA;;2024-10-21
326114;692;INVERNO;;;326114;326114 - BRINCO DUPLO COPO DE LEITE;;ACESSÓRIOS;JOIAS;EGREY;FEMININO;;;UNICA;;2024-10-15
330123;22101;VERÃO;2026;SS26;330123;330123 - BRINCO FOLHA;;ACESSÓRIOS;JOIAS;MANECA;FEMININO;CONSIGNADO;;UNICA;;2025-10-27
330126;22152;VERÃO;2026;SS26;330126;330126 - BRINCO FRISO;BRINCOS;ACESSÓRIOS;JOIAS;EGREY;FEMININO;;;UNICA;;2025-11-25
330201;41086;VERÃO;2026;SS26;330201;330201 - BRINCO GOTA;BRINCOS;ACESSÓRIOS;JOIAS;MANECA;FEMININO;PROPRIA;;UNICA;;2025-12-19
328158;21170;INDEF - INDEFINIDO;INDEF - INDEFINIDO;;328158;328158 - BRINCO IMAGO DEFORM BABY;;ACESSÓRIOS;JOIAS;MANECA;FEMININO;;;UNICA;;2024-12-20
328149;21113;INDEF - INDEFINIDO;INDEF - INDEFINIDO;;328149;328149 - BRINCO IMAGO OURO DEFORM STATE G;;ACESSÓRIOS;JOIAS;MANECA;FEMININO;;;UNICA;;2024-12-05
500000;41590;INDEF - INDEFINIDO;;;500000;500000 - BRINCO LAÇO G;BRINCOS;ACESSÓRIOS;JOIAS;MANECA;FEMININO;CONSIGNADO;;UNICA;LUIZA MARASCHIM MILITÃO DA SILVA 44523880867;2026-07-21
500001;41591;INDEF - INDEFINIDO;;;500001;500001 - BRINCO LAÇO P;BRINCOS;ACESSÓRIOS;JOIAS;MANECA;FEMININO;CONSIGNADO;;UNICA;LUIZA MARASCHIM MILITÃO DA SILVA 44523880867;2026-07-21
326118;700;INVERNO;;;326118;326118 - BRINCO LONGO COPO DE LEITE;;ACESSÓRIOS;JOIAS;EGREY;FEMININO;;;UNICA;;2024-10-15
328147;21111;INDEF - INDEFINIDO;INDEF - INDEFINIDO;;;328147 - BRINCO NUCLEA PUNK;;ACESSÓRIOS;JOIAS;MANECA;FEMININO;;;UNICA;;2024-12-05
328157;21169;VERÃO;;;328157;328157 - BRINCO NUCLEA STAR P;;ACESSÓRIOS;JOIAS;EGREY;;;;UNICA;;2024-12-20
328156;21168;VERÃO;;;328156;328156 - BRINCO NUCLEA STAR PP;;ACESSÓRIOS;JOIAS;EGREY;;;;UNICA;;2024-12-20
330203;41087;VERÃO;2026;SS26;330203;330203 - BRINCO NUCLEA STAR STATE GRANDE;BRINCOS;ACESSÓRIOS;JOIAS;MANECA;FEMININO;PROPRIA;;UNICA;;2025-12-19
328155;21167;VERÃO;;;328155;328155 - BRINCO PIERCING SPIKE;;ACESSÓRIOS;JOIAS;EGREY;;;;UNICA;;2024-12-20
320152;534;ATEMPORAL;2024;;320152;320152 - BRINCO PUPA DOURADO;;ACESSÓRIOS;JOIAS;EGREY;FEMININO;;;UNICA;;2024-10-15
320142;11443;VERÃO;;;320142PRA;320142 - BRINCO PUPA GRANDE;;ACESSÓRIOS;JOIAS;;;;;UNICA;;2024-10-21
328161;21173;VERÃO;;;328161;328161 - BRINCO PUPA P;;ACESSÓRIOS;JOIAS;;FEMININO;;;UNICA;;2024-12-20
315227;10231;VERÃO;;;315227PRA;315227 - BRINCO PÉTALA;;ACESSÓRIOS;JOIAS;;;;;UNICA;;2024-10-21
328168;21652;INVERNO;;;328168;328168 - BRINCO ÁGUA DOURADO;;ACESSÓRIOS;JOIAS;EGREY;FEMININO;;;UNICA;;2025-06-18
328151;21148;VERÃO;;;328151;328151 - BRINCO ÁGUA PRATA;;ACESSÓRIOS;JOIAS;MANECA;FEMININO;;;UNICA;;2024-12-18
314118;9902;VERÃO;;;314118PRE;314118 - CACHARREL CLASSIC;;;CAMISA;;;;;PP/P/M/G/GG/EXG/EGG/EEGG;;2024-10-21
319048;11219;VERÃO;;;319048PRE;319048 - CACHARREL TRICOT;;;CAMISA;;;;;PP/P/M/G/GG/EXG/EGG/EEGG;;2024-10-21
321091;11497;VERÃO;;;321091PRE;321091 - CACHARREL TRICOT;;;CAMISA;;;;;PP/P/M/G/GG/EXG/EGG/EEGG;;2024-10-21
00463;585;INDEF - INDEFINIDO;2011;;;00463 - CACHECOL (GERAL);;COURO;CACHECOL;INDEFINIDO - INDEFINIDO;;;;UNICA;;2011-05-26
308220;482;ATEMPORAL;2024;;308220;308220 - CACHECOL ALASKA;;TOP;FEMININO;EGREY;FEMININO;;;UNICA;;2024-10-15
00109;83;INDEF - INDEFINIDO;2010;;;00109 - CACHECOL BABADO;;;;;;;;UNICA;;2010-07-21
PN00019;623;ALTO INVERNO;2011;AW11;PJE01-130-19;PN00019 - CACHECOL BELCRYL;;COURO;CACHECOL;PRETORIAN;MASCULINO;;;PP/P/M/G/GG;;2011-05-30
PN00021;627;ALTO INVERNO;2011;AW11;PJE01-133-21;PN00021 - CACHECOL BRITANIA;;COURO;CACHECOL;PRETORIAN;MASCULINO;;;PP/P/M/G/GG;;2011-05-30
326049ERRADO;638;INVERNO;;;326049;326049ERRADO - CACHECOL CASHMERE;;TOP;FEMININO;EGREY;FEMININO;;;PP/P/M/G/GG;;2024-10-15
326049;1164;INVERNO;;;326049;326049 - CACHECOL CASHMERE;;ACESSÓRIOS;FEMININO;EGREY;FEMININO;;;UNICA;;2024-10-19
314196;502;ATEMPORAL;2024;;314196;314196 - CACHECOL CASHMERE C LÃ;;INTEIROS;VESTIDO;EGREY;FEMININO;;;UNICA;;2024-10-15
00201;175;INVERNO;2011;AW11;12;00201 - CACHECOL COLORIDO;;;;MANDI;;;;UNICA;;2010-10-01
PN00020;625;ALTO INVERNO;2011;AW11;PJE01-133-20;PN00020 - CACHECOL FLUTUANTE;;COURO;CACHECOL;PRETORIAN;MASCULINO;;;PP/P/M/G/GG;;2011-05-30
308232;11873;VERÃO;;;308232;308232 - CACHECOL FRANJAS MANUAL;;;CAMISA;;;;;UNICA;;2024-10-21
000202;177;INVERNO;2011;AW11;13;000202 - CACHECOL LISTRADO;;;;MANDI;;;;UNICA;;2010-10-01
00291;315;INVERNO;;;;00291 - CACHECOL LOSANGO;;COURO;CACHECOL;RESERVA;MASCULINO;;;UNICA;;2010-12-07
00132;131;VERÃO;2010;SS10;;00132 - CACHECOL REDE EGREY;;;;;;;;UNICA;;2010-09-09
00269;269;INVERNO;;;;00269 - CADIGAN INFANTIL LISTRAS;;OUTERWEAR;CARDIGAN;THELURE;;;;GRADE P M GG;;2010-11-25
332226;22130;INVERNO;2026;AW26;332226;332226 - CALCA BARRA ITALIANA NEW;;BOTTOM;CALÇA;EGREY;FEMININO;PROPRIA;;34/36/38/40/42/44/46/48;;2025-11-11
332220;22106;INVERNO;2026;AW26;332220;332220 - CALCA BARRA ITALIANA NEW LÃ;;BOTTOM;CALÇA;EGREY;FEMININO;PROPRIA;;34/36/38/40/42/44/46/48;;2025-10-31
332200;22063;INVERNO;2026;AW26;332200;332200 - CALCA CROPPED ALGODÃO;;BOTTOM;CALÇA;EGREY;FEMININO;PROPRIA;;34/36/38/40/42/44/46/48;;2025-10-20
140007;22114;INVERNO;2026;AW26;140007;140007 - CALCA LINHO RELAX;;BOTTOM;CALÇA;EGREY;HOME;PROPRIA;;34/36/38/40/42/44/46/48;;2025-11-05
328022;994;VERÃO;2024;SS24;328022;328022 - CALCA RETA PREGAS LINHO LISTRAS;;BOTTOM;CALÇA;EGREY;FEMININO;;INDEFINIDO;34/36/38/40/42/44/46/48;;2024-10-16
140008;22115;INVERNO;2026;AW26;140008;140008 - CALCA TRICOT RELAX;;BOTTOM;CALÇA;EGREY;HOME;PROPRIA;;34/36/38/40/42/44/46/48;;2025-11-05
003;21176;INDEF - INDEFINIDO;INDEF - INDEFINIDO;;;003 - CALÇA;;;;EGREY;;;;36 AO 44;;2024-12-23
000002;21535;INDEF - INDEFINIDO;INDEF - INDEFINIDO;;;000002 - CALÇA;;;;EGREY;;;;UNICA;;2025-04-25
AP0001;21233;INDEF - INDEFINIDO;INDEF - INDEFINIDO;;AP0001;AP0001 - CALÇA (CONJUNTO);;;;APARATTO;;;;PP/P/M/G/GG;;2025-02-18
325065;12297;VERÃO;;;325065;325065 - CALÇA 5 POCKETS ANIMAL PRINT;;BOTTOM;FEMININO;EGREY;FEMININO;;;34/36/38/40/42/44/46/48;;2024-10-21
329044;238;INVERNO;;;329044;329044 - CALÇA 5 POCKETS COTELE;;BOTTOM;FEMININO;EGREY;FEMININO;;;34/36/38/40/42/44/46/48;;2024-10-14
325066;12299;VERÃO;;;325066;325066 - CALÇA 5 POCKETS SARJA;;BOTTOM;FEMININO;EGREY;FEMININO;;;34/36/38/40/42/44/46/48;;2024-10-21
212017;12425;VERÃO;;;212017;212017 - CALÇA 5 POCKETS TENCEL;;BOTTOM;MASCULINO;EGREY;MASCULINO;;;34/36/38/40/42/44/46/48;;2024-10-21
332027;21768;INVERNO;2026;AW26;332027;332027 - CALÇA AJUSTE  ALGODÃO;;BOTTOM;CALÇA;EGREY;FEMININO;PROPRIA;;34/36/38/40/42/44/46/48;;2025-09-16
239078;41520;VERÃO;2027;SS27;239078;239078 - CALÇA AJUSTE BOTÕES;;BOTTOM;CALÇA;EGREY;MASCULINO;PROPRIA;;34/36/38/40/42/44/46/48;;2026-05-04
213003;12428;INVERNO;;;213003;213003 - CALÇA AJUSTE GORGURÃO;;BOTTOM;MASCULINO;EGREY;MASCULINO;;;34/36/38/40/42/44/46/48;;2024-10-21
314175;9842;VERÃO;;;314175AZP;314175 - CALÇA ALDA;;;CAMISA;;;;;34 AO 48;;2024-10-21
328136;21621;ALTO INVERNO;;;328136;328136 - CALÇA ALFAIATARIA ALGODÃO;;;;EGREY;;;;34/36/38/40/42/44/46/48;;2025-05-21
205014;10900;VERÃO;;;205014MAR;205014 - CALÇA ALFAIATARIA AMPLA CONFORTO;;;CAMISA;;;;;34 AO 48;;2024-10-21
313130;10773;VERÃO;;;313130BEG;313130 - CALÇA ALFAIATARIA BOLSOS;;;CAMISA;;;;;34 AO 48;;2024-10-21
312271;10599;VERÃO;;;312271;312271 - CALÇA ALFAIATARIA CROPPED;;;CAMISA;;;;;34/36/38/40/42/44/46/48;;2024-10-21
205020;10399;VERÃO;;;205020MAR;205020 - CALÇA ALFAIATARIA CÓS ESTREITO;;;CAMISA;;;;;34 AO 48;;2024-10-21
335033;41748;INVERNO;2027;AW27;335033;335033 - CALÇA ALFAIATARIA LÃ;;BOTTOM;CALÇA;EGREY;FEMININO;PROPRIA;;34/36/38/40/42/44/46/48;;2026-09-03
213018ERRADO;412;INVERNO;;;213018;213018ERRADO - CALÇA ALFAIATARIA LÃ FRIA;;BOTTOM;CALÇA;EGREY;MASCULINO;;;39/40/41/42/43/44/45;;2024-10-15
213018;1126;INVERNO;;;213018;213018 - CALÇA ALFAIATARIA LÃ FRIA;;BOTTOM;MASCULINO;EGREY;MASCULINO;;;34/36/38/40/42/44/46/48;;2024-10-19
213017ERRADO;410;INVERNO;;;213017;213017ERRADO - CALÇA ALFAIATARIA SARJA;;BOTTOM;CALÇA;EGREY;MASCULINO;;;39/40/41/42/43/44/45;;2024-10-15
213017;1124;INVERNO;;;213017;213017 - CALÇA ALFAIATARIA SARJA;;BOTTOM;MASCULINO;EGREY;MASCULINO;;;34/36/38/40/42/44/46/48;;2024-10-19
209019;11593;VERÃO;;;209019;209019 - CALÇA ALFAIATARIA SARJA;;BOTTOM;MASCULINO;EGREY;MASCULINO;;;34/36/38/40/42/44/46/48;;2024-10-21
334007;41117;VERÃO;2027;SS27;334007;334007 - CALÇA ALFAIATARIA SLIM;;BOTTOM;CALÇA;EGREY;FEMININO;PROPRIA;;34/36/38/40/42/44/46/48;;2026-01-19
334123;41413;VERÃO;2027;SS27;334123;334123 - CALÇA ALFAIATARIA SLIM PAETÊ;;BOTTOM;CALÇA;EGREY;FEMININO;PROPRIA;;34/36/38/40/42/44/46/48;;2026-04-01
201045;9952;VERÃO;;;201045;201045 - CALÇA ALFAIATARIA SOCIAL;;;CAMISA;;;;;34/36/38/40/42/44/46/48;;2024-10-21
200001;11875;VERÃO;;;200001;200001 - CALÇA ALFAIATARIA SOCIAL;;;CAMISA;;;;;34/36/38/40/42/44/46/48;;2024-10-21
240037;41654;INVERNO;2027;AW27;240037;240037 - CALÇA ALFAIATARIA TENCEL;;BOTTOM;CALÇA;EGREY;MASCULINO;PROPRIA;;34/36/38/40/42/44/46/48;;2026-08-18
321055;11461;VERÃO;;;321055MAR;321055 - CALÇA ALGODÃO BARRA ITALIANA;;;CAMISA;;;;;34/36/38/40/42/44/46/48;;2024-10-21
215002;12679;VERÃO;;;215002;215002 - CALÇA ALGODÃO BARRA ITALIANA;;BOTTOM;MASCULINO;EGREY;MASCULINO;;;34/36/38/40/42/44/46/48;;2024-10-21
208018ERRADO;370;VERÃO;2024;SS24;208018;208018ERRADO - CALÇA ALGODÃO CLÁSSICA;;BOTTOM;CALÇA;EGREY;MASCULINO;;;36/38/40/42/44/46;;2024-10-15
208018;1116;INDEF - INDEFINIDO;INDEF - INDEFINIDO;;208018;208018 - CALÇA ALGODÃO CLÁSSICA;;BOTTOM;MASCULINO;EGREY;MASCULINO;;;34/36/38/40/42/44/46/48;;2024-10-19
327005ERRADO;708;VERÃO;2024;SS24;327005;327005ERRADO - CALÇA ALGODÃO CROPPED FEMININA;;OUTERWEAR;FEMININO;EGREY;FEMININO;;;34 AO 44;;2024-10-15
327005;1182;VERÃO;;;327005;327005 - CALÇA ALGODÃO CROPPED FEMININA;;BOTTOM;FEMININO;EGREY;FEMININO;;;34/36/38/40/42/44/46/48;;2024-10-19
214005;444;VERÃO;2024;SS24;214005;214005 - CALÇA ALGODÃO CROPPED MASCULINA;;OUTERWEAR;MASCULINO;EGREY;MASCULINO;;;34/36/38/40/42/44/46/48;;2024-10-15
214006ERRADO;446;VERÃO;2024;SS24;214005;214006ERRADO - CALÇA ALGODÃO CROPPED MASCULINA;;OUTERWEAR;MASCULINO;EGREY;MASCULINO;;;36/38/40/42/44/46;;2024-10-15
334167;41519;VERÃO;;;334167;334167 - CALÇA ALGODÃO EMPAPELADO;;BOTTOM;CALÇA;EGREY;FEMININO;;;34/36/38/40/42/44/46/48;;2026-04-29
321075;11477;VERÃO;;;321075PRE;321075 - CALÇA ALGODÃO LISA;;;CAMISA;;;;;34 AO 48;;2024-10-21
204033;10091;VERÃO;;;204033OFF;204033 - CALÇA ALGODÃO LISTRA;;;CAMISA;;;;;34 AO 48;;2024-10-21
211003;12025;VERÃO;;;211003;211003 - CALÇA ALGODÃO PREGAS;;BOTTOM;MASCULINO;EGREY;MASCULINO;;;34/36/38/40/42/44/46/48;;2024-10-21
3340108;41355;VERÃO;2027;SS27;3340108;3340108 - CALÇA ALGODÃO TECNOLOGICO PESPONTOS;;BOTTOM;CALÇA;EGREY;FEMININO;PROPRIA;;34/36/38/40/42/44/46/48;;2026-03-17
335081;41779;INVERNO;2027;AW27;335081;335081 - CALÇA ALLADIM JERSEY;;BOTTOM;CALÇA;EGREY;FEMININO;PROPRIA;;34/36/38/40/42/44/46/48;;2026-09-15
314105;9894;VERÃO;;;314105MAN;314105 - CALÇA AMANDA;;;CAMISA;;;;;34 AO 48;;2024-10-21
313169;10795;VERÃO;;;313169;313169 - CALÇA AMANDA II;;;CAMISA;;;;;34/36/38/40/42/44/46/48;;2024-10-21
314107;10595;VERÃO;;;314107CHU;314107 - CALÇA AMANDA NEW;;;CAMISA;;;;;34 AO 48;;2024-10-21
219046;21847;INVERNO;2026;AW26;219046;219046 - CALÇA AMPLA ALGODÃO;;BOTTOM;CALÇA;EGREY;MASCULINO;PROPRIA;;34/36/38/40/42/44/46/48;;2025-09-19
240042;41659;INVERNO;2027;AW27;240042;240042 - CALÇA AMPLA ALGODÃO;;BOTTOM;CALÇA;EGREY;MASCULINO;PROPRIA;;34/36/38/40/42/44/46/48;;2026-08-18
211000;12012;VERÃO;;;211000;211000 - CALÇA AMPLA ANARRUGA;;BOTTOM;MASCULINO;EGREY;MASCULINO;;;34/36/38/40/42/44/46/48;;2024-10-21
215001;12924;VERÃO;;;215001;215001 - CALÇA AMPLA BOLSOS;;BOTTOM;MASCULINO;EGREY;MASCULINO;;;34/36/38/40/42/44/46/48;;2024-10-30
332030;21770;INVERNO;2026;AW26;332030;332030 - CALÇA AMPLA COMFY;;BOTTOM;CALÇA;EGREY;FEMININO;PROPRIA;;34/36/38/40/42/44/46/48;;2025-09-16
219010;21913;INVERNO;2026;AW26;219010;219010 - CALÇA AMPLA COMFY;;BOTTOM;CALÇA;EGREY;MASCULINO;PROPRIA;;34/36/38/40/42/44/46/48;;2025-10-06
332096;22008;INVERNO;2026;AW26;332096;332096 - CALÇA AMPLA COMFY ESTAMPA;;BOTTOM;CALÇA;EGREY;FEMININO;PROPRIA;;34/36/38/40/42/44/46/48;;2025-10-16
216006;856;INVERNO;;;216006;216006 - CALÇA AMPLA CREPE;;BOTTOM;MASCULINO;EGREY;MASCULINO;;;34/36/38/40/42/44/46/48;;2024-10-15
330011;21292;VERÃO;;;330011;330011 - CALÇA AMPLA CREPE;;BOTTOM;FEMININO;EGREY;FEMININO;;;34/36/38/40/42/44/46/48;;2025-03-12
327001ERRADO;704;VERÃO;2024;SS24;327001;327001ERRADO - CALÇA AMPLA CREPE FEMININA;;OUTERWEAR;FEMININO;EGREY;FEMININO;;;34 AO 44;;2024-10-15
327001;1178;VERÃO;;;327001;327001 - CALÇA AMPLA CREPE FEMININA;;BOTTOM;FEMININO;EGREY;FEMININO;;;34/36/38/40/42/44/46/48;;2024-10-19
214002;440;VERÃO;2024;SS24;214002;214002 - CALÇA AMPLA CREPE MASCULINA;;TOP;MASCULINO;EGREY;MASCULINO;;;34/36/38/40/42/44/46/48;;2024-10-15
311027;10543;VERÃO;;;311027AÇA;311027 - CALÇA AMPLA DE SEDA;;;CAMISA;;;;;34/36/38/40/42/44/46/48;;2024-10-21
239011;41154;VERÃO;2027;SS27;239011;239011 - CALÇA AMPLA EMPAPELADA;;BOTTOM;CALÇA;EGREY;MASCULINO;PROPRIA;;34/36/38/40/42/44/46/48;;2026-02-06
219011;21812;INVERNO;2026;AW26;219011;219011 - CALÇA AMPLA ESPINHA;;BOTTOM;CALÇA;EGREY;MASCULINO;PROPRIA;;34/36/38/40/42/44/46/48;;2025-09-17
311136;11877;VERÃO;;;311136PRE;311136 - CALÇA AMPLA FAIXA;;;CAMISA;;;;;34 AO 48;;2024-10-21
334027;41189;VERÃO;2027;SS27;334027;334027 - CALÇA AMPLA FLUIDA;;BOTTOM;CALÇA;EGREY;FEMININO;PROPRIA;;34/36/38/40/42/44/46/48;;2026-02-18
217003;21262;VERÃO;;;217003;217003 - CALÇA AMPLA FRISO LÃ FRIA;;BOTTOM;MASCULINO;EGREY;MASCULINO;;;34/36/38/40/42/44/46/48;;2025-03-12
330064;21428;VERÃO;;;330064;330064 - CALÇA AMPLA JEANS UNISSEX;;BOTTOM;UNISSEX;EGREY;UNISSEX;;;34/36/38/40/42/44/46/48;;2025-04-14
332084;21925;INVERNO;2026;AW26;332084;332084 - CALÇA AMPLA LEVE TRICOT;;BOTTOM;CALÇA;EGREY;FEMININO;PROPRIA;;PP/P/M/G/GG;;2025-10-07
330007;21288;VERÃO;;;330007;330007 - CALÇA AMPLA LINHO;;BOTTOM;FEMININO;EGREY;FEMININO;;;34/36/38/40/42/44/46/48;;2025-03-12
239014;41340;VERÃO;2027;SS27;239014;239014 - CALÇA AMPLA LINHO;;BOTTOM;CALÇA;EGREY;MASCULINO;PROPRIA;;34/36/38/40/42/44/46/48;;2026-03-17
239062;41439;VERÃO;2027;SS27;239062;239062 - CALÇA AMPLA LINHO MESCLA;;BOTTOM;CALÇA;EGREY;MASCULINO;PROPRIA;;34/36/38/40/42/44/46/48;;2026-04-13
215000;454;VERÃO;2024;SS24;215000;215000 - CALÇA AMPLA LÃ FRIA;;TOP;MASCULINO;EGREY;MASCULINO;;;34/36/38/40/42/44/46/48;;2024-10-15
216005;852;INVERNO;;;216005;216005 - CALÇA AMPLA LÃ FRIA;;BOTTOM;MASCULINO;EGREY;MASCULINO;;;34/36/38/40/42/44/46/48;;2024-10-15
332049;21784;INVERNO;2026;AW26;332049;332049 - CALÇA AMPLA LÃ FRIA;;BOTTOM;CALÇA;EGREY;FEMININO;PROPRIA;;34/36/38/40/42/44/46/48;;2025-09-16
219006;21808;INVERNO;2026;AW26;219006;219006 - CALÇA AMPLA LÃ FRIA;;BOTTOM;CALÇA;EGREY;MASCULINO;PROPRIA;;34/36/38/40/42/44/46/48;;2025-09-17
239029;41263;VERÃO;2027;SS27;239029;239029 - CALÇA AMPLA LÃ FRIA;;BOTTOM;CALÇA;EGREY;MASCULINO;PROPRIA;;34/36/38/40/42/44/46/48;;2026-02-23
240008;41626;INVERNO;2027;AW27;240008;240008 - CALÇA AMPLA LÃ FRIA;;BOTTOM;CALÇA;EGREY;MASCULINO;PROPRIA;;34/36/38/40/42/44/46/48;;2026-08-17
335067;41716;INVERNO;2027;AW27;335067;335067 - CALÇA AMPLA LÃ FRIA;;BOTTOM;CALÇA;EGREY;FEMININO;PROPRIA;;34/36/38/40/42/44/46/48;;2026-09-02
217026;21457;VERÃO;;;217026;217026 - CALÇA AMPLA PREGA ALGODÃO;;BOTTOM;MASCULINO;EGREY;MASCULINO;;;34/36/38/40/42/44/46/48;;2025-04-14
239080;41522;VERÃO;2027;SS27;239080;239080 - CALÇA AMPLA PREGA CINTO;;BOTTOM;CALÇA;EGREY;MASCULINO;PROPRIA;;34/36/38/40/42/44/46/48;;2026-05-04
321019;11523;VERÃO;;;321019;321019 - CALÇA AMPLA PREGAS;;BOTTOM;FEMININO;EGREY;FEMININO;;;34/36/38/40/42/44/46/48;;2024-10-21
212013;12249;VERÃO;;;212013;212013 - CALÇA AMPLA PREGAS;;BOTTOM;MASCULINO;EGREY;MASCULINO;;;34/36/38/40/42/44/46/48;;2024-10-21
332031;21771;INVERNO;2026;AW26;332031;332031 - CALÇA AMPLA PREGAS;;BOTTOM;CALÇA;EGREY;FEMININO;PROPRIA;;34/36/38/40/42/44/46/48;;2025-09-16
020864;21900;INVERNO;2026;AW26;332031;020864 - CALÇA AMPLA PREGAS;;BOTTOM;CALÇA;EGREY;FEMININO;PROPRIA;;34/36/38/40/42/44/46/48;;2025-10-03
334118;41406;VERÃO;2027;SS27;334118;334118 - CALÇA AMPLA PREGAS CINTO;;BOTTOM;CALÇA;EGREY;FEMININO;PROPRIA;;34/36/38/40/42/44/46/48;;2026-03-31
330063;21427;VERÃO;;;330063;330063 - CALÇA AMPLA SARJA UNISSEX;;BOTTOM;UNISSEX;EGREY;UNISSEX;;;34/36/38/40/42/44/46/48;;2025-04-14
330037;21317;VERÃO;;;330037;330037 - CALÇA AMPLA SEDA;;BOTTOM;FEMININO;EGREY;FEMININO;;;34/36/38/40/42/44/46/48;;2025-03-13
239015;41250;VERÃO;2027;SS27;239015;239015 - CALÇA AMPLA SEDA;;BOTTOM;CALÇA;EGREY;MASCULINO;PROPRIA;;34/36/38/40/42/44/46/48;;2026-02-23
219004;21806;INVERNO;2026;AW26;219004;219004 - CALÇA AMPLA TECH;;BOTTOM;CALÇA;EGREY;MASCULINO;PROPRIA;;34/36/38/40/42/44/46/48;;2025-09-17
329024;308;INVERNO;;;329024;329024 - CALÇA AMPLA TRICOT;;BOTTOM;CALÇA;EGREY;FEMININO;PROPRIA;;PP/P/M/G/GG;;2024-10-14
213002;402;INVERNO;;;213002;213002 - CALÇA AMPLA UNISSEX TECNOLÓGICA;;BOTTOM;CALÇA;EGREY;MASCULINO;;;34/36/38/40/42/44/46/48;;2024-10-15
305060;41707;INVERNO;2027;AW27;305060;305060 - CALÇA AMPLA XADREZ LÃ TRICOT;;BOTTOM;CALÇA;EGREY;FEMININO;PROPRIA;;PP/P/M/G/GG;;2026-09-01
ANGELA05;21085;INDEF - INDEFINIDO;INDEF - INDEFINIDO;;ANGELA05;ANGELA05 - CALÇA ANGELA;;;;ANGELA MOTTA;;;;PP/P/M/G/GG;;2024-11-22
317117;10499;VERÃO;;;317117MAR;317117 - CALÇA ANNA;;;CAMISA;;;;;34 AO 48;;2024-10-21
328100;21117;VERÃO;;;328100;328100 - CALÇA ATOALHADA;;BOTTOM;FEMININO;EGREY;FEMININO;;;PP/P/M/G/GG;;2024-12-05
328037ERRADO;750;VERÃO;2024;SS24;328037;328037ERRADO - CALÇA BAILARINA CREPE;;BOTTOM;FEMININO;EGREY;FEMININO;;;34 AO 44;;2024-10-15
328037;1186;VERÃO;;;328037;328037 - CALÇA BAILARINA CREPE;;BOTTOM;FEMININO;EGREY;FEMININO;;;34/36/38/40/42/44/46/48;;2024-10-19
315177;10076;VERÃO;;;315177OFF;315177 - CALÇA BALDWIN;;;CAMISA;;;;;34 AO 48;;2024-10-21
329077;896;INVERNO;;;328000;329077 - CALÇA BARRA ITALIANA;;BOTTOM;FEMININO;EGREY;FEMININO;;;34/36/38/40/42/44/46/48;;2024-10-15
323070;12075;INVERNO;;;323070;323070 - CALÇA BARRA ITALIANA;;BOTTOM;FEMININO;EGREY;FEMININO;;;34/36/38/40/42/44/46/48;;2024-10-21
326027;12479;INVERNO;;;326027;326027 - CALÇA BARRA ITALIANA;;BOTTOM;FEMININO;EGREY;FEMININO;;;34/36/38/40/42/44/46/48;;2024-10-21
332063;21795;INVERNO;2026;AW26;332063;332063 - CALÇA BARRA ITALIANA;;BOTTOM;CALÇA;EGREY;FEMININO;PROPRIA;;34/36/38/40/42/44/46/48;;2025-09-16
325092ERRADO;584;VERÃO;2024;SS24;325092;325092ERRADO - CALÇA BARRA ITALIANA ALGODÃO;;TOP;FEMININO;EGREY;FEMININO;;;34 AO 44;;2024-10-15
325092;1152;INVERNO;;;325092;325092 - CALÇA BARRA ITALIANA ALGODÃO;;BOTTOM;FEMININO;EGREY;FEMININO;;;34/36/38/40/42/44/46/48;;2024-10-19
325115;12589;VERÃO;;;325115;325115 - CALÇA BARRA ITALIANA ANARRUGA;;BOTTOM;FEMININO;EGREY;FEMININO;;;34/36/38/40/42/44/46/48;;2024-10-21
334117;41404;VERÃO;2027;SS27;334117;334117 - CALÇA BARRA ITALIANA FRISO ALGODÃO;;BOTTOM;CALÇA;EGREY;FEMININO;PROPRIA;;34/36/38/40/42/44/46/48;;2026-03-31
334099;41378;VERÃO;2027;SS27;334099;334099 - CALÇA BARRA ITALIANA FRISO SARJA;;BOTTOM;CALÇA;EGREY;FEMININO;PROPRIA;;34/36/38/40/42/44/46/48;;2026-03-24
328090;778;VERÃO;2024;SS24;328090;328090 - CALÇA BARRA ITALIANA LINHO;;TOP;FEMININO;EGREY;FEMININO;;;34/36/38/40/42/44/46/48;;2024-10-15
326028;620;INVERNO;;;326028;326028 - CALÇA BARRA ITALIANA LÃ;;BOTTOM;FEMININO;EGREY;FEMININO;;;34/36/38/40/42/44/46/48;;2024-10-15
334098;41373;VERÃO;2027;SS27;334098;334098 - CALÇA BARRA ITALIANA LÃ;;BOTTOM;CALÇA;EGREY;FEMININO;PROPRIA;;34/36/38/40/42/44/46/48;;2026-03-20
330045;21325;VERÃO;;;330045;330045 - CALÇA BARRA ITALIANA NEW;;BOTTOM;FEMININO;EGREY;FEMININO;;;34/36/38/40/42/44/46/48;;2025-03-13
335030;41728;INVERNO;2027;AW27;335030;335030 - CALÇA BARREL ALGODÃO;;BOTTOM;CALÇA;EGREY;FEMININO;PROPRIA;;34/36/38/40/42/44/46/48;;2026-09-02
318012;10925;VERÃO;;;318012AZU;318012 - CALÇA BASICA TRICOT;;;CAMISA;;;;;PP/P/M/G/GG/EXG/EGG/EEGG;;2024-10-21
311048;10663;VERÃO;;;311048OFF;311048 - CALÇA BERLIM;;;CAMISA;;;;;34 AO 48;;2024-10-21
317140;10435;VERÃO;;;317140MAR;317140 - CALÇA BETTY;;;CAMISA;;;;;34 AO 48;;2024-10-21
217024;21337;VERÃO;;;217024;217024 - CALÇA BICOLOR CÓS LARGO;;BOTTOM;MASCULINO;EGREY;MASCULINO;;;34/36/38/40/42/44/46/48;;2025-03-13
302021;1815;INVERNO;;;302021;302021 - CALÇA BICOLOR DIAGONAL MODELADORA;;;FEMININO;EGREY;FEMININO;;;PP/P/M/G/GG;;2012-10-04
305064;41714;INVERNO;2027;AW27;305064;305064 - CALÇA BIKER COM LENÇO;;BOTTOM;CALÇA;EGREY;FEMININO;PROPRIA;;PP/P/M/G/GG;;2026-09-02
313190;10983;VERÃO;;;313190BEG;313190 - CALÇA BIRKIN;;;CAMISA;;;;;34 AO 48;;2024-10-21
321007;11703;VERÃO;;;321007;321007 - CALÇA BOCA EVASE SARJA;;BOTTOM;FEMININO;EGREY;FEMININO;;;34/36/38/40/42/44/46/48;;2024-10-21
210032;11731;VERÃO;;;210032;210032 - CALÇA BOLSO FOLE SARJA;;BOTTOM;MASCULINO;EGREY;MASCULINO;;;34/36/38/40/42/44/46/48;;2024-10-21
212019;12261;VERÃO;;;212019;212019 - CALÇA BOLSO FOLE SARJA;;BOTTOM;MASCULINO;EGREY;MASCULINO;;;34/36/38/40/42/44/46/48;;2024-10-21
313080;10725;VERÃO;;;313080BEG;313080 - CALÇA BOLSOS;;;CAMISA;;;;;34 AO 48;;2024-10-21
320125;11436;VERÃO;;;320125PRE;320125 - CALÇA BOLSOS;;;CAMISA;;;;;34 AO 48;;2024-10-21
321020;11573;VERÃO;;;321020;321020 - CALÇA BOLSOS SARJA;;BOTTOM;FEMININO;EGREY;FEMININO;;;34/36/38/40/42/44/46/48;;2024-10-21
335105;41785;INVERNO;2027;AW27;335105;335105 - CALÇA BOOT CUT ESTAMPA;;BOTTOM;CALÇA;EGREY;FEMININO;PROPRIA;;34/36/38/40/42/44/46/48;;2026-09-15
335079;41784;INVERNO;2027;AW27;335079;335079 - CALÇA BOOT CUT JEANS ESCURO;;BOTTOM;CALÇA;EGREY;FEMININO;PROPRIA;;34/36/38/40/42/44/46/48;;2026-09-15
315054;9996;VERÃO;;;315054OFF;315054 - CALÇA BÁSICA TRICOT;;;CAMISA;;;;;PP/P/M/G/GG/EXG/EGG/EEGG;;2024-10-21
317205;10881;VERÃO;;;317205VIN;317205 - CALÇA BÁSICA TRICOT;;;CAMISA;;;;;PP/P/M/G/GG/EXG/EGG/EEGG;;2024-10-21
215012;13017;VERÃO;;;215012;215012 - CALÇA CADARÇO TECNOLOGICA;;BOTTOM;CALÇA;EGREY;MASCULINO;;;34/36/38/40/42/44/46/48;;2024-11-08
217022;21281;VERÃO;;;217022;217022 - CALÇA CANALETA SARJA;;BOTTOM;MASCULINO;EGREY;MASCULINO;;;34/36/38/40/42/44/46/48;;2025-03-12
330060;21424;VERÃO;;;330060;330060 - CALÇA CANALETA SARJA;;BOTTOM;FEMININO;EGREY;FEMININO;;;34/36/38/40/42/44/46/48;;2025-04-14
208023;11273;VERÃO;;;208023CIN;208023 - CALÇA CANVAS;;;CAMISA;;;;;34 AO 48;;2024-10-21
319017;11175;VERÃO;;;319017CRU;319017 - CALÇA CARGO;;;CAMISA;;;;;34 AO 48;;2024-10-21
330048;21328;VERÃO;;;330048;330048 - CALÇA CARGO;;BOTTOM;FEMININO;EGREY;FEMININO;;;34/36/38/40/42/44/46/48;;2025-03-13
240039;41656;INVERNO;2027;AW27;240039;240039 - CALÇA CARGO;;BOTTOM;CALÇA;EGREY;MASCULINO;PROPRIA;;34/36/38/40/42/44/46/48;;2026-08-18
210033;11665;VERÃO;;;210033;210033 - CALÇA CARGO ALGODÃO;;BOTTOM;MASCULINO;EGREY;MASCULINO;;;34/36/38/40/42/44/46/48;;2024-10-21
213014;12439;INVERNO;;;213014;213014 - CALÇA CARGO ALGODÃO;;TOP;MASCULINO;EGREY;MASCULINO;;;34/36/38/40/42/44/46/48;;2024-10-21
326074;12557;INVERNO;;;326074;326074 - CALÇA CARGO ALGODÃO;;BOTTOM;FEMININO;EGREY;FEMININO;;;34/36/38/40/42/44/46/48;;2024-10-21
202019;10968;VERÃO;;;202019;202019 - CALÇA CARGO DE SARJA;;;CAMISA;;;;;34/36/38/40/42/44/46/48;;2024-10-21
319018;11121;VERÃO;;;319018XAD;319018 - CALÇA CARGO ESTAMPADA;;;CAMISA;;;;;34 AO 48;;2024-10-21
323009;12029;INVERNO;;;323009;323009 - CALÇA CARGO RECORTES UNISSEX;;BOTTOM;FEMININO;EGREY;FEMININO;;;34/36/38/40/42/44/46/48;;2024-10-21
219047;21848;INVERNO;2026;AW26;219047;219047 - CALÇA CARGO SARJA;;BOTTOM;CALÇA;EGREY;MASCULINO;PROPRIA;;34/36/38/40/42/44/46/48;;2025-09-19
216047;832;INVERNO;;;216047;216047 - CALÇA CARGO TENCEL;;BOTTOM;MASCULINO;EGREY;MASCULINO;;;34/36/38/40/42/44/46/48;;2024-10-15
206010;11049;VERÃO;;;206010OFF;206010 - CALÇA CARROT LINHO;;;CAMISA;;;;;34 AO 48;;2024-10-21
326045;630;INVERNO;;;326045;326045 - CALÇA CASHMERE;;INTEIROS;VESTIDO;EGREY;FEMININO;;;PP/P/M/G/GG/EXG/EGG/EEGG;;2024-10-15
312207;10587;VERÃO;;;312207CRU;312207 - CALÇA CENOURA;;;CAMISA;;;;;PP/P/M/G/GG/EXG/EGG/EEGG;;2024-10-21
323018;12277;INVERNO;;;323018;323018 - CALÇA CETIM;;BOTTOM;FEMININO;EGREY;FEMININO;;;34/36/38/40/42/44/46/48;;2024-10-21
336001;41102;VERÃO;2027;SS27;336001;336001 - CALÇA CETIM SEDA ALIX;;BOTTOM;CALÇA;GK PARA EGREY;FEMININO;PROPRIA;;34/36/38/40/42/44/46/48;;2026-01-12
319012;11061;VERÃO;;;319012BEG;319012 - CALÇA CIGARRETE CREPE;;;CAMISA;;;;;34 AO 48;;2024-10-21
330082;21446;VERÃO;;;330082;330082 - CALÇA CIGARRETE NEW;;BOTTOM;FEMININO;EGREY;FEMININO;;;34/36/38/40/42/44/46/48;;2025-04-14
328000;735;VERÃO;2024;SS24;328000;328000 - CALÇA CIGARRETE TECNOLÓGICA;;BOTTOM;FEMININO;EGREY;FEMININO;;;34/36/38/40/42/44/46/48;;2024-10-15
328001;12707;VERÃO;;;328001;328001 - CALÇA CIGARRETE TECNOLÓGICA TIE-DYE;;BOTTOM;FEMININO;EGREY;FEMININO;;;34/36/38/40/42/44/46/48;;2024-10-22
328001ERRADO;12599;VERÃO;;;328001MAR;328001ERRADO - CALÇA CIGARRETE TECNOLÓGICA TIE-DYE;;;CAMISA;;;;;34 AO 48;;2024-10-21
200030;11879;VERÃO;;;200030;200030 - CALÇA CLASSIC;;;CAMISA;;;;;34/36/38/40/42/44/46/48;;2024-10-21
312037;11881;VERÃO;;;312037PRE;312037 - CALÇA CLOCHAT;;;CAMISA;;;;;34 AO 48;;2024-10-21
209034ERRADO;374;INVERNO;;;209034;209034ERRADO - CALÇA CLÁSSICA ALGODÃO;;TOP;CAMISA;EGREY;MASCULINO;;;36/38/40/42/44/46;;2024-10-15
209035ERRADO;376;INVERNO;;;209034;209035ERRADO - CALÇA CLÁSSICA ALGODÃO;;TOP;CAMISA;EGREY;MASCULINO;;;36/38/40/42/44/46;;2024-10-15
210016;378;INVERNO;;;210016;210016 - CALÇA CLÁSSICA ALGODÃO;;SAPATOS;MASCULINO;EGREY;MASCULINO;;;34/36/38/40/42/44/46/48;;2024-10-15
209034;1118;INDEF - INDEFINIDO;INDEF - INDEFINIDO;;209034;209034 - CALÇA CLÁSSICA ALGODÃO;;BOTTOM;MASCULINO;EGREY;MASCULINO;;;34/36/38/40/42/44/46/48;;2024-10-19
205065;10261;VERÃO;;;205065;205065 - CALÇA CLÁSSICA ALGODÃO;;;CAMISA;;;;;34/36/38/40/42/44/46/48;;2024-10-21
217051;21482;VERÃO;;;217051;217051 - CALÇA CLÁSSICA ALGODÃO;;BOTTOM;MASCULINO;EGREY;MASCULINO;;;34/36/38/40/42/44/46/48;;2025-04-14
120014;22084;PERENE;;;120014;120014 - CALÇA CLÁSSICA ALGODÃO;;BOTTOM;CALÇA;EGREY;MASCULINO;PROPRIA;;34/36/38/40/42/44/46/48;;2025-10-22
240049;41666;INVERNO;2027;AW27;240049;240049 - CALÇA CLÁSSICA ALGODÃO;;BOTTOM;CALÇA;EGREY;MASCULINO;PROPRIA;;34/36/38/40/42/44/46/48;;2026-08-18
207001;11099;VERÃO;;;207001AZU;207001 - CALÇA CLÁSSICA ALGODÃO AZUL;;;CAMISA;;;;;34 AO 48;;2024-10-21
219056;21857;INVERNO;2026;AW26;219056;219056 - CALÇA CLÁSSICA ALGODÃO COM FIVELA;;BOTTOM;CALÇA;EGREY;MASCULINO;PROPRIA;;34/36/38/40/42/44/46/48;;2025-09-19
213020;414;PERENE;2027;;213020;213020 - CALÇA CLÁSSICA BLOCK;;BOTTOM;CALÇA;EGREY;MASCULINO;PROPRIA;;34/36/38/40/42/44/46/48;;2024-10-15
120015;41523;VERÃO;2027;SS27;120015;120015 - CALÇA CLÁSSICA BLOCK;;;CALÇA;EGREY;MASCULINO;PROPRIA;;PP/P/M/G/GG;;2026-05-05
239058;41387;VERÃO;2027;SS27;239058;239058 - CALÇA CLÁSSICA DENIM;;BOTTOM;CALÇA;EGREY;MASCULINO;PROPRIA;;34/36/38/40/42/44/46/48;;2026-03-30
219005;21807;INVERNO;2026;AW26;219005;219005 - CALÇA CLÁSSICA LÃ FRIA;;BOTTOM;CALÇA;EGREY;MASCULINO;PROPRIA;;34/36/38/40/42/44/46/48;;2025-09-17
240007;41625;INVERNO;2027;AW27;240007;240007 - CALÇA CLÁSSICA LÃ FRIA;;BOTTOM;CALÇA;EGREY;MASCULINO;PROPRIA;;34/36/38/40/42/44/46/48;;2026-08-17
212002;12229;VERÃO;;;212002;212002 - CALÇA CLÁSSICA MALHA;;BOTTOM;MASCULINO;EGREY;MASCULINO;;;34/36/38/40/42/44/46/48;;2024-10-21
325017;12287;VERÃO;;;325017;325017 - CALÇA CLÁSSICA MALHA;;BOTTOM;FEMININO;EGREY;FEMININO;;;34/36/38/40/42/44/46/48;;2024-10-21
216041;978;INVERNO;2026;AW26;216041;216041 - CALÇA CLÁSSICA TECNO;;BOTTOM;CALÇA;EGREY;MASCULINO;PROPRIA;;34/36/38/40/42/44/46/48;;2024-10-15
215031;21115;VERÃO;;;215031;215031 - CALÇA CLÁSSICA TECNO;;BOTTOM;MASCULINO;EGREY;MASCULINO;;;34/36/38/40/42/44/46/48;;2024-12-05
120010;22081;PERENE;;;120010;120010 - CALÇA CLÁSSICA TECNO;;BOTTOM;CALÇA;EGREY;MASCULINO;PROPRIA;;34/36/38/40/42/44/46/48;;2025-10-22
240048;41665;INVERNO;2027;AW27;240048;240048 - CALÇA CLÁSSICA TECNO;;BOTTOM;CALÇA;EGREY;MASCULINO;PROPRIA;;34/36/38/40/42/44/46/48;;2026-08-18
325070;12381;VERÃO;;;325070;325070 - CALÇA CLÁSSICA TECNOLÓGICA;;BOTTOM;FEMININO;EGREY;FEMININO;;;34/36/38/40/42/44/46/48;;2024-10-21
239030;41272;VERÃO;2027;SS27;239030;239030 - CALÇA CLÁSSICA TWILL;;BOTTOM;CALÇA;EGREY;MASCULINO;PROPRIA;;34/36/38/40/42/44/46/48;;2026-02-25
208032;11243;VERÃO;;;208032PRE;208032 - CALÇA COM CINTO;;;CAMISA;;;;;34 AO 48;;2024-10-21
315087;10156;VERÃO;;;315087AZU;315087 - CALÇA COTTON;;;CAMISA;;;;;34 AO 48;;2024-10-21
205007;10369;VERÃO;;;205007PRE;205007 - CALÇA COURO;;;CAMISA;;;;;34 AO 48;;2024-10-21
317159;10459;VERÃO;;;317159PRE;317159 - CALÇA COURO;;;CAMISA;;;;;34 AO 48;;2024-10-21
321064;11565;VERÃO;;;321064CAR;321064 - CALÇA COURO;;;CAMISA;;;;;34 AO 48;;2024-10-21
323076;12141;INVERNO;;;323076;323076 - CALÇA COURO CHAMOIS;;BOTTOM;FEMININO;EGREY;FEMININO;;;34/36/38/40/42/44/46/48;;2024-10-21
317129;10885;VERÃO;;;317129MAR;317129 - CALÇA COURO ECOLÓGICO;;;CAMISA;;;;;34 AO 48;;2024-10-21
312200;11883;VERÃO;;;312200MAR;312200 - CALÇA COURO RETA;;;CAMISA;;;;;34 AO 48;;2024-10-21
318055;10941;VERÃO;;;318055VER;318055 - CALÇA CREPE;;;CAMISA;;;;;34 AO 48;;2024-10-21
319070;11115;VERÃO;;;319070PRE;319070 - CALÇA CREPE;;;CAMISA;;;;;34 AO 48;;2024-10-21
325008;12295;VERÃO;;;325008;325008 - CALÇA CREPE BOLSOS;;BOTTOM;FEMININO;EGREY;FEMININO;;;34/36/38/40/42/44/46/48;;2024-10-21
321012;11542;VERÃO;;;321012;321012 - CALÇA CREPE BOTÕES;;BOTTOM;FEMININO;EGREY;FEMININO;;;34/36/38/40/42/44/46/48;;2024-10-21
335029;41732;INVERNO;2027;AW27;335029;335029 - CALÇA CREPE CINTURA BAIXA;;BOTTOM;CALÇA;EGREY;FEMININO;PROPRIA;;34/36/38/40/42/44/46/48;;2026-09-02
312146;10551;VERÃO;;;312146PRE;312146 - CALÇA CREPE DUDU CURTA;;;CAMISA;;;;;34 AO 48;;2024-10-21
313109;10765;VERÃO;;;313109AMA;313109 - CALÇA CREPE ELASTICO;;;CAMISA;;;;;34 AO 48;;2024-10-21
316016;10270;VERÃO;;;316016AMA;316016 - CALÇA CRONUS;;;CAMISA;;;;;34 AO 48;;2024-10-21
316019;10273;VERÃO;;;316019PRE;316019 - CALÇA CRONUS;;;CAMISA;;;;;34 AO 48;;2024-10-21
316032;10282;VERÃO;;;316032OFF;316032 - CALÇA CRONUS;;;CAMISA;;;;;34 AO 48;;2024-10-21
316007;10301;VERÃO;;;316007VER;316007 - CALÇA CRONUS;;;CAMISA;;;;;34 AO 48;;2024-10-21
328055;252;INVERNO;;;328055;328055 - CALÇA CROPPED ALGODÃO;;BOTTOM;FEMININO;EGREY;FEMININO;;;34/36/38/40/42/44/46/48;;2024-10-14
323003;560;VERÃO;2024;SS24;323003;323003 - CALÇA CROPPED ALGODÃO;;INTEIROS;VESTIDO;EGREY;FEMININO;;;34/36/38/40/42/44/46/48;;2024-10-15
319010;11059;VERÃO;;;319010OFF;319010 - CALÇA CROPPED ALGODÃO;;;CAMISA;;;;;34 AO 48;;2024-10-21
325002;12288;VERÃO;;;325002;325002 - CALÇA CROPPED ALGODÃO;;TOP;FEMININO;EGREY;FEMININO;;;34/36/38/40/42/44/46/48;;2024-10-21
100011;22001;PERENE;;;100011;100011 - CALÇA CROPPED ALGODÃO CLÁSSICA;;BOTTOM;CALÇA;EGREY;FEMININO;PROPRIA;;34/36/38/40/42/44/46/48;;2025-10-15
334115;41394;VERÃO;2027;SS27;334115;334115 - CALÇA CROPPED ALGODÃO TECH;;BOTTOM;CALÇA;EGREY;FEMININO;PROPRIA;;34/36/38/40/42/44/46/48;;2026-03-31
320011;11233;VERÃO;;;320011LAR;320011 - CALÇA CROPPED BOLSO;;;CAMISA;;;;;34/36/38/40/42/44/46/48;;2024-10-21
334113;41402;VERÃO;2027;SS27;334113;334113 - CALÇA CROPPED CANELADO TRICOT;;BOTTOM;CALÇA;EGREY;FEMININO;PROPRIA;;PP/P/M/G/GG;;2026-03-31
100007;21994;PERENE;;;100007;100007 - CALÇA CROPPED CLÁSSICA TRICOT;;BOTTOM;CALÇA;EGREY;FEMININO;PROPRIA;;PP/P/M/G/GG;;2025-10-15
314060;9828;VERÃO;;;314060PRE;314060 - CALÇA CROPPED COURO ECOLÓGICO;;;CAMISA;;;;;34 AO 48;;2024-10-21
319011;11063;VERÃO;;;319011MAR;319011 - CALÇA CROPPED CREPE VIVOS;;;CAMISA;;;;;34 AO 48;;2024-10-21
306050;12823;INDEF - INDEFINIDO;INDEF - INDEFINIDO;;306050;306050 - CALÇA CROPPED DIANA;;;;EGREY;;;;34/36/38/40/42/44/46/48;;2024-10-24
319020;11119;VERÃO;;;319020XAD;319020 - CALÇA CROPPED ESTAMPADA;;;CAMISA;;;;;34 AO 48;;2024-10-21
319014;11096;VERÃO;;;319014PRE;319014 - CALÇA CROPPED FLORAL;;;CAMISA;;;;;34 AO 48;;2024-10-21
334146;41484;VERÃO;2027;SS27;334146;334146 - CALÇA CROPPED LISTRAS TRICOT;;BOTTOM;CALÇA;EGREY;FEMININO;PROPRIA;;PP/P/M/G/GG;;2026-04-18
315131;10053;VERÃO;;;315131ROS;315131 - CALÇA CROPPED LIV;;;CAMISA;;;;;34 AO 48;;2024-10-21
322048;11645;VERÃO;;;322048;322048 - CALÇA CROPPED NEW;;BOTTOM;FEMININO;EGREY;FEMININO;;;34/36/38/40/42/44/46/48;;2024-10-21
330022;21302;INVERNO;;;330022;330022 - CALÇA CROPPED REDE TRICOT;;BOTTOM;MASCULINO;EGREY;MASCULINO;;;PP/P/M/G/GG;;2025-03-12
319096;11331;VERÃO;;;319096AMA;319096 - CALÇA CROPPED TECNO;;;CAMISA;;;;;34 AO 48;;2024-10-21
330072;21436;VERÃO;;;330072;330072 - CALÇA CROPPED TECNOLÓGICA;;BOTTOM;FEMININO;EGREY;FEMININO;;;34/36/38/40/42/44/46/48;;2025-04-14
329085;274;INVERNO;;;329085;329085 - CALÇA CROPPED TRICOT;;BOTTOM;;EGREY;;;;PP/P/M/G/GG;;2024-10-14
328121;790;VERÃO;2024;SS24;328121;328121 - CALÇA CROPPED TRICOT;;TOP;FEMININO;EGREY;FEMININO;;;PP/P/M/G/GG;;2024-10-15
334011;41122;VERÃO;2027;SS27;334011;334011 - CALÇA CROPPED TRICOT;;BOTTOM;CALÇA;EGREY;FEMININO;PROPRIA;;PP/P/M/G/GG;;2026-01-22
334083;41295;VERÃO;2027;SS27;334083;334083 - CALÇA CROPPED VICHY TRICOT;;BOTTOM;CALÇA;EGREY;FEMININO;PROPRIA;;PP/P/M/G/GG;;2026-03-09
301072;1561;VERÃO;;;;301072 - CALÇA D AZUR;;BOTTOM;CALÇA;;FEMININO;;;34 AO 44;BONDUKI LINHAS. FIOS E CONF. LTDA.;2012-05-10
208058;11315;VERÃO;;;208058PRE;208058 - CALÇA DE CORRIDA;;;CAMISA;;;;;PP/P/M/G/GG/EXG/EGG/EEGG;;2024-10-21
329076;258;INVERNO;;;329076;329076 - CALÇA DE COURO ITALIANO;;BOTTOM;FEMININO;EGREY;FEMININO;;;34/36/38/40/42/44/46/48;;2024-10-14
315073;10191;VERÃO;;;315073PRE;315073 - CALÇA DEBORAH;;;CAMISA;;;;;34 AO 48;;2024-10-21
308201;11885;VERÃO;;;308201JEA;308201 - CALÇA DENIM FLARE;;;CAMISA;;;;;34 AO 48;;2024-10-21
302020;1813;INVERNO;;;302020;302020 - CALÇA DIAGONAL MODELADORA;;BOTTOM;CALÇA;EGREY;FEMININO;;;PP/P/M/G/GG;;2012-10-04
311037;10661;VERÃO;;;311037MAR;311037 - CALÇA DIDI;;;CAMISA;;;;;34 AO 48;;2024-10-21
320114;12815;INDEF - INDEFINIDO;INDEF - INDEFINIDO;;320114;320114 - CALÇA DUDU ALFAIATARIA;;;;EGREY;;;;34/36/38/40/42/44/46/48;;2024-10-24
310159;11887;VERÃO;;;310159PRE;310159 - CALÇA DUDU PANTALONA;;;CAMISA;;;;;34 AO 48;;2024-10-21
312195;11889;VERÃO;;;312195;312195 - CALÇA EDUARDA SARJA;;;CAMISA;;;;;34/36/38/40/42/44/46/48;;2024-10-21
314052;9876;VERÃO;;;314052PRE;314052 - CALÇA ELENA;;;CAMISA;;;;;34 AO 48;;2024-10-21
217048;21479;VERÃO;;;217048;217048 - CALÇA ELÁSTICO ALGODÃO;;BOTTOM;MASCULINO;EGREY;MASCULINO;;;34/36/38/40/42/44/46/48;;2025-04-14
240053;41668;INVERNO;2027;AW27;240053;240053 - CALÇA ELÁSTICO ALGODÃO;;BOTTOM;CALÇA;EGREY;MASCULINO;PROPRIA;;34/36/38/40/42/44/46/48;;2026-08-18
219048;21849;INVERNO;2026;AW26;219048;219048 - CALÇA ELÁSTICO COMFY;;BOTTOM;CALÇA;EGREY;MASCULINO;PROPRIA;;34/36/38/40/42/44/46/48;;2025-09-19
240038;41655;INVERNO;2027;AW27;240038;240038 - CALÇA ELÁSTICO DENIM;;BOTTOM;CALÇA;EGREY;MASCULINO;PROPRIA;;34/36/38/40/42/44/46/48;;2026-08-18
210026;11723;VERÃO;;;210026;210026 - CALÇA ELÁSTICO PREGAS LINHO;;BOTTOM;MASCULINO;EGREY;MASCULINO;;;34/36/38/40/42/44/46/48;;2024-10-21
210007;11693;VERÃO;;;210007;210007 - CALÇA ELÁSTICO PREGAS SARJA;;BOTTOM;MASCULINO;EGREY;MASCULINO;;;34/36/38/40/42/44/46/48;;2024-10-21
201185;10511;VERÃO;;;201185;201185 - CALÇA ELÁSTICO VELUDO;;;CAMISA;;;;;34/36/38/40/42/44/46/48;;2024-10-21
318039;10931;VERÃO;;;318039FER;318039 - CALÇA ELô;;;CAMISA;;;;;34 AO 48;;2024-10-21
315088;10126;VERÃO;;;315088VER;315088 - CALÇA ERIN;;;CAMISA;;;;;34 AO 48;;2024-10-21
310248;11891;VERÃO;;;310248NUD;310248 - CALÇA ESPORTE ELÁSTICO;;;CAMISA;;;;;34 AO 48;;2024-10-21
321031;11511;VERÃO;;;321031;321031 - CALÇA ESTAMPA FLORES;;BOTTOM;FEMININO;EGREY;FEMININO;;;34/36/38/40/42/44/46/48;;2024-10-21
211023;12011;VERÃO;;;211023;211023 - CALÇA EXPLORER;;BOTTOM;MASCULINO;EGREY;MASCULINO;;;34/36/38/40/42/44/46/48;;2024-10-21
207010;11135;VERÃO;;;207010CRU;207010 - CALÇA EXPLORER SARJA;;;CAMISA;;;;;34 AO 48;;2024-10-21
209033;11586;VERÃO;;;209033;209033 - CALÇA EXPLORER TWILL;;BOTTOM;MASCULINO;EGREY;MASCULINO;;;34/36/38/40/42/44/46/48;;2024-10-21
320004;11265;VERÃO;;;320004PRE;320004 - CALÇA FENDA BARRA CREPE;;;CAMISA;;;;;34 AO 48;;2024-10-21
332029;21769;INVERNO;2026;AW26;332029;332029 - CALÇA FENDA BOTÕES;;BOTTOM;CALÇA;EGREY;FEMININO;PROPRIA;;34/36/38/40/42/44/46/48;;2025-09-16
332097;22009;INVERNO;2026;AW26;332097;332097 - CALÇA FENDA BOTÕES ESTAMPA;;BOTTOM;CALÇA;EGREY;FEMININO;PROPRIA;;34/36/38/40/42/44/46/48;;2025-10-16
330013;21294;VERÃO;;;330013;330013 - CALÇA FENDAS TRICOT;;BOTTOM;FEMININO;EGREY;FEMININO;;;PP/P/M/G/GG;;2025-03-12
331011;21609;VERÃO;;;331011;331011 - CALÇA FINA GLÓRIA KALIL;;BOTTOM;FEMININO;EGREY;FEMININO;;;34/36/38/40/42/44/46/48;;2025-05-19
219057;21858;INVERNO;2026;AW26;219057;219057 - CALÇA FIVE POCKETS ALGODÃO;;BOTTOM;CALÇA;EGREY;MASCULINO;PROPRIA;;34/36/38/40/42/44/46/48;;2025-09-19
217050;21481;VERÃO;;;217050;217050 - CALÇA FIVE POCKETS TECNO;;BOTTOM;MASCULINO;EGREY;MASCULINO;;;34/36/38/40/42/44/46/48;;2025-04-14
219067;21859;INVERNO;2026;AW26;219067;219067 - CALÇA FIVE POCKETS VELUDO;;BOTTOM;CALÇA;EGREY;MASCULINO;PROPRIA;;34/36/38/40/42/44/46/48;;2025-09-19
206006;11041;VERÃO;;;206006MAR;206006 - CALÇA FIVELA COTTON;;;CAMISA;;;;;34 AO 48;;2024-10-21
306042;10541;VERÃO;;;306042MIL;306042 - CALÇA FLARE;;;CAMISA;;;;;34 AO 48;;2024-10-21
312035;10681;VERÃO;;;312035;312035 - CALÇA FLARE COM FIVELA;;;CAMISA;;;;;34 AO 48;;2024-10-21
308031;11893;VERÃO;;;308031BEG;308031 - CALÇA FLARE PROVENCE;;;CAMISA;;;;;34 AO 48;;2024-10-21
309018;11895;VERÃO;;;309018OFF;309018 - CALÇA FLARE SARJA PATI;;;CAMISA;;;;;34 AO 48;;2024-10-21
328092;12647;VERÃO;;;328092;328092 - CALÇA FLARE TRICOT;;BOTTOM;;EGREY;;;;PP/P/M/G/GG;;2024-10-21
328082;12729;VERÃO;;;328082;328082 - CALÇA FLARE TRICOT LUREX;;BOTTOM;CALÇA;EGREY;;;INDEFINIDO;PP/P/M/G/GG;;2024-10-24
331006;21554;VERÃO;;;331006;331006 - CALÇA FORTE GLÓRIA KALIL;;BOTTOM;FEMININO;GK PARA EGREY;FEMININO;;;34/36/38/40/42/44/46/48;;2025-05-13
315095;10001;VERÃO;;;315095ROS;315095 - CALÇA FRANZIDA AMBER;;;CAMISA;;;;;34/36/38/40/42/44/46/48;;2024-10-21
313146;10783;VERÃO;;;313146MAR;313146 - CALÇA FRANZIDA EYES;;;CAMISA;;;;;34 AO 48;;2024-10-21
314070;1094;;;;314070;314070 - CALÇA GALES;;;;;;;;34 AO 46;;2024-10-19
201006;10850;VERÃO;;;201006;201006 - CALÇA GORGURÃO;;;CAMISA;;;;;34/36/38/40/42/44/46/48;;2024-10-21
329079;310;INVERNO;;;329079;329079 - CALÇA JACQUARD TRICOT;;;;EGREY;;;;PP/P/M/G/GG;;2024-10-14
219076;21997;INVERNO;2026;AW26;219076;219076 - CALÇA JAPONESA;;BOTTOM;CALÇA;EGREY;MASCULINO;PROPRIA;;34/36/38/40/42/44/46/48;;2025-10-15
332118;22056;INVERNO;2026;AW26;332118;332118 - CALÇA JAPONESA;;BOTTOM;CALÇA;EGREY;FEMININO;PROPRIA;;34/36/38/40/42/44/46/48;;2025-10-20
204056;10081;VERÃO;;;204056PRE;204056 - CALÇA JEANS;;;CAMISA;;;;;34 AO 48;;2024-10-21
201044;1104;;;;201044;201044 - CALÇA JEANS 90;;;;;;;;34/36/38/40/42/44/46/48;;2024-10-19
334052;41212;VERÃO;2027;SS27;334052;334052 - CALÇA JEANS ALFAIATARIA;;BOTTOM;CALÇA;EGREY;FEMININO;PROPRIA;;34/36/38/40/42/44/46/48;;2026-02-19
328117;12645;VERÃO;;;328117;328117 - CALÇA JEANS CLARO CROPPED;;BOTTOM;;EGREY;;;;34 AO 48;;2024-10-21
320049;11293;VERÃO;;;320049ESC;320049 - CALÇA JEANS CLÁSSICA;;;CAMISA;;;;;34 AO 48;;2024-10-21
312004;11321;VERÃO;;;3120049ESC;312004 - CALÇA JEANS CLÁSSICA;;;CAMISA;;;;;34 AO 48;;2024-10-21
311097;11897;VERÃO;;;311097;311097 - CALÇA JEANS DESFIADA;;;CAMISA;;;;;34/36/38/40/42/44/46/48;;2024-10-21
200052;11899;VERÃO;;;200052;200052 - CALÇA JEANS DUDU;;;CAMISA;;;;;34/36/38/40/42/44/46/48;;2024-10-21
213001;400;INVERNO;;;213001;213001 - CALÇA JEANS EASY UNISSEX;;BOTTOM;SHORT;EGREY;MASCULINO;;;34/36/38/40/42/44/46/48;;2024-10-15
211026;12027;INVERNO;;;211026;211026 - CALÇA JEANS ELÁSTICO;;BOTTOM;MASCULINO;EGREY;MASCULINO;;;34/36/38/40/42/44/46/48;;2024-10-21
328118;786;VERÃO;2024;SS24;328118;328118 - CALÇA JEANS ESCURO CROPPED;;TOP;FEMININO;EGREY;FEMININO;;;34/36/38/40/42/44/46/48;;2024-10-15
209048;11553;VERÃO;;;209048;209048 - CALÇA JEANS NEUTRA;;BOTTOM;MASCULINO;EGREY;MASCULINO;;;34/36/38/40/42/44/46/48;;2024-10-21
239028;41262;VERÃO;2027;SS27;239028;239028 - CALÇA JEANS PESPONTO;;BOTTOM;CALÇA;EGREY;MASCULINO;PROPRIA;;34/36/38/40/42/44/46/48;;2026-02-23
210014;11707;VERÃO;;;210014;210014 - CALÇA JEANS RETA;;BOTTOM;MASCULINO;EGREY;MASCULINO;;;34/36/38/40/42/44/46/48;;2024-10-21
322080;11795;VERÃO;;;322080;322080 - CALÇA JEANS RETA;;BOTTOM;FEMININO;EGREY;FEMININO;;;34/36/38/40/42/44/46/48;;2024-10-21
335024;41733;INVERNO;2027;AW27;335024;335024 - CALÇA JEANS RETA;;BOTTOM;CALÇA;EGREY;FEMININO;PROPRIA;;34/36/38/40/42/44/46/48;;2026-09-02
201000;10847;VERÃO;;;201000;201000 - CALÇA JEANS SKINNY;;;CAMISA;;;;;34/36/38/40/42/44/46/48;;2024-10-21
219003;21877;INVERNO;2026;AW26;219003;219003 - CALÇA JEANS STRAIGHT;;BOTTOM;CALÇA;EGREY;MASCULINO;PROPRIA;;34/36/38/40/42/44/46/48;;2025-09-19
332059;21883;INVERNO;2026;AW26;332059;332059 - CALÇA JEANS STRAIGHT;;BOTTOM;CALÇA;EGREY;FEMININO;PROPRIA;;34/36/38/40/42/44/46/48;;2025-09-22
334068;41236;VERÃO;2027;SS27;334068;334068 - CALÇA JEANS STRAIGHT;;BOTTOM;CALÇA;EGREY;FEMININO;PROPRIA;;34/36/38/40/42/44/46/48;;2026-02-20
239063;41440;VERÃO;2027;SS27;239063;239063 - CALÇA JEANS STRAIGHT;;BOTTOM;CALÇA;EGREY;MASCULINO;PROPRIA;;34/36/38/40/42/44/46/48;;2026-04-13
330062;21426;VERÃO;;;330062;330062 - CALÇA JEANS STRAIGHT UNISSEX;;BOTTOM;FEMININO;EGREY;FEMININO;;;34/36/38/40/42/44/46/48;;2025-04-14
322102;12197;VERÃO;;;322102;322102 - CALÇA JEANS UNISSEX;;BOTTOM;FEMININO;EGREY;FEMININO;;;34/36/38/40/42/44/46/48;;2024-10-21
334077;41271;VERÃO;2027;SS27;334077;334077 - CALÇA JEANS UNISSEX;;BOTTOM;CALÇA;EGREY;FEMININO;PROPRIA;;34/36/38/40/42/44/46/48;;2026-02-25
330002;21284;VERÃO;;;330002;330002 - CALÇA JOGGER PAETÊ;;BOTTOM;FEMININO;EGREY;FEMININO;;;34/36/38/40/42/44/46/48;;2025-03-12
330055;21419;VERÃO;;;330055;330055 - CALÇA JOGGER RECORTES;;BOTTOM;FEMININO;EGREY;FEMININO;;;34/36/38/40/42/44/46/48;;2025-04-14
315075;10179;VERÃO;;;315075MIL;315075 - CALÇA KATE;;;CAMISA;;;;;34 AO 48;;2024-10-21
203019;9848;VERÃO;;;203019;203019 - CALÇA LA ALFAIATARIA;;;CAMISA;;;;;34/36/38/40/42/44/46/48;;2024-10-21
202059;9950;VERÃO;;;202059;202059 - CALÇA LA ALFAIATARIA;;;CAMISA;;;;;34/36/38/40/42/44/46/48;;2024-10-21
313167;10793;VERÃO;;;313167BEG;313167 - CALÇA LEE;;;CAMISA;;;;;34 AO 48;;2024-10-21
314190;10829;VERÃO;;;314190MAR;314190 - CALÇA LEE DOTS;;;CAMISA;;;;;34 AO 48;;2024-10-21
332008;21749;INVERNO;2026;AW26;332008;332008 - CALÇA LEGGING TRICOT;;BOTTOM;CALÇA;EGREY;FEMININO;PROPRIA;;PP/P/M/G/GG;;2025-09-16
203017;9936;VERÃO;;;203017;203017 - CALÇA LEVE;;;CAMISA;;;;;PP/P/M/G/GG/EXG/EGG/EEGG;;2024-10-21
209002;11537;VERÃO;;;209002;209002 - CALÇA LEVE;;BOTTOM;MASCULINO;EGREY;MASCULINO;;;34/36/38/40/42/44/46/48;;2024-10-21
321053;11525;VERÃO;;;321053ROX;321053 - CALÇA LEVE TECNOLÓGICA;;;CAMISA;;;;;PP/P/M/G/GG/EXG/EGG/EEGG;;2024-10-21
208002;11337;VERÃO;;;208002VER;208002 - CALÇA LEVíSSIMA ELÁSTICO;;;CAMISA;;;;;34 AO 48;;2024-10-21
317131;10445;VERÃO;;;317131AZU;317131 - CALÇA LILI;;;CAMISA;;;;;34 AO 48;;2024-10-21
210022;11711;VERÃO;;;210022;210022 - CALÇA LINHO AJUSTE BOTÃO;;BOTTOM;MASCULINO;EGREY;MASCULINO;;;34/36/38/40/42/44/46/48;;2024-10-21
311061;11901;VERÃO;;;311061;311061 - CALÇA LINHO AMANDA;;;CAMISA;;;;;34/36/38/40/42/44/46/48;;2024-10-21
215028;12653;VERÃO;;;215028;215028 - CALÇA LINHO ELÁSTICO;;BOTTOM;MASCULINO;EGREY;MASCULINO;;;34/36/38/40/42/44/46/48;;2024-10-21
314025;9868;VERÃO;;;314025LIS;314025 - CALÇA LISTRAS;;;CAMISA;;;;;PP/P/M/G/GG/EXG/EGG/EEGG;;2024-10-21
239051;41351;VERÃO;2027;SS27;239051;239051 - CALÇA LISTRAS;;BOTTOM;CALÇA;EGREY;MASCULINO;PROPRIA;;34/36/38/40/42/44/46/48;;2026-03-17
315082;11903;VERÃO;;;315082OFF;315082 - CALÇA LISTRAS FINAS DIJON;;;CAMISA;;;;;34 AO 48;;2024-10-21
239052;41352;VERÃO;2027;SS27;239052;239052 - CALÇA LISTRAS LINHO;;BOTTOM;CALÇA;EGREY;MASCULINO;PROPRIA;;34/36/38/40/42/44/46/48;;2026-03-17
334062;41230;VERÃO;2027;SS27;334062;334062 - CALÇA LISTRAS SURF ALGODÃO;;BOTTOM;CALÇA;EGREY;FEMININO;PROPRIA;;34/36/38/40/42/44/46/48;;2026-02-20
204022;10082;VERÃO;;;204022;204022 - CALÇA LIV;;;CAMISA;;;;;34/36/38/40/42/44/46/48;;2024-10-21
315085;10197;VERÃO;;;315085BEG;315085 - CALÇA LIV;;;CAMISA;;;;;34 AO 48;;2024-10-21
203011;9934;VERÃO;;;203011;203011 - CALÇA LIV ELÁSTICO;;;CAMISA;;;;;PP/P/M/G/GG/EXG/EGG/EEGG;;2024-10-21
328112;12987;VERÃO;;;328112;328112 - CALÇA LONGA JERSEY;;;;EGREY;;;;34 AO 46;;2024-11-06
317115;10353;VERÃO;;;317115PRE;317115 - CALÇA LOULOU;;;CAMISA;;;;;34 AO 48;;2024-10-21
323072;12279;INVERNO;;;323072;323072 - CALÇA LUREX;;BOTTOM;FEMININO;EGREY;FEMININO;;;34/36/38/40/42/44/46/48;;2024-10-21
317185;10323;VERÃO;;;317185CIN;317185 - CALÇA LÃ;;;CAMISA;;;;;34 AO 48;;2024-10-21
317171;10329;VERÃO;;;317171MAR;317171 - CALÇA LÃ;;;CAMISA;;;;;34 AO 48;;2024-10-21
312208;10689;VERÃO;;;312208PIE;312208 - CALÇA LÃ ALÊ;;;CAMISA;;;;;34 AO 48;;2024-10-21
324010;12147;INVERNO;;;324010;324010 - CALÇA LÃ BARRA ITALIANA;;BOTTOM;FEMININO;EGREY;FEMININO;;;34/36/38/40/42/44/46/48;;2024-10-21
210065;12733;VERÃO;;;210065;210065 - CALÇA LÃ FRIA;;BOTTOM;MASCULINO;EGREY;MASCULINO;;;34/36/38/40/42/44/46/48;;2024-10-24
320057;11245;VERÃO;;;320057MAR;320057 - CALÇA LÃ FRIA;;;CAMISA;;;;;34/36/38/40/42/44/46/48;;2024-10-21
321067;11521;VERÃO;;;321067PRE;321067 - CALÇA LÃ FRIA;;;CAMISA;;;;;34 AO 48;;2024-10-21
322031;11763;VERÃO;;;322031;322031 - CALÇA LÃ FRIA;;BOTTOM;FEMININO;EGREY;FEMININO;;;34/36/38/40/42/44/46/48;;2024-10-21
210021;11709;VERÃO;;;210021;210021 - CALÇA LÃ FRIA AJUSTE BOTÃO;;BOTTOM;MASCULINO;EGREY;MASCULINO;;;34/36/38/40/42/44/46/48;;2024-10-21
315187;10050;VERÃO;;;315187MAR;315187 - CALÇA LÃ FRIA BICOLOR;;;CAMISA;;;;;34 AO 48;;2024-10-21
204017;10083;VERÃO;;;204017;204017 - CALÇA LÃ FRIA BICOLOR;;;CAMISA;;;;;34/36/38/40/42/44/46/48;;2024-10-21
204031;10094;VERÃO;;;204031MAR;204031 - CALÇA LÃ FRIA CONFORTO;;;CAMISA;;;;;34 AO 48;;2024-10-21
211017;12039;INVERNO;;;211017;211017 - CALÇA LÃ FRIA RETA;;BOTTOM;MASCULINO;EGREY;MASCULINO;;;34/36/38/40/42/44/46/48;;2024-10-21
319071;11113;VERÃO;;;319071VER;319071 - CALÇA LÃ RENATA;;;CAMISA;;;;;34 AO 48;;2024-10-21
211007;12041;VERÃO;;;211007;211007 - CALÇA LÃ SARJA UNISSEX;;BOTTOM;MASCULINO;EGREY;MASCULINO;;;34/36/38/40/42/44/46/48;;2024-10-21
205018;10407;VERÃO;;;205018BOR;205018 - CALÇA MALHA ALFAIATARIA CONFORTO;;;CAMISA;;;;;34 AO 48;;2024-10-21
201147;10509;VERÃO;;;201147;201147 - CALÇA MALHA ALFAIATARIA CONFORTO;;;CAMISA;;;;;34/36/38/40/42/44/46/48;;2024-10-21
213024;418;INVERNO;;;213024;213024 - CALÇA MALHA ALGODÃO;;BOTTOM;MASCULINO;EGREY;MASCULINO;;;PP/P/M/G/GG/EXG/EGG/EEGG;;2024-10-15
312142;10545;VERÃO;;;312142PRE;312142 - CALÇA MARIA HELENA LÃ;;;CAMISA;;;;;34 AO 48;;2024-10-21
326041ERRADO;624;INVERNO;;;326041;326041ERRADO - CALÇA MB NEW;;TOP;FEMININO;EGREY;FEMININO;;;34 AO 44;;2024-10-15
326041;1162;INVERNO;;;326041;326041 - CALÇA MB NEW;;BOTTOM;FEMININO;EGREY;FEMININO;;;34/36/38/40/42/44/46/48;;2024-10-19
330043;21323;INVERNO;2026;AW26;330043;330043 - CALÇA MB NEW;;BOTTOM;CALÇA;EGREY;FEMININO;;;34/36/38/40/42/44/46/48;;2025-03-13
305058;41735;INVERNO;2027;AW27;305058;305058 - CALÇA MB PALA CINTURA;;BOTTOM;CALÇA;EGREY;FEMININO;PROPRIA;;34/36/38/40/42/44/46/48;;2026-09-02
314158;9840;VERÃO;;;314158PRE;314158 - CALÇA MIA;;;CAMISA;;;;;34 AO 48;;2024-10-21
211002;12023;VERÃO;;;211002;211002 - CALÇA MOLETOM PREGAS;;BOTTOM;MASCULINO;EGREY;MASCULINO;;;34/36/38/40/42/44/46/48;;2024-10-21
313140;10837;VERÃO;;;313140LAR;313140 - CALÇA MONICA;;;CAMISA;;;;;34 AO 48;;2024-10-21
319019;242;INVERNO;2026;AW26;319019;319019 - CALÇA MONTARIA MB;;BOTTOM;CALÇA;EGREY;FEMININO;PROPRIA;;34/36/38/40/42/44/46/48;;2024-10-14
100010;21999;PERENE;;;100010;100010 - CALÇA MONTARIA MB CLÁSSICA;;BOTTOM;CALÇA;EGREY;FEMININO;PROPRIA;;34/36/38/40/42/44/46/48;;2025-10-15
318033;10929;VERÃO;;;318033MAR;318033 - CALÇA MONTARIA SARJA;;;CAMISA;;;;;34 AO 48;;2024-10-21
318026;10951;VERÃO;;;318026VER;318026 - CALÇA MôNICA TECNO;;;CAMISA;;;;;34 AO 48;;2024-10-21
207002;11105;VERÃO;;;207002MIL;207002 - CALÇA NÓ;;;CAMISA;;;;;34 AO 48;;2024-10-21
207025;11139;VERÃO;;;207025VER;207025 - CALÇA NÓ LÃ;;;CAMISA;;;;;34 AO 48;;2024-10-21
207033;11319;VERÃO;;;207033AMA;207033 - CALÇA NÓ LÃ FRIA;;;CAMISA;;;;;34 AO 48;;2024-10-21
206002;11103;VERÃO;;;206002BEG;206002 - CALÇA NÓ TECNO;;;CAMISA;;;;;34 AO 48;;2024-10-21
206023;11235;VERÃO;;;206023;206023 - CALÇA NÓ TRICOLINE;;;CAMISA;;;;;34/36/38/40/42/44/46/48;;2024-10-21
209029;11663;VERÃO;;;209029;209029 - CALÇA NÓ TRICOLINE;;BOTTOM;MASCULINO;EGREY;MASCULINO;;;34/36/38/40/42/44/46/48;;2024-10-21
328115;334;VERÃO;2024;SS24;328115;328115 - CALÇA PALA ELÁSTICO CREPE;;BOTTOM;CALÇA;EGREY;FEMININO;;;34/36/38/40/42/44/46/48;;2024-10-15
309081;11905;VERÃO;;;309081PRE;309081 - CALÇA PANTA HELENA;;;CAMISA;;;;;34 AO 48;;2024-10-21
314096;12797;INDEF - INDEFINIDO;INDEF - INDEFINIDO;;314096;314096 - CALÇA PANTACOURT CHAMOIS;;;;EGREY;;;;34/36/38/40/42/44/46/48;;2024-10-24
314132;10577;VERÃO;;;314132UVA;314132 - CALÇA PANTACOURT COM BOLSOS;;;CAMISA;;;;;34 AO 48;;2024-10-21
317146;10321;VERÃO;;;317146CAR;317146 - CALÇA PANTACOURT LUNNA;;;CAMISA;;;;;34 AO 48;;2024-10-21
312204;10565;VERÃO;;;312204BER;312204 - CALÇA PANTALONA;;;CAMISA;;;;;34 AO 48;;2024-10-21
307048;11907;VERÃO;;;307048PRE;307048 - CALÇA PANTALONA;;;CAMISA;;;;;34 AO 48;;2024-10-21
320009;11371;VERÃO;;;320009AZU;320009 - CALÇA PANTALONA AMPLA LINHO;;;CAMISA;;;;;34 AO 48;;2024-10-21
323056;12079;INVERNO;;;323056;323056 - CALÇA PANTALONA ANARRUGA;;BOTTOM;FEMININO;EGREY;FEMININO;;;34/36/38/40/42/44/46/48;;2024-10-21
003ERR;25;INVERNO;;;329063;003ERR - CALÇA PANTALONA CREPE;;BOTTOM;FEMININO;EGREY;FEMININO;;;UNICA;;2024-10-14
328084;774;VERÃO;2024;SS24;328084;328084 - CALÇA PANTALONA CREPE;;TOP;FEMININO;EGREY;FEMININO;;;34/36/38/40/42/44/46/48;;2024-10-15
329063;988;INVERNO;;;329063;329063 - CALÇA PANTALONA CREPE;;BOTTOM;FEMININO;EGREY;FEMININO;;;34/36/38/40/42/44/46/48;;2024-10-16
321092;11485;VERÃO;;;321092OFF;321092 - CALÇA PANTALONA CREPE;;;CAMISA;;;;;34 AO 48;;2024-10-21
322085;11659;VERÃO;;;322085;322085 - CALÇA PANTALONA CREPE;;BOTTOM;FEMININO;EGREY;FEMININO;;;34/36/38/40/42/44/46/48;;2024-10-21
325112;12587;VERÃO;;;325112;325112 - CALÇA PANTALONA CREPE;;BOTTOM;FEMININO;EGREY;FEMININO;;;34/36/38/40/42/44/46/48;;2024-10-21
313148;10569;VERÃO;;;313148PRE;313148 - CALÇA PANTALONA DE SEDA;;;CAMISA;;;;;34 AO 48;;2024-10-21
329098;858;INVERNO;;;329098;329098 - CALÇA PANTALONA LEVE;;BOTTOM;FEMININO;EGREY;FEMININO;;;34/36/38/40/42/44/46/48;;2024-10-15
325007;12293;VERÃO;;;325007;325007 - CALÇA PANTALONA LINHO;;BOTTOM;FEMININO;EGREY;FEMININO;;;34/36/38/40/42/44/46/48;;2024-10-21
329033;216;INVERNO;;;329033;329033 - CALÇA PANTALONA LÃ FRIA;;BOTTOM;FEMININO;EGREY;FEMININO;;;34/36/38/40/42/44/46/48;;2024-10-14
325104;12391;VERÃO;;;325104;325104 - CALÇA PANTALONA MALHA METALIZADA;;BOTTOM;FEMININO;EGREY;FEMININO;;;34/36/38/40/42/44/46/48;;2024-10-21
315116;10041;VERÃO;;;315116VER;315116 - CALÇA PANTALONA ONDAS;;;CAMISA;;;;;34 AO 48;;2024-10-21
317126;10443;VERÃO;;;317126BEG;317126 - CALÇA PANTALONA OTTOMAN;;;CAMISA;;;;;34 AO 48;;2024-10-21
328146;21076;VERÃO;;;328146;328146 - CALÇA PANTALONA PREGA DUPLA;;BOTTOM;CALÇA;EGREY;;;;34/36/38/40/42/44/46/48;;2024-11-18
323045;11779;INVERNO;;;323045;323045 - CALÇA PANTALONA PREGAS BOLSO;;BOTTOM;FEMININO;EGREY;FEMININO;;;34/36/38/40/42/44/46/48;;2024-10-21
322008;11750;VERÃO;;;322008;322008 - CALÇA PANTALONA PREGAS SARJA;;BOTTOM;FEMININO;EGREY;FEMININO;;;34/36/38/40/42/44/46/48;;2024-10-21
328102;207;INVERNO;;;328102;328102 - CALÇA PANTALONA SEDA;;BOTTOM;FEMININO;EGREY;FEMININO;;;34/36/38/40/42/44/46/48;;2024-10-14
325081;12389;VERÃO;;;325081;325081 - CALÇA PANTALONA SEDA;;BOTTOM;FEMININO;EGREY;FEMININO;;;34/36/38/40/42/44/46/48;;2024-10-21
315081;10249;VERÃO;;;315081HOR;315081 - CALÇA PANTALONA TERESA;;;CAMISA;;;;;34 AO 48;;2024-10-21
315141;10169;VERÃO;;;315141VER;315141 - CALÇA PANTALONA THEA;;;CAMISA;;;;;34 AO 48;;2024-10-21
314066;10755;VERÃO;;;314066CHU;314066 - CALÇA PARIS;;;CAMISA;;;;;34 AO 48;;2024-10-21
312056;11909;VERÃO;;;312056MAR;312056 - CALÇA PARIS CHEVRON;;;CAMISA;;;;;34 AO 48;;2024-10-21
3340107;41366;VERÃO;2027;SS27;3340107;3340107 - CALÇA PESPONTOS MB NEW;;BOTTOM;CALÇA;EGREY;FEMININO;PROPRIA;;34/36/38/40/42/44/46/48;;2026-03-20
140001;22108;INVERNO;2026;AW26;140001;140001 - CALÇA PIJAMA;;BOTTOM;CALÇA;EGREY;HOME;PROPRIA;;34/36/38/40/42/44/46/48;;2025-11-05
210029;11734;VERÃO;;;210029;210029 - CALÇA PIJAMA TRICOLINE;;BOTTOM;MASCULINO;EGREY;MASCULINO;;;34/36/38/40/42/44/46/48;;2024-10-21
325057;12424;VERÃO;;;325057;325057 - CALÇA PRAIA REDE;;BOTTOM;FEMININO;EGREY;FEMININO;;;PP/P/M/G/GG;;2024-10-21
215018;466;VERÃO;2024;SS24;215018;215018 - CALÇA PREGA ALGODÃO;;TOP;MASCULINO;EGREY;MASCULINO;;;34/36/38/40/42/44/46/48;;2024-10-15
216043;952;INVERNO;;;216043;216043 - CALÇA PREGA ALGODÃO;;BOTTOM;MASCULINO;EGREY;MASCULINO;;;34/36/38/40/42/44/46/48;;2024-10-15
208008;11277;VERÃO;;;208008;208008 - CALÇA PREGA ALGODÃO;;;CAMISA;;;;;34/36/38/40/42/44/46/48;;2024-10-21
239025;41259;VERÃO;2027;SS27;239025;239025 - CALÇA PREGA DUPLA ALGODÃO;;BOTTOM;CALÇA;EGREY;MASCULINO;PROPRIA;;34/36/38/40/42/44/46/48;;2026-02-23
240043;41660;INVERNO;2027;AW27;240043;240043 - CALÇA PREGA FRISO;;BOTTOM;CALÇA;EGREY;MASCULINO;PROPRIA;;34/36/38/40/42/44/46/48;;2026-08-18
208026;11389;VERÃO;;;208026OFF;208026 - CALÇA PREGA LINHO;;;CAMISA;;;;;34 AO 48;;2024-10-21
311036;11910;VERÃO;;;311036PRE;311036 - CALÇA PREGA PANTA;;;CAMISA;;;;;PP/P/M/G/GG/EXG/EGG/EEGG;;2024-10-21
217016;21275;VERÃO;;;217016;217016 - CALÇA PREGA TECNO;;BOTTOM;MASCULINO;EGREY;MASCULINO;;;34/36/38/40/42/44/46/48;;2025-03-12
240009;41627;INVERNO;2027;AW27;240009;240009 - CALÇA PREGA TECNO;;BOTTOM;CALÇA;EGREY;MASCULINO;PROPRIA;;34/36/38/40/42/44/46/48;;2026-08-17
239024;41258;VERÃO;2027;SS27;239024;239024 - CALÇA PREGA TWILL;;BOTTOM;CALÇA;EGREY;MASCULINO;PROPRIA;;34/36/38/40/42/44/46/48;;2026-02-23
216044;954;INVERNO;;;216044;216044 - CALÇA PREGA VELUDO;;BOTTOM;MASCULINO;EGREY;MASCULINO;;;34/36/38/40/42/44/46/48;;2024-10-15
207016;11165;VERÃO;;;207016;207016 - CALÇA PREGAS ALGODÃO;;;CAMISA;;;;;34/36/38/40/42/44/46/48;;2024-10-21
334108;41434;VERÃO;2027;SS27;334108;334108 - CALÇA PREGAS ALGODÃO;;BOTTOM;CALÇA;EGREY;FEMININO;PROPRIA;;34/36/38/40/42/44/46/48;;2026-04-10
328089;13029;VERÃO;;;328089;328089 - CALÇA PREGAS ALGODÃO BARRA CURTA;;;;EGREY;;;;34/36/38/40/42/44/46/48;;2024-11-12
322047;11839;VERÃO;;;322047;322047 - CALÇA PREGAS CREPE;;BOTTOM;FEMININO;EGREY;FEMININO;;;34/36/38/40/42/44/46/48;;2024-10-21
219082;22104;INVERNO;2026;AW26;219082;219082 - CALÇA PREGAS LÃ;;BOTTOM;CALÇA;EGREY;MASCULINO;PROPRIA;;34/36/38/40/42/44/46/48;;2025-10-29
219008;21810;INVERNO;2026;AW26;219008;219008 - CALÇA PREGAS LÃ;;BOTTOM;CALÇA;EGREY;MASCULINO;PROPRIA;;34/36/38/40/42/44/46/48;;2025-09-17
315122;10048;VERÃO;;;315122AZU;315122 - CALÇA PREGAS LÃ FRIA;;;CAMISA;;;;;34 AO 48;;2024-10-21
207017;11179;VERÃO;;;207017;207017 - CALÇA PREGAS LÃ FRIA;;;CAMISA;;;;;34/36/38/40/42/44/46/48;;2024-10-21
334087;41358;VERÃO;2027;SS27;334087;334087 - CALÇA PREGAS LÃ FRIA;;BOTTOM;CALÇA;EGREY;FEMININO;PROPRIA;;34/36/38/40/42/44/46/48;;2026-03-17
203051;9858;VERÃO;;;203051;203051 - CALÇA PREMIUM COTTON;;;CAMISA;;;;;34/36/38/40/42/44/46/48;;2024-10-21
204037;10177;VERÃO;;;204037;204037 - CALÇA RECORTES;;;CAMISA;;;;;34/36/38/40/42/44/46/48;;2024-10-21
205013;11009;VERÃO;;;205013BEG;205013 - CALÇA RECORTES;;;CAMISA;;;;;34 AO 48;;2024-10-21
120003;22044;PERENE;;;120003;120003 - CALÇA RECORTES BLOCK;;BOTTOM;CALÇA;EGREY;MASCULINO;PROPRIA;;34/36/38/40/42/44/46/48;;2025-10-17
219080;22067;;;;219080;219080 - CALÇA RECORTES BLOCK;;;;;;;;34/36/38/40/42/44/46/48;;2025-10-21
314106;11911;VERÃO;;;314106MAN;314106 - CALÇA RECORTES CREPE;;;CAMISA;;;;;34/36/38/40/42/44/46/48;;2024-10-21
330057;21421;VERÃO;;;330057;330057 - CALÇA RECORTES HIGH-TECH UNISSEX;;BOTTOM;FEMININO;EGREY;FEMININO;;;34/36/38/40/42/44/46/48;;2025-04-14
206019ER;346;ATEMPORAL;2024;;206019;206019ER - CALÇA RECORTES MALHA;;BOTTOM;MASCULINO;EGREY;MASCULINO;;;34/36/38/40/42/44/46/48;;2024-10-15
206019;1114;INVERNO;2026;AW26;206019;206019 - CALÇA RECORTES MALHA;;BOTTOM;CALÇA;EGREY;MASCULINO;PROPRIA;;PP/P/M/G/GG/EXG/EGG/EEGG;;2024-10-19
322036;11685;VERÃO;;;322036;322036 - CALÇA REDE TRICOT;;BOTTOM;FEMININO;EGREY;FEMININO;;;PP/P/M/G/GG/EXG/EGG/EEGG;;2024-10-21
314154;9838;VERÃO;;;314154PRE;314154 - CALÇA RENATA;;;CAMISA;;;;;34 AO 48;;2024-10-21
205026;10405;VERÃO;;;205026PRE;205026 - CALÇA RENATA;;;CAMISA;;;;;34 AO 48;;2024-10-21
219059;21861;INVERNO;2026;AW26;219059;219059 - CALÇA RETA ALGODÃO;;BOTTOM;CALÇA;EGREY;MASCULINO;PROPRIA;;34/36/38/40/42/44/46/48;;2025-09-19
217058;21525;INVERNO;;;217058;217058 - CALÇA RETA BLOCK;;BOTTOM;CALÇA;EGREY;MASCULINO;PROPRIA;;34/36/38/40/42/44/46/48;;2025-04-23
120004;22051;PERENE;;;120004;120004 - CALÇA RETA BLOCK;;BOTTOM;CALÇA;EGREY;FEMININO;PROPRIA;;34/36/38/40/42/44/46/48;;2025-10-17
312032;10677;VERÃO;;;312032OFF;312032 - CALÇA RETA CINTURA ALTA;;;CAMISA;;;;;34 AO 48;;2024-10-21
203012;10639;VERÃO;;;203012;203012 - CALÇA RETA COM AMARRAÇÃO;;;CAMISA;;;;;34/36/38/40/42/44/46/48;;2024-10-21
201011;10623;VERÃO;;;201011;201011 - CALÇA RETA COM BOLSOS;;;CAMISA;;;;;34/36/38/40/42/44/46/48;;2024-10-21
332047;21881;INVERNO;2026;AW26;332047;332047 - CALÇA RETA COURO;;BOTTOM;CALÇA;EGREY;FEMININO;PROPRIA;;34/36/38/40/42/44/46/48;;2025-09-22
320034;11271;VERÃO;;;320034PRE;320034 - CALÇA RETA CREPE;;;CAMISA;;;;;34 AO 48;;2024-10-21
323010;12077;INVERNO;;;323010;323010 - CALÇA RETA CREPE;;BOTTOM;FEMININO;EGREY;FEMININO;;;34/36/38/40/42/44/46/48;;2024-10-21
239016;41251;VERÃO;2027;SS27;239016;239016 - CALÇA RETA CREPE;;BOTTOM;CALÇA;EGREY;MASCULINO;PROPRIA;;34/36/38/40/42/44/46/48;;2026-02-23
326042;12477;INVERNO;;;326042;326042 - CALÇA RETA CREPE NEW;;BOTTOM;FEMININO;EGREY;FEMININO;;;34/36/38/40/42/44/46/48;;2024-10-21
201005;10831;VERÃO;;;201005;201005 - CALÇA RETA DE LINHO;;;CAMISA;;;;;34/36/38/40/42/44/46/48;;2024-10-21
216040;970;INVERNO;;;216040;216040 - CALÇA RETA FRISO ALGODÃO;;BOTTOM;MASCULINO;EGREY;MASCULINO;;;34/36/38/40/42/44/46/48;;2024-10-15
329036;220;INVERNO;;;329036;329036 - CALÇA RETA FRISO SARJA;;BOTTOM;FEMININO;EGREY;FEMININO;;;34/36/38/40/42/44/46/48;;2024-10-14
216039;966;INVERNO;;;216039;216039 - CALÇA RETA FRISO SARJA;;TOP;MASCULINO;EGREY;MASCULINO;;;34/36/38/40/42/44/46/48;;2024-10-15
329025;208;INVERNO;;;329025;329025 - CALÇA RETA JEANS;;BOTTOM;FEMININO;EGREY;FEMININO;;;34/36/38/40/42/44/46/48;;2024-10-14
216012;872;INVERNO;;;216012;216012 - CALÇA RETA JEANS;;BOTTOM;MASCULINO;EGREY;MASCULINO;;;34/36/38/40/42/44/46/48;;2024-10-15
219058;21860;INVERNO;2026;AW26;219058;219058 - CALÇA RETA JEANS LEVE;;BOTTOM;CALÇA;EGREY;MASCULINO;PROPRIA;;34/36/38/40/42/44/46/48;;2025-09-19
336009;41290;INVERNO;2026;AW26;336009;336009 - CALÇA RETA JERSEY;;BOTTOM;CALÇA;GK PARA EGREY;FEMININO;PROPRIA;;34/36/38/40/42/44/46/48;;2026-03-06
322032;11637;VERÃO;;;322032;322032 - CALÇA RETA LINHO;;BOTTOM;FEMININO;EGREY;FEMININO;;;34/36/38/40/42/44/46/48;;2024-10-21
212011;12245;VERÃO;;;212011;212011 - CALÇA RETA LINHO;;BOTTOM;MASCULINO;EGREY;MASCULINO;;;34/36/38/40/42/44/46/48;;2024-10-21
217001;21252;VERÃO;;;217001;217001 - CALÇA RETA LINHO;;BOTTOM;MASCULINO;EGREY;MASCULINO;;;34/36/38/40/42/44/46/48;;2025-03-10
335099;41750;INVERNO;2027;AW27;335099;335099 - CALÇA RETA LUREX;;BOTTOM;CALÇA;EGREY;FEMININO;PROPRIA;;34/36/38/40/42/44/46/48;;2026-09-03
216001;848;INVERNO;;;216001;216001 - CALÇA RETA LÃ FRIA;;BOTTOM;MASCULINO;EGREY;MASCULINO;;;34/36/38/40/42/44/46/48;;2024-10-15
212023;12282;VERÃO;;;212023;212023 - CALÇA RETA LÃ FRIA;;BOTTOM;MASCULINO;EGREY;MASCULINO;;;34/36/38/40/42/44/46/48;;2024-10-21
330044;21324;VERÃO;;;330044;330044 - CALÇA RETA LÃ FRIA;;BOTTOM;FEMININO;EGREY;FEMININO;;;34/36/38/40/42/44/46/48;;2025-03-13
217023;21336;VERÃO;;;217023;217023 - CALÇA RETA LÃ FRIA;;BOTTOM;MASCULINO;EGREY;MASCULINO;;;34/36/38/40/42/44/46/48;;2025-03-13
332120;22105;INVERNO;2026;AW26;332120;332120 - CALÇA RETA LÃ PESADA;;BOTTOM;CALÇA;EGREY;FEMININO;PROPRIA;;34/36/38/40/42/44/46/48;;2025-10-30
332065;21797;INVERNO;2026;AW26;332065;332065 - CALÇA RETA LÃ PESADA;;BOTTOM;CALÇA;EGREY;FEMININO;PROPRIA;;34/36/38/40/42/44/46/48;;2025-09-16
209030;11607;VERÃO;;;209030;209030 - CALÇA RETA MALHA;;BOTTOM;MASCULINO;EGREY;MASCULINO;;;34/36/38/40/42/44/46/48;;2024-10-21
302019;1799;INVERNO;;;302019;302019 - CALÇA RETA MODELADORA;;BOTTOM;CALÇA;EGREY;FEMININO;;;PP/P/M/G/GG;;2012-10-02
332032;21772;INVERNO;2026;AW26;332032;332032 - CALÇA RETA PESPONTOS;;BOTTOM;CALÇA;EGREY;FEMININO;PROPRIA;;34/36/38/40/42/44/46/48;;2025-09-16
020865;21901;INVERNO;2026;AW26;332032;020865 - CALÇA RETA PESPONTOS;;BOTTOM;CALÇA;EGREY;;PROPRIA;;34/36/38/40/42/44/46/48;;2025-10-03
213016;408;INVERNO;;;213016;213016 - CALÇA RETA PREGA;;BOTTOM;CALÇA;EGREY;MASCULINO;;;34/36/38/40/42/44/46/48;;2024-10-15
326025;616;INVERNO;;;326025;326025 - CALÇA RETA PREGA LÃ FRIA;;TOP;FEMININO;EGREY;FEMININO;;;34/36/38/40/42/44/46/48;;2024-10-15
213015;12441;INVERNO;;;213015;213015 - CALÇA RETA PREGA XADREZ;;BOTTOM;MASCULINO;EGREY;MASCULINO;;;34/36/38/40/42/44/46/48;;2024-10-21
326024;12473;INVERNO;;;326024;326024 - CALÇA RETA PREGA XADREZ;;BOTTOM;FEMININO;EGREY;FEMININO;;;34/36/38/40/42/44/46/48;;2024-10-21
329026;210;INVERNO;;;329026;329026 - CALÇA RETA SARJA;;BOTTOM;FEMININO;EGREY;FEMININO;;;34/36/38/40/42/44/46/48;;2024-10-14
216013;874;INVERNO;;;216013;216013 - CALÇA RETA SARJA;;BOTTOM;MASCULINO;EGREY;MASCULINO;;;34/36/38/40/42/44/46/48;;2024-10-15
326019;12501;INVERNO;;;326019;326019 - CALÇA RETA SARJA;;BOTTOM;FEMININO;EGREY;FEMININO;;;34/36/38/40/42/44/46/48;;2024-10-21
332069;21802;INVERNO;2026;AW26;332069;332069 - CALÇA RETA SARJA;;BOTTOM;CALÇA;EGREY;FEMININO;PROPRIA;;34/36/38/40/42/44/46/48;;2025-09-16
213006;404;INVERNO;;;213006;213006 - CALÇA RETA TECNO;;BOTTOM;CALÇA;EGREY;MASCULINO;;;34/36/38/40/42/44/46/48;;2024-10-15
332036;21774;INVERNO;2026;AW26;332036;332036 - CALÇA RETA TECNOLOGICA NEW;;BOTTOM;CALÇA;EGREY;FEMININO;PROPRIA;;34/36/38/40/42/44/46/48;;2025-09-16
216014;876;INVERNO;;;216014;216014 - CALÇA RETA VELUDO;;BOTTOM;MASCULINO;EGREY;MASCULINO;;;34/36/38/40/42/44/46/48;;2024-10-15
323046;12083;INVERNO;;;323046;323046 - CALÇA RETA VELUDO;;BOTTOM;FEMININO;EGREY;FEMININO;;;34/36/38/40/42/44/46/48;;2024-10-21
335098;41749;INVERNO;2027;AW27;335098;335098 - CALÇA RETA VELUDO;;BOTTOM;CALÇA;EGREY;FEMININO;PROPRIA;;34/36/38/40/42/44/46/48;;2026-09-03
332048;21783;INVERNO;2026;AW26;332048;332048 - CALÇA RETA VISTA ASSIMÉTRICA LÃ FRIA;;BOTTOM;CALÇA;EGREY;FEMININO;PROPRIA;;34/36/38/40/42/44/46/48;;2025-09-16
203001;10637;VERÃO;;;203001;203001 - CALÇA SARJA 5 POCKET;;;CAMISA;;;;;34/36/38/40/42/44/46/48;;2024-10-21
207018;9932;VERÃO;INDEF - INDEFINIDO;;207018;207018 - CALÇA SARJA 5 POCKETS;;;CAMISA;;;;;34/36/38/40/42/44/46/48;;2024-10-21
205058;10401;VERÃO;;;205058;205058 - CALÇA SARJA 5 POCKETS;;;CAMISA;;;;;34/36/38/40/42/44/46/48;;2024-10-21
203020;10517;VERÃO;;;203020;203020 - CALÇA SARJA ALFAIATARIA;;;CAMISA;;;;;34/36/38/40/42/44/46/48;;2024-10-21
204034;10087;VERÃO;;;204034;204034 - CALÇA SARJA BOLSO;;;CAMISA;;;;;34/36/38/40/42/44/46/48;;2024-10-21
322021;11755;VERÃO;;;322021;322021 - CALÇA SARJA BOLSO FOLE;;BOTTOM;FEMININO;EGREY;FEMININO;;;34/36/38/40/42/44/46/48;;2024-10-21
207009;11167;VERÃO;;;207009OFF;207009 - CALÇA SARJA CORDÃO;;;CAMISA;;;;;34 AO 48;;2024-10-21
328135;12651;VERÃO;;;328135OFF;328135 - CALÇA SARJA CROPPED;;;CAMISA;;;;;34 AO 48;;2024-10-21
318029;10913;VERÃO;;;318029MAR;318029 - CALÇA SARJA DOTS;;;CAMISA;;;;;34/36/38/40/42/44/46/48;;2024-10-21
205029;10481;VERÃO;;;205029PRE;205029 - CALÇA SARJA E VELUDO;;;CAMISA;;;;;34 AO 48;;2024-10-21
213000;12503;INVERNO;;;213000;213000 - CALÇA SARJA EASY UNISSEX;;BOTTOM;MASCULINO;EGREY;MASCULINO;;;34/36/38/40/42/44/46/48;;2024-10-21
312175;11913;VERÃO;;;312175MAR;312175 - CALÇA SARJA ESTAMPADA;;;CAMISA;;;;;34 AO 48;;2024-10-21
332023;21764;INVERNO;2026;AW26;332023;332023 - CALÇA SARJA MARTINGALE UNISSEX;;BOTTOM;CALÇA;EGREY;UNISSEX;PROPRIA;;34/36/38/40/42/44/46/48;;2025-09-16
201032;10625;VERÃO;;;201032;201032 - CALÇA SARJA OLSO;;;CAMISA;;;;;34/36/38/40/42/44/46/48;;2024-10-21
212024;12259;VERÃO;;;212024;212024 - CALÇA SARJA PESPONTADA;;BOTTOM;MASCULINO;EGREY;MASCULINO;;;34/36/38/40/42/44/46/48;;2024-10-21
319076;11198;VERÃO;;;319076OFF;319076 - CALÇA SARJA PREGA ALTA;;;CAMISA;;;;;34 AO 48;;2024-10-21
210031;11729;VERÃO;;;210031;210031 - CALÇA SARJA RETA;;BOTTOM;MASCULINO;EGREY;MASCULINO;;;34/36/38/40/42/44/46/48;;2024-10-21
335056;41730;INVERNO;2027;AW27;305056;335056 - CALÇA SARJA RETA AJUSTE FIVELA;;BOTTOM;CALÇA;EGREY;FEMININO;PROPRIA;;34/36/38/40/42/44/46/48;;2026-09-02
334089;41360;VERÃO;2027;SS27;334089;334089 - CALÇA SARJA TENCEL;;BOTTOM;CALÇA;EGREY;FEMININO;PROPRIA;;34/36/38/40/42/44/46/48;;2026-03-17
329011;44;INVERNO;2026;AW26;329011;329011 - CALÇA SARJA UNISSEX;;BOTTOM;CALÇA;EGREY;UNISSEX;PROPRIA;;34/36/38/40/42/44/46/48;;2024-10-14
210030;11619;VERÃO;;;210030;210030 - CALÇA SARJA UNISSEX;;BOTTOM;MASCULINO;EGREY;MASCULINO;;;34/36/38/40/42/44/46/48;;2024-10-21
212022;12253;VERÃO;;;212022;212022 - CALÇA SARJA UNISSEX;;SAPATOS;MASCULINO;EGREY;MASCULINO;;;34/36/38/40/42/44/46/48;;2024-10-21
334069;41237;VERÃO;2027;SS27;334069;334069 - CALÇA SARJA UNISSEX;;BOTTOM;CALÇA;EGREY;FEMININO;PROPRIA;;34/36/38/40/42/44/46/48;;2026-02-20
204015;10093;VERÃO;;;204015AZU;204015 - CALÇA SAROUEL ALGODÃO;;;CAMISA;;;;;34 AO 48;;2024-10-21
325052;576;VERÃO;2024;SS24;325052;325052 - CALÇA SEDA;;TOP;FEMININO;EGREY;FEMININO;;;34/36/38/40/42/44/46/48;;2024-10-15
217004;21263;VERÃO;;;217004;217004 - CALÇA SEDA;;BOTTOM;MASCULINO;EGREY;MASCULINO;;;34/36/38/40/42/44/46/48;;2025-03-12
334036;41201;VERÃO;2027;SS27;334036;334036 - CALÇA SEDA COM PREGAS;;BOTTOM;CALÇA;EGREY;FEMININO;PROPRIA;;34/36/38/40/42/44/46/48;;2026-02-18
334172;41571;VERÃO;2027;SS27;334172;334172 - CALÇA SEDA FLUIDA;;BOTTOM;CALÇA;EGREY;FEMININO;PROPRIA;;34/36/38/40/42/44/46/48;;2026-06-19
217008;21267;VERÃO;;;217008;217008 - CALÇA SHORTS CARGO;;BOTTOM;MASCULINO;EGREY;MASCULINO;;;34/36/38/40/42/44/46/48;;2025-03-12
313189;10805;VERÃO;;;313189OFF;313189 - CALÇA SILVIE;;;CAMISA;;;;;34 AO 48;;2024-10-21
314050PRE;1112;;;;314050PRE;314050PRE - CALÇA SIXTIES;;;;;;;;34 AO 46;;2024-10-19
313165;10581;VERÃO;;;313165PRE;313165 - CALÇA SKINNY COM BOLSOS;;;CAMISA;;;;;34 AO 48;;2024-10-21
308033;11915;VERÃO;;;308033BEG;308033 - CALÇA SKINNY PROVENCE;;;CAMISA;;;;;34 AO 48;;2024-10-21
201159;10631;VERÃO;;;201159;201159 - CALÇA SKINNY VELUDO COTELÊ;;;CAMISA;;;;;34/36/38/40/42/44/46/48;;2024-10-21
335076;41772;INVERNO;2027;AW27;335076;335076 - CALÇA SLIM COURO;;BOTTOM;CALÇA;EGREY;FEMININO;PROPRIA;;34/36/38/40/42/44/46/48;;2026-09-14
335042;41729;INVERNO;2027;AW27;335042;335042 - CALÇA SLIM PESPONTOS TECNOLÓGICA;;BOTTOM;CALÇA;EGREY;FEMININO;PROPRIA;;34/36/38/40/42/44/46/48;;2026-09-02
217002;21261;VERÃO;;;217002;217002 - CALÇA SMOKING CREPE;;BOTTOM;MASCULINO;EGREY;MASCULINO;;;34/36/38/40/42/44/46/48;;2025-03-12
219007;21809;INVERNO;2026;AW26;219007;219007 - CALÇA SMOKING LÃ;;BOTTOM;CALÇA;EGREY;MASCULINO;PROPRIA;;34/36/38/40/42/44/46/48;;2025-09-17
310101;10657;VERÃO;;;310101BEG;310101 - CALÇA SOCIAL;;;CAMISA;;;;;34 AO 48;;2024-10-21
201135;10629;VERÃO;;;201135;201135 - CALÇA SOCIAL RETA;;;CAMISA;;;;;34/36/38/40/42/44/46/48;;2024-10-21
314155;10557;VERÃO;;;314155MAN;314155 - CALÇA SOFIA CREPE;;;CAMISA;;;;;34 AO 48;;2024-10-21
311127;11917;VERÃO;;;311127ROS;311127 - CALÇA SPORT ELÁSTICO;;;CAMISA;;;;;34 AO 48;;2024-10-21
326090;12529;INVERNO;;;326090;326090 - CALÇA SPORT TRICOT;;BOTTOM;CAMISA;;;;;PP/P/M/G/GG;;2024-10-21
JL065;21203;INDEF - INDEFINIDO;INDEF - INDEFINIDO;;JL065;JL065 - CALÇA SQUARE;;;;JULIANA LENZ;;;;PP/P/M/G/GG;;2025-01-22
334038;41203;VERÃO;2027;SS27;334038;334038 - CALÇA SUMMER PREGAS LINHO;;BOTTOM;CALÇA;EGREY;FEMININO;PROPRIA;;34/36/38/40/42/44/46/48;;2026-02-18
334128;41424;VERÃO;2027;SS27;334128;334128 - CALÇA SUMMER PREGAS LINHO MESCLA;;BOTTOM;CALÇA;EGREY;FEMININO;PROPRIA;;34/36/38/40/42/44/46/48;;2026-04-07
328007;12604;VERÃO;;;328007;328007 - CALÇA SURF TECNOLÓGICA;;BOTTOM;;EGREY;FEMININO;;;34/36/38/40/42/44/46/48;;2024-10-21
334094;41371;VERÃO;2027;SS27;334094;334094 - CALÇA TAJ PESPONTOS;;BOTTOM;CALÇA;EGREY;FEMININO;PROPRIA;;34/36/38/40/42/44/46/48;;2026-03-20
316015;10269;VERÃO;;;316015MAR;316015 - CALÇA TALES;;;CAMISA;;;;;34 AO 48;;2024-10-21
316006;10299;VERÃO;;;316006PRE;316006 - CALÇA TALES;;;CAMISA;;;;;34 AO 48;;2024-10-21
219037;21838;INVERNO;2026;AW26;219037;219037 - CALÇA TECH;;BOTTOM;CALÇA;EGREY;MASCULINO;PROPRIA;;34/36/38/40/42/44/46/48;;2025-09-19
313090;10759;VERÃO;;;313090;313090 - CALÇA TECNOLOGICA LISTRADA;;;CAMISA;;;;;34/36/38/40/42/44/46/48;;2024-10-21
313085;10729;VERÃO;;;313085;313085 - CALÇA TECNOLOGICA PESPONTO;;;CAMISA;;;;;34/36/38/40/42/44/46/48;;2024-10-21
204023;10098;VERÃO;;;204023;204023 - CALÇA TECNOLÓGICA;;;CAMISA;;;;;34/36/38/40/42/44/46/48;;2024-10-21
203015;10845;VERÃO;;;203015;203015 - CALÇA TECNOLÓGICA;;;CAMISA;;;;;34/36/38/40/42/44/46/48;;2024-10-21
210020;11655;VERÃO;;;210020;210020 - CALÇA TECNOLÓGICA;;BOTTOM;MASCULINO;EGREY;MASCULINO;;;PP/P/M/G/GG;;2024-10-21
322017;11661;VERÃO;;;322017;322017 - CALÇA TECNOLÓGICA;;BOTTOM;FEMININO;EGREY;FEMININO;;;34/36/38/40/42/44/46/48;;2024-10-21
212001;12255;VERÃO;;;212001;212001 - CALÇA TECNOLÓGICA;;BOTTOM;MASCULINO;EGREY;MASCULINO;;;34/36/38/40/42/44/46/48;;2024-10-21
325072;12351;VERÃO;;;325072;325072 - CALÇA TECNOLÓGICA;;BOTTOM;FEMININO;EGREY;FEMININO;;;34/36/38/40/42/44/46/48;;2024-10-21
320012;11409;VERÃO;;;320012BEG;320012 - CALÇA TECNOLÓGICA CADARÇO;;;CAMISA;;;;;34 AO 48;;2024-10-21
315218;10259;VERÃO;;;315218ROS;315218 - CALÇA TECNOLÓGICA LISA;;;CAMISA;;;;;34 AO 48;;2024-10-21
326026ERRADO;618;INVERNO;;;326026;326026ERRADO - CALÇA TECNOLÓGICA NEW;;TOP;FEMININO;EGREY;FEMININO;;;34 AO 44;;2024-10-15
326026;1158;INVERNO;;;326026;326026 - CALÇA TECNOLÓGICA NEW;;BOTTOM;FEMININO;EGREY;FEMININO;;;34/36/38/40/42/44/46/48;;2024-10-19
315071;10009;VERÃO;;;315071VER;315071 - CALÇA TECNOLÓGICA ONDAS;;;CAMISA;;;;;34/36/38/40/42/44/46/48;;2024-10-21
329107;21128;INVERNO;;;329107;329107 - CALÇA TECNOLÓGICA S/ PREGAS;;BOTTOM;FEMININO;EGREY;FEMININO;;;34/36/38/40/42/44/46/48;;2024-12-09
311062;10667;VERÃO;;;311062MAR;311062 - CALÇA TENCEL AMANDA;;;CAMISA;;;;;34 AO 48;;2024-10-21
204019;10099;VERÃO;;;204019BEG;204019 - CALÇA TENCEL LINHO;;;CAMISA;;;;;34 AO 48;;2024-10-21
311197;11919;VERÃO;;;311197AÇA;311197 - CALÇA TIRA BICOLOR;;;CAMISA;;;;;34 AO 48;;2024-10-21
318038;10917;VERÃO;;;318038;318038 - CALÇA TOKYO;;;CAMISA;;;;;34/36/38/40/42/44/46/48;;2024-10-21
322096;11829;VERÃO;;;322096;322096 - CALÇA TOKYO NEW;;BOTTOM;FEMININO;EGREY;FEMININO;;;34/36/38/40/42/44/46/48;;2024-10-21
317133;10410;VERÃO;;;317133OFF;317133 - CALÇA TRANSPASSADA CROPPED;;;CAMISA;;;;;34 AO 48;;2024-10-21
332051;21786;INVERNO;2026;AW26;332051;332051 - CALÇA TRANÇADA CASHMERE;;BOTTOM;CALÇA;EGREY;FEMININO;PROPRIA;;PP/P/M/G/GG;;2025-09-16
020862;21898;INVERNO;2026;AW26;332051;020862 - CALÇA TRANÇADA CASHMERE;;BOTTOM;CALÇA;EGREY;FEMININO;PROPRIA;;PP/P/M/G/GG;;2025-10-03
217015;21274;VERÃO;;;217015;217015 - CALÇA TRICOLINE;;BOTTOM;MASCULINO;EGREY;MASCULINO;;;34/36/38/40/42/44/46/48;;2025-03-12
239036;41314;VERÃO;2027;SS27;239036;239036 - CALÇA TRICOLINE;;BOTTOM;CALÇA;EGREY;MASCULINO;PROPRIA;;34/36/38/40/42/44/46/48;;2026-03-16
212043;21094;ATEMPORAL;INDEF - INDEFINIDO;;212043;212043 - CALÇA TRICOLINE AMPLA;;;;EGREY;;;;34/36/38/40/42/44/46/48;;2024-11-26
330056;21420;VERÃO;;;330056;330056 - CALÇA TRICOLINE COM PREGAS;;BOTTOM;FEMININO;EGREY;FEMININO;;;34/36/38/40/42/44/46/48;;2025-04-14
217029;21460;VERÃO;;;217029;217029 - CALÇA TRICOT;;BOTTOM;MASCULINO;EGREY;MASCULINO;;;PP/P/M/G/GG;;2025-04-14
219024;21827;INVERNO;2026;AW26;219024;219024 - CALÇA TRICOT;;BOTTOM;CALÇA;EGREY;MASCULINO;PROPRIA;;PP/P/M/G/GG;;2025-09-18
326007;12495;INVERNO;;;326007;326007 - CALÇA TRICOT CANELADA;;BOTTOM;FEMININO;EGREY;FEMININO;;;PP/P/M/G/GG;;2024-10-21
322043;11773;VERÃO;;;322043;322043 - CALÇA TRICOT CROPPED;;BOTTOM;FEMININO;EGREY;FEMININO;;;PP/P/M/G/GG/EXG/EGG/EEGG;;2024-10-21
211045;12339;INVERNO;;;211045;211045 - CALÇA TRICOT JACQUARD;;BOTTOM;MASCULINO;EGREY;MASCULINO;;;PP/P/M/G/GG;;2024-10-21
219023;21825;INVERNO;2026;AW26;219023;219023 - CALÇA TRICOT LÃ;;BOTTOM;CALÇA;EGREY;MASCULINO;PROPRIA;;34/36/38/40/42/44/46/48;;2025-09-17
240022;41640;INVERNO;2027;AW27;240022;240022 - CALÇA TRICOT LÃ;;BOTTOM;CALÇA;EGREY;MASCULINO;PROPRIA;;PP/P/M/G/GG;;2026-08-17
323017;12061;INVERNO;;;323017;323017 - CALÇA TRICOT PESPONTOS;;BOTTOM;FEMININO;EGREY;FEMININO;;;PP/P/M/G/GG/EXG/EGG/EEGG;;2024-10-21
325022;12349;VERÃO;;;325022;325022 - CALÇA TRICOT REDE;;BOTTOM;FEMININO;EGREY;FEMININO;;;PP/P/M/G/GG;;2024-10-21
323014;12049;INVERNO;;;323014;323014 - CALÇA TRICOT RISCA DE GIZ;;BOTTOM;FEMININO;EGREY;FEMININO;;;PP/P/M/G/GG;;2024-10-21
312139;11921;VERÃO;;;312139PRE;312139 - CALÇA VELUDO;;;CAMISA;;;;;34/36/38/40/42/44/46/48;;2024-10-21
332042;21780;INVERNO;2026;AW26;332042;332042 - CALÇA VELUDO;;BOTTOM;CALÇA;EGREY;FEMININO;PROPRIA;;34/36/38/40/42/44/46/48;;2025-09-16
312233;11923;VERÃO;;;312233;312233 - CALÇA VELUDO CAMILA;;;CAMISA;;;;;34/36/38/40/42/44/46/48;;2024-10-21
209013;11617;;;;209013;209013 - CALÇA VELUDO COTELE ALGODÃO;;BOTTOM;MASCULINO;EGREY;MASCULINO;;;34/36/38/40/42/44/46/48;;2024-10-21
317113;10425;VERÃO;;;317113PRE;317113 - CALÇA VELUDO INES;;;CAMISA;;;;;34/36/38/40/42/44/46/48;;2024-10-21
213021;12443;INDEF - INDEFINIDO;;;213021;213021 - CALÇA VELUDO PESPONTADA;;;CAMISA;;;;;34/36/38/40/42/44/46/48;;2024-10-21
314144;1098;;;;314144;314144 - CALÇA VELUDO RETA;;;;;;;;34/36/38/40/42/44/46/48;;2024-10-19
335005;41713;INVERNO;2027;AW27;335005;335005 - CALÇA WIDE LÃ FRIA;;BOTTOM;CALÇA;EGREY;FEMININO;PROPRIA;;34/36/38/40/42/44/46/48;;2026-09-02
335023;41698;INVERNO;2027;AW27;335023;335023 - CALÇA WIDE TRICOT;;BOTTOM;CALÇA;EGREY;FEMININO;PROPRIA;;PP/P/M/G/GG;;2026-09-01
317169;10426;VERÃO;;;317169BEG;317169 - CALÇA XADREZ;;;CAMISA;;;;;34 AO 48;;2024-10-21
321050;11549;VERÃO;;;321050OFF;321050 - CALÇA XADREZ;;;CAMISA;;;;;PP/P/M/G/GG/EXG/EGG/EEGG;;2024-10-21
209023;11599;VERÃO;;;209023;209023 - CALÇA XADREZ TRICOT;;BOTTOM;MASCULINO;EGREY;MASCULINO;;;PP/P/M/G/GG/EXG/EGG/EEGG;;2024-10-21
240035;41652;INVERNO;2027;AW27;240035;240035 - CALÇA XADREZ TRICOT LÃ;;BOTTOM;CALÇA;EGREY;MASCULINO;PROPRIA;;PP/P/M/G/GG;;2026-08-18
325018;12353;VERÃO;;;325018;325018 - CALÇA YORK;;BOTTOM;FEMININO;EGREY;FEMININO;;;34/36/38/40/42/44/46/48;;2024-10-21
ISHA09;41333;;;;;ISHA09 - CALÇA, ADULTO, PARA USO FEMININO, 100% COURO, NOS TAMANHOS PP, P;;;;;;;;UNICA;;2026-03-17
ISHA08;41334;;;;;ISHA08 - CALÇA, ADULTO, PARA USO FEMININO, 100% COURO, NOS TAMANHOS PP, P;;;;;;;;UNICA;;2026-03-17
002;12905;VERÃO;;;002;002 - CAMISA;;TOP;CAMISA;EGREY;MASCULINO;;;36/38/40/42/44/46;;2024-10-30
006;21641;VERÃO;;;002;006 - CAMISA;;TOP;CAMISA;EGREY;MASCULINO;;;36 AO 44;;2025-05-30
334017;41146;VERÃO;2027;SS27;334017;334017 - CAMISA  GOLA PADRE VICHY;;TOP;CAMISA;EGREY;FEMININO;PROPRIA;;34/36/38/40/42/44/46/48;;2026-02-04
212010;12243;VERÃO;;;212010;212010 - CAMISA  LISTRAS;;TOP;MASCULINO;EGREY;MASCULINO;;;34/36/38/40/42/44/46/48;;2024-10-21
312209;12781;INDEF - INDEFINIDO;INDEF - INDEFINIDO;;312209;312209 - CAMISA ABERTURA LATERAL;;;;EGREY;;;;34/36/38/40/42/44/46/48;;2024-10-24
316020;10275;VERÃO;;;316020AMA;316020 - CAMISA AFRODITE;;;CAMISA;;;;;34 AO 48;;2024-10-21
316000;10287;VERÃO;;;316000BRA;316000 - CAMISA AFRODITE;;;CAMISA;;;;;34 AO 48;;2024-10-21
328099;21611;ALTO INVERNO;;;328099;328099 - CAMISA ALGODÃO;;;;EGREY;;;;34/36/38/40/42/44/46/48;;2025-05-21
212004;12237;VERÃO;;;212004;212004 - CAMISA ALGODÃO BOLSOS;;TOP;MASCULINO;EGREY;MASCULINO;;;34/36/38/40/42/44/46/48;;2024-10-21
326058;12445;INVERNO;;;326058;326058 - CAMISA ALGODÃO BOLSOS UNISSEX;;TOP;FEMININO;EGREY;FEMININO;;;34/36/38/40/42/44/46/48;;2024-10-21
203050;9946;VERÃO;;;203050;203050 - CAMISA ALGODÃO PIMA;;;CAMISA;;;;;PP/P/M/G/GG/EXG/EGG/EEGG;;2024-10-21
240031;41648;INVERNO;2027;AW27;240031;240031 - CAMISA ALGODÃO SARJADO;;TOP;CAMISA;EGREY;MASCULINO;PROPRIA;;34/36/38/40/42/44/46/48;;2026-08-18
318023;10943;VERÃO;;;318023VER;318023 - CAMISA AMARRAÇÃO;;;CAMISA;;;;;34 AO 48;;2024-10-21
322025;11749;VERÃO;;;322025;322025 - CAMISA AMPLA;;TOP;FEMININO;EGREY;FEMININO;;;34/36/38/40/42/44/46/48;;2024-10-21
217045;21476;VERÃO;;;217045;217045 - CAMISA AMPLA ABERTURA LATERAL;;TOP;MASCULINO;EGREY;MASCULINO;;;34/36/38/40/42/44/46/48;;2025-04-14
329086;260;INVERNO;;;329086;329086 - CAMISA AMPLA ALGODÃO;;TOP;CAMISA;EGREY;FEMININO;;;34/36/38/40/42/44/46/48;;2024-10-14
213025;12435;INVERNO;;;213025;213025 - CAMISA AMPLA LISTRAS;;TOP;MASCULINO;EGREY;MASCULINO;;;34/36/38/40/42/44/46/48;;2024-10-21
324011;12148;INVERNO;;;324011;324011 - CAMISA AMPLA LÃ FRIA;;TOP;FEMININO;EGREY;FEMININO;;;34/36/38/40/42/44/46/48;;2024-10-21
316033;10283;VERÃO;;;316033LIS;316033 - CAMISA ARTEMIS;;;CAMISA;;;;;34 AO 48;;2024-10-21
328098;12671;VERÃO;;;328098;328098 - CAMISA ATOALHADA;;TOP;;EGREY;;;;PP/P/M/G/GG;;2024-10-21
216036;948;INVERNO;;;216036;216036 - CAMISA BATA SEDA;;TOP;MASCULINO;EGREY;MASCULINO;;;34/36/38/40/42/44/46/48;;2024-10-15
213026;420;INVERNO;;;213026;213026 - CAMISA BATA TENCEL;;TOP;MASCULINO;EGREY;MASCULINO;;;34/36/38/40/42/44/46/48;;2024-10-15
328087;776;VERÃO;2024;SS24;328087;328087 - CAMISA BICOLOR;;TOP;FEMININO;EGREY;FEMININO;;;34/36/38/40/42/44/46/48;;2024-10-15
301027;1471;VERÃO;;;;301027 - CAMISA BIRKIN;;TOP;TOP;;FEMININO;;;PP/P/M/G/GG;BONDUKI LINHAS. FIOS E CONF. LTDA.;2012-05-10
301065;1547;VERÃO;;;;301065 - CAMISA BLEU;;TOP;TOP;;FEMININO;;;PP/P/M/G/GG;MINAS LÃ COMÉRCIO DE FIOS LTDA.;2012-05-10
317149;10457;VERÃO;;;317149OFF;317149 - CAMISA BLISS;;;CAMISA;;;;;34 AO 48;;2024-10-21
331005;21607;VERÃO;;;331005;331005 - CAMISA BLU GLÓRIA KALIL;;TOP;FEMININO;GK PARA EGREY;FEMININO;;;34/36/38/40/42/44/46/48;;2025-05-19
204042;10096;VERÃO;;;204042;204042 - CAMISA BOLSO;;;CAMISA;;;;;34/36/38/40/42/44/46/48;;2024-10-21
204007;10097;VERÃO;;;204007BEG;204007 - CAMISA BOLSO TENCEL LINHO;;;CAMISA;;;;;34 AO 48;;2024-10-21
315157;10193;VERÃO;;;315157AZU;315157 - CAMISA BOLSOS;;;CAMISA;;;;;34 AO 48;;2024-10-21
216037;950;INVERNO;;;216037;216037 - CAMISA BOLSOS TRICOLINE;;TOP;MASCULINO;EGREY;MASCULINO;;;34/36/38/40/42/44/46/48;;2024-10-15
313107;10763;VERÃO;;;313107LIL;313107 - CAMISA BOTõES;;;CAMISA;;;;;34 AO 48;;2024-10-21
240023;41641;INVERNO;2027;AW27;240023;240023 - CAMISA BOX;;TOP;CAMISA;EGREY;MASCULINO;PROPRIA;;34/36/38/40/42/44/46/48;;2026-08-17
310138;11925;VERÃO;;;310138MAR;310138 - CAMISA CAMILA;;TOP;CAMISA;;FEMININO;;;34 AO 48;;2024-10-21
208054;11345;VERÃO;;;208054MAR;208054 - CAMISA CANELADA TRICOT;;;CAMISA;;;;;PP/P/M/G/GG/EXG/EGG/EEGG;;2024-10-21
239043;41343;VERÃO;2027;SS27;239043;239043 - CAMISA CANELADA TRICOT;;TOP;BATA;EGREY;MASCULINO;PROPRIA;;PP/P/M/G/GG;;2026-03-17
219000;21803;INVERNO;2026;AW26;219000;219000 - CAMISA CASHMERE;;TOP;CAMISA;EGREY;MASCULINO;PROPRIA;;PP/P/M/G/GG;;2025-09-17
205062;10373;VERÃO;;;205062BEG;205062 - CAMISA CHAMOIS;;;CAMISA;;;;;34 AO 48;;2024-10-21
207032;11209;VERÃO;;;207032VER;207032 - CAMISA CHAMOIS;;;CAMISA;;;;;34 AO 48;;2024-10-21
240032;41649;INVERNO;2027;AW27;240032;240032 - CAMISA CHIFFON ALGODÃO SEDA;;TOP;CAMISA;EGREY;MASCULINO;PROPRIA;;34/36/38/40/42/44/46/48;;2026-08-18
322024;548;INVERNO;;;322024;322024 - CAMISA CLÁSSICA;;TOP;FEMININO;EGREY;FEMININO;;;34/36/38/40/42/44/46/48;;2024-10-15
325091ERRADO;582;VERÃO;2024;SS24;325091;325091ERRADO - CAMISA CLÁSSICA;;TOP;FEMININO;EGREY;FEMININO;;;34 AO 44;;2024-10-15
328028;744;VERÃO;2024;SS24;328028;328028 - CAMISA CLÁSSICA;;TOP;CAMISA;EGREY;FEMININO;PROPRIA;;34/36/38/40/42/44/46/48;;2024-10-15
325091;1150;INVERNO;;;325091;325091 - CAMISA CLÁSSICA;;TOP;FEMININO;EGREY;FEMININO;;;34/36/38/40/42/44/46/48;;2024-10-19
209006;11555;VERÃO;;;209006;209006 - CAMISA CLÁSSICA;;TOP;MASCULINO;EGREY;MASCULINO;;;34/36/38/40/42/44/46/48;;2024-10-21
217012;21271;VERÃO;;;217012;217012 - CAMISA CLÁSSICA;;TOP;MASCULINO;EGREY;MASCULINO;;;34/36/38/40/42/44/46/48;;2025-03-12
330052;21333;VERÃO;;;330052;330052 - CAMISA CLÁSSICA;;TOP;FEMININO;EGREY;FEMININO;;;34/36/38/40/42/44/46/48;;2025-03-13
239005;41140;VERÃO;2027;SS27;239005;239005 - CAMISA CLÁSSICA;;TOP;CAMISA;EGREY;MASCULINO;PROPRIA;;34/36/38/40/42/44/46/48;;2026-02-04
240030;41647;INVERNO;2027;AW27;240030;240030 - CAMISA CLÁSSICA;;TOP;CAMISA;EGREY;MASCULINO;PROPRIA;;34/36/38/40/42/44/46/48;;2026-08-18
328027;12619;INVERNO;2026;AW26;328027;328027 - CAMISA CLÁSSICA GOLA RETA;;TOP;CAMISA;EGREY;FEMININO;PROPRIA;;34/36/38/40/42/44/46/48;;2024-10-21
208012;11387;VERÃO;;;208012LAR;208012 - CAMISA CLÁSSICA LINHO;;;CAMISA;;;;;34 AO 48;;2024-10-21
325049;12397;VERÃO;;;325049;325049 - CAMISA CLÁSSICA LINHO;;TOP;FEMININO;EGREY;FEMININO;;;34/36/38/40/42/44/46/48;;2024-10-21
326056ERRADO;650;INVERNO;;;326056;326056ERRADO - CAMISA CLÁSSICA LISTRAS;;TOP;FEMININO;EGREY;FEMININO;;;34 AO 44;;2024-10-15
326056;1170;INVERNO;;;326056;326056 - CAMISA CLÁSSICA LISTRAS;;TOP;FEMININO;EGREY;FEMININO;;;34/36/38/40/42/44/46/48;;2024-10-19
213012;12433;VERÃO;;;213012BEG;213012 - CAMISA CLÁSSICA LISTRAS;;;CAMISA;;;;;34 AO 48;;2024-10-21
332106;22031;VERÃO;2024;SS24;328028;332106 - CAMISA CLÁSSICA LISTRAS;;TOP;FEMININO;EGREY;FEMININO;;;34/36/38/40/42/44/46/48;;2025-10-17
216054;982;INVERNO;;;216054;216054 - CAMISA CLÁSSICA NEW;;TOP;MASCULINO;EGREY;MASCULINO;;;34/36/38/40/42/44/46/48;;2024-10-15
239008;41143;VERÃO;2027;SS27;239008;239008 - CAMISA CLÁSSICA NEW;;TOP;CAMISA;EGREY;MASCULINO;PROPRIA;;34/36/38/40/42/44/46/48;;2026-02-04
208064;372;VERÃO;2024;SS24;208064;208064 - CAMISA CLÁSSICA TRICOLINE;;BOTTOM;CALÇA;EGREY;MASCULINO;;;34/36/38/40/42/44/46/48;;2024-10-15
210058;384;VERÃO;2024;SS24;210058;210058 - CAMISA CLÁSSICA TRICOLINE;;TOP;CAMISA;EGREY;MASCULINO;;;34/36/38/40/42/44/46/48;;2024-10-15
326055ERRADO;648;INVERNO;;;326055;326055ERRADO - CAMISA CLÁSSICA TRICOLINE;;TOP;FEMININO;EGREY;FEMININO;;;34 AO 44;;2024-10-15
326055;1168;INVERNO;;;326055;326055 - CAMISA CLÁSSICA TRICOLINE;;TOP;FEMININO;EGREY;FEMININO;;;34/36/38/40/42/44/46/48;;2024-10-19
206026;11185;VERÃO;;;206026BRA;206026 - CAMISA CLÁSSICA TRICOLINE;;;CAMISA;;;;;34/36/38/40/42/44/46/48;;2024-10-21
208046;11431;VERÃO;;;208046AZU;208046 - CAMISA CLÁSSICA TRICOLINE;;;CAMISA;;;;;34 AO 48;;2024-10-21
100009;21996;PERENE;;;100009;100009 - CAMISA CLÁSSICA TRICOLINE;;TOP;CAMISA;EGREY;FEMININO;PROPRIA;;34/36/38/40/42/44/46/48;;2025-10-15
332227;22141;INVERNO;2026;AW26;332227;332227 - CAMISA CLÁSSICA VELUDO LEVE;;BOTTOM;CALÇA;EGREY;FEMININO;PROPRIA;;34/36/38/40/42/44/46/48;;2025-11-18
215009ERRADO;456;VERÃO;2024;SS24;215009;215009ERRADO - CAMISA CLÁSSICA VISTA COBERTA;;TOP;MASCULINO;EGREY;MASCULINO;;;36/38/40/42/44/46;;2024-10-15
215009;1134;VERÃO;;;215009;215009 - CAMISA CLÁSSICA VISTA COBERTA;;TOP;MASCULINO;EGREY;MASCULINO;;;34/36/38/40/42/44/46/48;;2024-10-19
120012;22083;PERENE;;;120012;120012 - CAMISA CLÁSSICA VISTA COBERTA;;TOP;CAMISA;EGREY;MASCULINO;PROPRIA;;34/36/38/40/42/44/46/48;;2025-10-22
217055;21511;VERÃO;;;217055;217055 - CAMISA CLÁSSICA VISTA COBERTA LISTRAS;;TOP;MASCULINO;EGREY;MASCULINO;;;34/36/38/40/42/44/46/48;;2025-04-18
219039;21840;INVERNO;2026;AW26;219039;219039 - CAMISA COLARINHO CURTO;;TOP;CAMISA;EGREY;MASCULINO;PROPRIA;;34/36/38/40/42/44/46/48;;2025-09-19
205008;10371;VERÃO;;;205008PRE;205008 - CAMISA COURO;;;CAMISA;;;;;34 AO 48;;2024-10-21
325088;12319;VERÃO;;;325088;325088 - CAMISA CURTA LISTRADA;;TOP;FEMININO;EGREY;FEMININO;;;34/36/38/40/42/44/46/48;;2024-10-21
325087;12317;VERÃO;;;325087;325087 - CAMISA CURTA TRICOLINE;;TOP;FEMININO;EGREY;FEMININO;;;34/36/38/40/42/44/46/48;;2024-10-21
318036;10933;VERÃO;;;318036OFF;318036 - CAMISA DE AMARRAR TRICOLINE;;;CAMISA;;;;;34 AO 48;;2024-10-21
323008;12123;INVERNO;;;323008;323008 - CAMISA DECOTE V TRICOLINE;;TOP;FEMININO;EGREY;FEMININO;;;34/36/38/40/42/44/46/48;;2024-10-21
301044;1505;VERÃO;;;;301044 - CAMISA DELON;;TOP;TOP;;FEMININO;;;PP/P/M/G/GG;BONDUKI LINHAS. FIOS E CONF. LTDA.;2012-05-10
240027;41645;INVERNO;2027;AW27;240027;240027 - CAMISA DENIM;;TOP;CAMISA;EGREY;MASCULINO;PROPRIA;;34/36/38/40/42/44/46/48;;2026-08-18
314088;9832;VERÃO;;;314088;314088 - CAMISA DEVORE;;;CAMISA;;;;;34/36/38/40/42/44/46/48;;2024-10-21
301054;1525;VERÃO;;;;301054 - CAMISA EMILIE;;INTEIROS;VESTIDO;;FEMININO;;;PP/P/M/G/GG;MINAS LÃ COMÉRCIO DE FIOS LTDA.;2012-05-10
215011;460;VERÃO;2024;SS24;215011;215011 - CAMISA ESPORTE BOLSO;;TOP;MASCULINO;EGREY;MASCULINO;;;34/36/38/40/42/44/46/48;;2024-10-15
209004;11518;VERÃO;;;209004;209004 - CAMISA ESPORTE COLARINHO BOTÃO;;TOP;MASCULINO;EGREY;MASCULINO;;;34/36/38/40/42/44/46/48;;2024-10-21
319087;11057;VERÃO;;;319087BRA;319087 - CAMISA FENDA TRICOLINE;;;CAMISA;;;;;34/36/38/40/42/44/46/48;;2024-10-21
315155;10006;VERÃO;;;315155AZU;315155 - CAMISA FENDAS LATERAIS;;;CAMISA;;;;;34/36/38/40/42/44/46/48;;2024-10-21
318024;10949;VERÃO;;;318024MAR;318024 - CAMISA FENDAS LATERAIS;;;CAMISA;;;;;34 AO 48;;2024-10-21
335043;41773;INVERNO;2027;AW27;335043;335043 - CAMISA FESTA M/L RECORTES;;TOP;CAMISA;EGREY;FEMININO;PROPRIA;;34/36/38/40/42/44/46/48;;2026-09-14
320051;11333;VERÃO;;;320051AZU;320051 - CAMISA FRANZIDA TRICOLINE;;;CAMISA;;;;;34 AO 48;;2024-10-21
320061;11335;VERÃO;;;320061ROS;320061 - CAMISA FRANZIDA TRICOLINE;;;CAMISA;;;;;34/36/38/40/42/44/46/48;;2024-10-21
210042;11671;VERÃO;;;210042;210042 - CAMISA FURADA TRICOT;;TOP;MASCULINO;EGREY;MASCULINO;;;PP/P/M/G/GG/EXG/EGG/EEGG;;2024-10-21
209018;11540;VERÃO;;;209018;209018 - CAMISA GAZE XADREZ;;TOP;MASCULINO;EGREY;MASCULINO;;;34/36/38/40/42/44/46/48;;2024-10-21
201130;10966;VERÃO;;;201130;201130 - CAMISA GOLA BASIC;;;CAMISA;;;;;34/36/38/40/42/44/46/48;;2024-10-21
201010;10505;VERÃO;;;201010;201010 - CAMISA GOLA DUPLA;;;CAMISA;;;;;34/36/38/40/42/44/46/48;;2024-10-21
204004;10084;VERÃO;;;204004OFF;204004 - CAMISA GOLA DUPLA CUPRO;;;CAMISA;;;;;34 AO 48;;2024-10-21
202060;9956;VERÃO;;;202060;202060 - CAMISA GOLA DUPLA TRICOLINE;;;CAMISA;;;;;34/36/38/40/42/44/46/48;;2024-10-21
202057;1102;;;;202057;202057 - CAMISA GOLA PADRE;;;;;;;;34/36/38/40/42/44/46/48;;2024-10-19
203030;10515;VERÃO;;;203030;203030 - CAMISA GOLA PADRE;;;CAMISA;;;;;34/36/38/40/42/44/46/48;;2024-10-21
201040;10963;VERÃO;;;201040;201040 - CAMISA GOLA PADRE;;;CAMISA;;;;;34/36/38/40/42/44/46/48;;2024-10-21
239006;41142;VERÃO;2027;SS27;239006;239006 - CAMISA GOLA PADRE;;TOP;CAMISA;EGREY;MASCULINO;PROPRIA;;34/36/38/40/42/44/46/48;;2026-02-04
211008;11997;VERÃO;;;211008;211008 - CAMISA GOLA PADRE ANARRUGA;;TOP;MASCULINO;EGREY;MASCULINO;;;34/36/38/40/42/44/46/48;;2024-10-21
215010;458;VERÃO;2024;SS24;215010;215010 - CAMISA GOLA PADRE BICOLOR;;TOP;MASCULINO;EGREY;MASCULINO;;;34/36/38/40/42/44/46/48;;2024-10-15
208010;11263;VERÃO;;;208010;208010 - CAMISA GOLA PADRE BOLSOS;;;CAMISA;;;;;34/36/38/40/42/44/46/48;;2024-10-21
208011;11391;VERÃO;;;208011BEG;208011 - CAMISA GOLA PADRE LINHO;;;CAMISA;;;;;34 AO 48;;2024-10-21
219040;21841;INVERNO;2026;AW26;219040;219040 - CAMISA GOLA PADRE LISTRAS;;TOP;CAMISA;EGREY;MASCULINO;PROPRIA;;34/36/38/40/42/44/46/48;;2025-09-19
210013;11705;VERÃO;;;210013;210013 - CAMISA GOLA PADRE OVERSIZED;;TOP;MASCULINO;EGREY;MASCULINO;;;34/36/38/40/42/44/46/48;;2024-10-21
334164;41502;VERÃO;2027;SS27;334164;334164 - CAMISA GOLA RETA TENCEL;;TOP;CAMISA;EGREY;FEMININO;PROPRIA;;34/36/38/40/42/44/46/48;;2026-04-22
206007;11037;VERÃO;;;206007OFF;206007 - CAMISA GOLA V;;;CAMISA;;;;;34 AO 48;;2024-10-21
316001;10289;VERÃO;;;316001BRA;316001 - CAMISA HERA;;;CAMISA;;;;;34 AO 48;;2024-10-21
217030;21461;VERÃO;;;217030;217030 - CAMISA JACQUARD TRICOT;;TOP;MASCULINO;EGREY;MASCULINO;;;PP/P/M/G/GG;;2025-04-14
328134;804;VERÃO;2024;SS24;328134;328134 - CAMISA JEANS CLARO UNISSEX;;TOP;FEMININO;EGREY;FEMININO;;;34/36/38/40/42/44/46/48;;2024-10-15
328133;802;VERÃO;2024;SS24;328133;328133 - CAMISA JEANS ESCURO UNISSEX;;TOP;FEMININO;EGREY;FEMININO;;;34/36/38/40/42/44/46/48;;2024-10-15
332000;21740;INVERNO;2026;AW26;332000;332000 - CAMISA JEANS GOLA RETA;;TOP;CAMISA;EGREY;FEMININO;PROPRIA;;34/36/38/40/42/44/46/48;;2025-09-15
217028;21459;VERÃO;;;217028;217028 - CAMISA JEANS UNISSEX;;OUTERWEAR;UNISSEX;EGREY;UNISSEX;;;34/36/38/40/42/44/46/48;;2025-04-14
219044;21845;INVERNO;2026;AW26;219044;219044 - CAMISA JERSEY;;TOP;CAMISA;EGREY;MASCULINO;PROPRIA;;34/36/38/40/42/44/46/48;;2025-09-19
020849;21890;INVERNO;2026;AW26;;020849 - CAMISA JERSEY;;TOP;CAMISA;EGREY;MASCULINO;PROPRIA;;34/36/38/40/42/44/46/48;;2025-09-29
325055;12422;VERÃO;;;325055;325055 - CAMISA JUSTA REDE PRAIA;;TOP;FEMININO;EGREY;FEMININO;;;PP/P/M/G/GG;;2024-10-21
330033;21313;VERÃO;;;330033;330033 - CAMISA JUSTA TRICOT;;TOP;FEMININO;EGREY;FEMININO;;;PP/P/M/G/GG;;2025-03-12
315209;10213;VERÃO;;;315209BEG;315209 - CAMISA KATE;;;CAMISA;;;;;34 AO 48;;2024-10-21
334025;41160;VERÃO;2027;SS27;334025;334025 - CAMISA LAISE;;TOP;CAMISA;EGREY;FEMININO;PROPRIA;;34/36/38/40/42/44/46/48;;2026-02-11
331000;21338;VERÃO;;;331000;331000 - CAMISA LANTERNA GLÓRIA KALIL;;TOP;FEMININO;GK PARA EGREY;FEMININO;;;34/36/38/40/42/44/46/48;;2025-03-13
203029;10513;VERÃO;;;203029;203029 - CAMISA LAPELA;;;CAMISA;;;;;34/36/38/40/42/44/46/48;;2024-10-21
330071;21435;VERÃO;;;330071;330071 - CAMISA LEVE IKAT;;TOP;FEMININO;EGREY;FEMININO;;;34/36/38/40/42/44/46/48;;2025-04-14
330102;21517;VERÃO;;;330102;330102 - CAMISA LEVE SEDA;;TOP;FEMININO;EGREY;FEMININO;;;34/36/38/40/42/44/46/48;;2025-04-21
320022;11395;VERÃO;;;320022OFF;320022 - CAMISA LINHO;;;CAMISA;;;;;34 AO 48;;2024-10-21
212030;12235;VERÃO;;;212030;212030 - CAMISA LINHO BOLSOS;;TOP;MASCULINO;EGREY;MASCULINO;;;34/36/38/40/42/44/46/48;;2024-10-21
217010;21269;VERÃO;;;217010;217010 - CAMISA LINHO BOLSOS;;TOP;MASCULINO;EGREY;MASCULINO;;;34/36/38/40/42/44/46/48;;2025-03-12
239071;41488;VERÃO;2027;SS27;239071;239071 - CAMISA LINHO DELHI;;TOP;CAMISA;EGREY;MASCULINO;PROPRIA;;34/36/38/40/42/44/46/48;;2026-04-18
320021;11379;VERÃO;;;320021MAR;320021 - CAMISA LINHO ESTAMPADO;;;CAMISA;;;;;34 AO 48;;2024-10-21
00165;141;VERÃO;2010;SS10;;00165 - CAMISA LINHO FEM. EGREY;;;;;;;;PP/P/M/G/GG;;2010-09-15
210001;11691;VERÃO;;;210001;210001 - CAMISA LINHO MEIA VISTA GOLA PADRE;;TOP;MASCULINO;EGREY;MASCULINO;;;34/36/38/40/42/44/46/48;;2024-10-21
239077;41505;VERÃO;2027;SS27;239077;239077 - CAMISA LINHO MESCLA BOLSOS;;TOP;CAMISA;EGREY;MASCULINO;PROPRIA;;34/36/38/40/42/44/46/48;;2026-04-23
328025;742;VERÃO;2024;SS24;328025;328025 - CAMISA LINHO PREGA COSTAS;;INTEIROS;VESTIDO;EGREY;FEMININO;;;34/36/38/40/42/44/46/48;;2024-10-15
331002;21340;VERÃO;;;331002;331002 - CAMISA LIRA GLÓRIA KALIL;;TOP;FEMININO;GK PARA EGREY;FEMININO;;;34/36/38/40/42/44/46/48;;2025-03-13
204070;10223;VERÃO;;;204070PRE;204070 - CAMISA LISA MISTO SEDA;;;CAMISA;;;;;34 AO 48;;2024-10-21
208036;11287;VERÃO;;;208036LIS;208036 - CAMISA LISTRADA;;;CAMISA;;;;;34 AO 48;;2024-10-21
210012;11701;VERÃO;;;210012;210012 - CAMISA LISTRADA GOLA PADRE OVERSIZED;;TOP;MASCULINO;EGREY;MASCULINO;;;34/36/38/40/42/44/46/48;;2024-10-21
210069;11805;VERÃO;;;210069;210069 - CAMISA LISTRAS ASSIMÉTRICAS;;TOP;MASCULINO;EGREY;MASCULINO;;;PP/P/M/G/GG;;2024-10-21
329056;944;INVERNO;;;329056;329056 - CAMISA LISTRAS OVERSIZED;;TOP;UNISSEX;EGREY;UNISSEX;;;34/36/38/40/42/44/46/48;;2024-10-15
332002;21742;INVERNO;2026;AW26;332002;332002 - CAMISA LOOK;;TOP;CAMISA;EGREY;FEMININO;PROPRIA;;34/36/38/40/42/44/46/48;;2025-09-16
332105;22030;INVERNO;2026;AW26;332105;332105 - CAMISA LOOK LISTRADO;;TOP;CAMISA;EGREY;FEMININO;PROPRIA;;34/36/38/40/42/44/46/48;;2025-10-17
219045;21846;INVERNO;2026;AW26;219045;219045 - CAMISA MALHA;;TOP;CAMISA;EGREY;MASCULINO;PROPRIA;;34/36/38/40/42/44/46/48;;2025-09-19
213023;416;INVERNO;;;213023;213023 - CAMISA MALHA ALGODÃO;;BOTTOM;MASCULINO;EGREY;MASCULINO;;;PP/P/M/G/GG/EXG/EGG/EEGG;;2024-10-15
206021;362;ATEMPORAL;2024;;206021;206021 - CAMISA MALHA PIMA;;BOTTOM;CALÇA;EGREY;MASCULINO;;;PP/P/M/G/GG;;2024-10-15
206012;11045;VERÃO;;;206012AZU;206012 - CAMISA MALHA PIMA;;;CAMISA;;;;;PP/P/M/G/GG/EXG/EGG/EEGG;;2024-10-21
120000;21932;PERENE;;;120000;120000 - CAMISA MALHA PIMA;;TOP;CAMISA;EGREY;MASCULINO;PROPRIA;;PP/P/M/G/GG;;2025-10-14
335014;41722;INVERNO;2027;AW27;335014;335014 - CAMISA MALHA SEDA;;TOP;CAMISA;;FEMININO;;;34/36/38/40/42/44/46/48;;2026-09-02
323007;12069;INVERNO;;;323007;323007 - CAMISA MANGA 3/4;;TOP;FEMININO;EGREY;FEMININO;;;34/36/38/40/42/44/46/48;;2024-10-21
323040;12067;INVERNO;;;323040;323040 - CAMISA MANGA BUFANTE ANARRUGA;;TOP;FEMININO;EGREY;FEMININO;;;34/36/38/40/42/44/46/48;;2024-10-21
208005;366;ATEMPORAL;2024;;208005;208005 - CAMISA MANGA CURTA;;BOTTOM;CALÇA;EGREY;MASCULINO;;;PP/P/M/G/GG;;2024-10-15
210057;11727;VERÃO;;;210057;210057 - CAMISA MANGA CURTA;;TOP;MASCULINO;EGREY;MASCULINO;;;34/36/38/40/42/44/46/48;;2024-10-21
120001;21933;PERENE;;;120001;120001 - CAMISA MANGA CURTA;;TOP;CAMISA;EGREY;MASCULINO;PROPRIA;;PP/P/M/G/GG;;2025-10-14
212048;12597;VERÃO;;;212048;212048 - CAMISA MANGA CURTA ANARRUGA;;TOP;MASCULINO;EGREY;MASCULINO;;;34/36/38/40/42/44/46/48;;2024-10-21
208024;11365;VERÃO;;;208024MCO;208024 - CAMISA MANGA CURTA CAMBRAIA;;;CAMISA;;;;;34 AO 48;;2024-10-21
207019;11101;VERÃO;;;207019MAR;207019 - CAMISA MANGA CURTA ESTAMPADA;;;CAMISA;;;;;34 AO 48;;2024-10-21
208025;11361;VERÃO;;;208025OFF;208025 - CAMISA MANGA CURTA LINHO;;;CAMISA;;;;;34 AO 48;;2024-10-21
210027;11725;VERÃO;;;210027;210027 - CAMISA MANGA CURTA LINHO;;BOTTOM;MASCULINO;EGREY;MASCULINO;;;34/36/38/40/42/44/46/48;;2024-10-21
205061;10899;VERÃO;;;205061PRE;205061 - CAMISA MANGA CURTA LISTRAS;;;CAMISA;;;;;PP/P/M/G/GG/EXG/EGG/EEGG;;2024-10-21
212039;12414;VERÃO;;;212039;212039 - CAMISA MANGA CURTA LISTRAS;;TOP;MASCULINO;EGREY;MASCULINO;;;34/36/38/40/42/44/46/48;;2024-10-21
205015;10360;VERÃO;;;205015MIL;205015 - CAMISA MANGA CURTA SARJA ALGODÃO;;;CAMISA;;;;;34 AO 48;;2024-10-21
212034;12275;VERÃO;;;212034;212034 - CAMISA MANGA CURTA SEDA;;TOP;MASCULINO;;MASCULINO;;;34/36/38/40/42/44/46/48;;2024-10-21
213039;12507;INVERNO;;;213039;213039 - CAMISA MANGA CURTA TRICOT;;TOP;MASCULINO;EGREY;MASCULINO;;;PP/P/M/G/GG;;2024-10-21
206008;11039;VERÃO;;;206008OFF;206008 - CAMISA MANGA LONGA LINHO;;;CAMISA;;;;;34 AO 48;;2024-10-21
216050;934;INVERNO;;;216050;216050 - CAMISA MANGA LONGA TRICOT;;TOP;MASCULINO;EGREY;MASCULINO;;;PP/P/M/G/GG;;2024-10-15
319047;11088;VERÃO;;;319047PRE;319047 - CAMISA MANGA PÊRA FLORAL;;;CAMISA;;;;;34 AO 48;;2024-10-21
204003;10088;VERÃO;;;204003;204003 - CAMISA MANGAS CURTAS;;;CAMISA;;;;;34/36/38/40/42/44/46/48;;2024-10-21
313221;10733;VERÃO;;;313221PRE;313221 - CAMISA MANGAS CURTAS;;;CAMISA;;;;;34 AO 48;;2024-10-21
310183;10549;VERÃO;;;310183AZU;310183 - CAMISA MANGAS LONGAS;;;CAMISA;;;;;34 AO 48;;2024-10-21
312210;10567;VERÃO;;;312210AZU;312210 - CAMISA MANGAS LONGAS;;;CAMISA;;;;;34 AO 48;;2024-10-21
202006;10967;VERÃO;;;202006;202006 - CAMISA MANGAS LONGAS TRICOLINE;;;CAMISA;;;;;34/36/38/40/42/44/46/48;;2024-10-21
SIE0001;22163;INDEF - INDEFINIDO;;;SIE0001;SIE0001 - CAMISA MASCULINA;;;;;;;;PP/P/M/G/GG;;2025-12-03
239048;41348;VERÃO;2027;SS27;239048;239048 - CAMISA MC AJOUR LINHO;;TOP;CAMISA;EGREY;MASCULINO;PROPRIA;;34/36/38/40/42/44/46/48;;2026-03-17
219013;21813;INVERNO;2026;AW26;219013;219013 - CAMISA MC ALGODÃO GRAVATARIA;;TOP;CAMISA;EGREY;MASCULINO;PROPRIA;;34/36/38/40/42/44/46/48;;2025-09-17
239033;41311;VERÃO;2027;SS27;239033;239033 - CAMISA MC ALGODÃO MAPS;;TOP;CAMISA;EGREY;MASCULINO;PROPRIA;;34/36/38/40/42/44/46/48;;2026-03-16
217046;21477;VERÃO;;;217046;217046 - CAMISA MC ANARRUGA BOLSO;;TOP;MASCULINO;EGREY;MASCULINO;;;34/36/38/40/42/44/46/48;;2025-04-14
215021;13031;VERÃO;;;215021;215021 - CAMISA MC ATOALHADA;;;;EGREY;;;;PP/P/M/G/GG;;2024-11-12
322053;11783;VERÃO;;;322053;322053 - CAMISA MC CREPE;;TOP;FEMININO;EGREY;FEMININO;;;34/36/38/40/42/44/46/48;;2024-10-21
215027;478;VERÃO;2024;SS24;215027;215027 - CAMISA MC LINHO;;TOP;MASCULINO;EGREY;MASCULINO;;;34/36/38/40/42/44/46/48;;2024-10-15
217064;21647;VERÃO;;;217064;217064 - CAMISA MC LINHO;;TOP;MASCULINO;EGREY;MASCULINO;;;34/36/38/40/42/44/46/48;;2025-06-16
217062;21624;VERÃO;;;217062;217062 - CAMISA MC LINHO BOLSO;;TOP;MASCULINO;EGREY;MASCULINO;;;34/36/38/40/42/44/46/48;;2025-05-23
313105;11927;VERÃO;;;313105;313105 - CAMISA MC PREGA;;;CAMISA;;;;;34/36/38/40/42/44/46/48;;2024-10-21
217007;21266;VERÃO;;;217007;217007 - CAMISA MC SEDA;;TOP;MASCULINO;EGREY;MASCULINO;;;34/36/38/40/42/44/46/48;;2025-03-12
239057;41386;VERÃO;2027;SS27;239057;239057 - CAMISA MC SEDA CRINKLE;;TOP;CAMISA;EGREY;MASCULINO;PROPRIA;;34/36/38/40/42/44/46/48;;2026-03-30
217006;21265;VERÃO;;;217006;217006 - CAMISA MC SEDA IKAT;;TOP;MASCULINO;EGREY;MASCULINO;;;34/36/38/40/42/44/46/48;;2025-03-12
210070;11807;VERÃO;;;210070;210070 - CAMISA MEIA VISTA GOLA PADRE;;TOP;MASCULINO;EGREY;MASCULINO;;;34/36/38/40/42/44/46/48;;2024-10-21
240001;41623;INVERNO;2027;AW27;240001;240001 - CAMISA MERINO;;TOP;CAMISA;EGREY;MASCULINO;PROPRIA;;PP/P/M/G/GG;;2026-08-17
331004;21342;VERÃO;;;331004;331004 - CAMISA MILA GLÓRIA KALIL;;TOP;FEMININO;GK PARA EGREY;FEMININO;;;34/36/38/40/42/44/46/48;;2025-03-13
219014;21814;INVERNO;2026;AW26;219014;219014 - CAMISA ML GRAVATARIA;;TOP;CAMISA;EGREY;MASCULINO;PROPRIA;;34/36/38/40/42/44/46/48;;2025-09-17
215026;476;VERÃO;2024;SS24;215026;215026 - CAMISA ML LINHO EASY;;TOP;MASCULINO;EGREY;MASCULINO;;;34/36/38/40/42/44/46/48;;2024-10-15
239074;41495;VERÃO;2027;SS27;239074;239074 - CAMISA ML SEDA;;TOP;CAMISA;EGREY;MASCULINO;PROPRIA;;34/36/38/40/42/44/46/48;;2026-04-21
219015;21815;INVERNO;2026;AW26;219015;219015 - CAMISA ML SEDA LENÇO;;TOP;CAMISA;EGREY;MASCULINO;PROPRIA;;34/36/38/40/42/44/46/48;;2025-09-17
217031;21462;VERÃO;;;217031;217031 - CAMISA ML TRICOT;;TOP;MASCULINO;EGREY;MASCULINO;;;PP/P/M/G/GG;;2025-04-14
219021;21823;INVERNO;2026;AW26;219021;219021 - CAMISA ML VISTA COBERTA;;TOP;CAMISA;EGREY;MASCULINO;PROPRIA;;34/36/38/40/42/44/46/48;;2025-09-17
313254;10744;VERÃO;;;313254LIL;313254 - CAMISA MONICA LINEN;;;CAMISA;;;;;34/36/38/40/42/44/46/48;;2024-10-21
210008;11695;VERÃO;;;210008;210008 - CAMISA OVERSIZED LAVADA;;TOP;MASCULINO;EGREY;MASCULINO;;;34/36/38/40/42/44/46/48;;2024-10-21
321006;11463;VERÃO;;;321006;321006 - CAMISA OXFORD CLÁSSICA;;TOP;FEMININO;EGREY;FEMININO;;;34/36/38/40/42/44/46/48;;2024-10-21
239060;41421;VERÃO;2027;SS27;239060;239060 - CAMISA PALA MC;;TOP;CAMISA;EGREY;MASCULINO;PROPRIA;;34/36/38/40/42/44/46/48;;2026-04-06
239010;41153;VERÃO;2027;SS27;239010;239010 - CAMISA PALA ML;;TOP;CAMISA;EGREY;MASCULINO;PROPRIA;;34/36/38/40/42/44/46/48;;2026-02-06
213011;12833;VERÃO;;;213011;213011 - CAMISA PALA TRICOLINE;;TOP;MASCULINO;EGREY;MASCULINO;;;34/36/38/40/42/44/46/48;;2024-10-25
317177;10433;VERÃO;;;317177AZU;317177 - CAMISA PARIS;;;CAMISA;;;;;34 AO 48;;2024-10-21
140002;22109;INVERNO;2026;AW26;140002;140002 - CAMISA PIJAMA MC;;TOP;CAMISA;EGREY;HOME;PROPRIA;;34/36/38/40/42/44/46/48;;2025-11-05
140000;22107;INVERNO;2026;AW26;140000;140000 - CAMISA PIJAMA ML;;TOP;CAMISA;EGREY;HOME;PROPRIA;;34/36/38/40/42/44/46/48;;2025-11-05
205056;10381;VERÃO;;;205056;205056 - CAMISA PIQUET PIMA;;;CAMISA;;;;;PP/P/M/G/GG/EXG/EGG/EEGG;;2024-10-21
215034OFF;12995;VERÃO;;;;215034OFF - CAMISA POLO, MANGA CURTA, PARA USO MASCULINO, ADULTO, CONFECCIONADA EM MALHA 60% ALGODAO 40% POLIESTER;;;;EGREY;;;;UNICA;;2024-11-07
215034NAVY;12994;VERÃO;;;;215034NAVY - CAMISA POLO, MANGA CURTA, PARA USO MASCULINO, ADULTO, CONFECCIONADA EM MALHA 60% ALGODÃO 40% POLIESTER;;;;EGREY;;;;UNICA;;2024-11-07
205011;10363;VERÃO;;;205011;205011 - CAMISA PREGA;;;CAMISA;;;;;34/36/38/40/42/44/46/48;;2024-10-21
315181;10008;VERÃO;;;315181OFF;315181 - CAMISA PREGAS;;;CAMISA;;;;;34 AO 48;;2024-10-21
335039;41721;INVERNO;2027;AW27;335039;335039 - CAMISA RAGLAN AMPLA;;TOP;CAMISA;EGREY;FEMININO;PROPRIA;;34/36/38/40/42/44/46/48;;2026-09-02
322035;11767;VERÃO;;;322035;322035 - CAMISA REDE TRICOT;;TOP;FEMININO;EGREY;FEMININO;;;PP/P/M/G/GG/EXG/EGG/EEGG;;2024-10-21
210011;11699;VERÃO;;;210011;210011 - CAMISA REGULAR BOLSO;;TOP;MASCULINO;EGREY;MASCULINO;;;34/36/38/40/42/44/46/48;;2024-10-21
PN00004;605;ALTO INVERNO;2011;AW11;PJE01-130-04;PN00004 - CAMISA RETILÍNEA;;TOP;TOP;PRETORIAN;MASCULINO;;;PP/P/M/G/GG;;2011-05-30
219060;21862;INVERNO;2026;AW26;219060;219060 - CAMISA REY BLOCK;;TOP;CAMISA;EGREY;MASCULINO;PROPRIA;;34/36/38/40/42/44/46/48;;2025-09-19
205009;11007;VERÃO;;;205009MOS;205009 - CAMISA SARJA;;;CAMISA;;;;;34 AO 48;;2024-10-21
239064;41441;VERÃO;2027;SS27;239064;239064 - CAMISA SARJA LEVE;;TOP;CAMISA;EGREY;MASCULINO;PROPRIA;;34/36/38/40/42/44/46/48;;2026-04-13
209021;11589;VERÃO;;;209021;209021 - CAMISA SARJA MANTA RECICLADA;;OUTERWEAR;MASCULINO;EGREY;MASCULINO;;;34/36/38/40/42/44/46/48;;2024-10-21
325053ERRADO;578;VERÃO;2024;SS24;325053;325053ERRADO - CAMISA SEDA;;TOP;FEMININO;EGREY;FEMININO;;;34 AO 44;;2024-10-15
326065ERRADO;654;INVERNO;;;326065;326065ERRADO - CAMISA SEDA;;TOP;FEMININO;EGREY;FEMININO;;;34 AO 44;;2024-10-15
325053;1148;INVERNO;;;325053;325053 - CAMISA SEDA;;TOP;FEMININO;EGREY;FEMININO;;;34/36/38/40/42/44/46/48;;2024-10-19
326065;1174;INVERNO;;;326065;326065 - CAMISA SEDA;;TOP;FEMININO;EGREY;FEMININO;;;34/36/38/40/42/44/46/48;;2024-10-19
208019;11285;VERÃO;;;208019VER;208019 - CAMISA SEDA;;;CAMISA;;;;;34 AO 48;;2024-10-21
210055;11669;VERÃO;;;210055;210055 - CAMISA SEDA;;TOP;MASCULINO;EGREY;MASCULINO;;;34/36/38/40/42/44/46/48;;2024-10-21
212040;12412;VERÃO;;;212040;212040 - CAMISA SEDA;;TOP;MASCULINO;;MASCULINO;;;34/36/38/40/42/44/46/48;;2024-10-21
215003;12681;VERÃO;;;215003;215003 - CAMISA SEDA MC ESTAMPA TIE DYE;;TOP;MASCULINO;EGREY;MASCULINO;;;34/36/38/40/42/44/46/48;;2024-10-21
215005;12907;VERÃO;;;215005;215005 - CAMISA SEDA ML EASY;;TOP;CAMISA;EGREY;MASCULINO;;;34/36/38/40/42/44/46/48;;2024-10-30
213029;12437;INVERNO;;;213029;213029 - CAMISA SEDA TRANSPARENTE;;TOP;MASCULINO;EGREY;MASCULINO;;;34/36/38/40/42/44/46/48;;2024-10-21
239007;41141;VERÃO;2027;SS27;239007;239007 - CAMISA SLIM;;TOP;CAMISA;EGREY;MASCULINO;PROPRIA;;34/36/38/40/42/44/46/48;;2026-02-04
217013;21272;VERÃO;;;217013;217013 - CAMISA SLIM JERSEY;;TOP;MASCULINO;EGREY;MASCULINO;;;PP/P/M/G/GG/EXG/EGG/EEGG;;2025-03-12
335003;41712;INVERNO;2027;AW27;335003;335003 - CAMISA SLIM JERSEY;;TOP;CAMISA;EGREY;FEMININO;PROPRIA;;34/36/38/40/42/44/46/48;;2026-09-02
322103;11823;VERÃO;;;322103;322103 - CAMISA SMOKING;;TOP;FEMININO;EGREY;FEMININO;;;34/36/38/40/42/44/46/48;;2024-10-21
332001;21741;INVERNO;2026;AW26;332001;332001 - CAMISA SMOKING;;TOP;CAMISA;EGREY;FEMININO;PROPRIA;;34/36/38/40/42/44/46/48;;2025-09-16
334130;41431;VERÃO;2027;SS27;334130;334130 - CAMISA SMOKING ALGODÃO;;TOP;CAMISA;EGREY;FEMININO;PROPRIA;;34/36/38/40/42/44/46/48;;2026-04-09
239054;41320;VERÃO;2027;SS27;239054;239054 - CAMISA SMOKING GOLA PADRE;;TOP;CAMISA;EGREY;MASCULINO;PROPRIA;;34/36/38/40/42/44/46/48;;2026-03-16
239027;41261;VERÃO;2027;SS27;239027;239027 - CAMISA SMOKING LEVE;;TOP;CAMISA;EGREY;MASCULINO;PROPRIA;;34/36/38/40/42/44/46/48;;2026-02-23
322013;11745;VERÃO;;;322013;322013 - CAMISA SMOKING LINHO;;TOP;FEMININO;EGREY;FEMININO;;;34/36/38/40/42/44/46/48;;2024-10-21
212005;12281;VERÃO;;;212005;212005 - CAMISA SMOKING LINHO;;TOP;MASCULINO;EGREY;MASCULINO;;;34/36/38/40/42/44/46/48;;2024-10-21
325001;12285;VERÃO;;;325001;325001 - CAMISA SMOKING LINHO;;TOP;FEMININO;EGREY;FEMININO;;;34/36/38/40/42/44/46/48;;2024-10-21
330010;21291;VERÃO;;;330010;330010 - CAMISA SMOKING LINHO;;TOP;CAMISA;EGREY;FEMININO;PROPRIA;;34/36/38/40/42/44/46/48;;2025-03-12
334106;41392;VERÃO;2027;SS27;334106;334106 - CAMISA SMOKING LINHO;;TOP;CAMISA;EGREY;FEMININO;PROPRIA;;34/36/38/40/42/44/46/48;;2026-03-31
332107;22032;INVERNO;2026;AW26;332107;332107 - CAMISA SMOKING LISTRAS;;TOP;CAMISA;EGREY;FEMININO;PROPRIA;;34/36/38/40/42/44/46/48;;2025-10-17
334047;41219;VERÃO;2027;SS27;334047;334047 - CAMISA SMOKING MAPS;;TOP;CAMISA;EGREY;FEMININO;PROPRIA;;34/36/38/40/42/44/46/48;;2026-02-19
334044;41209;VERÃO;2027;SS27;334044;334044 - CAMISA SUMMER LINHO;;TOP;CAMISA;EGREY;FEMININO;PROPRIA;;34/36/38/40/42/44/46/48;;2026-02-19
334050;41222;VERÃO;2027;SS27;334050;334050 - CAMISA SUMMER TILE;;TOP;CAMISA;EGREY;FEMININO;PROPRIA;;34/36/38/40/42/44/46/48;;2026-02-19
217032;21463;VERÃO;;;217032;217032 - CAMISA TELA COM GOLA TRICOT;;TOP;MASCULINO;EGREY;MASCULINO;;;PP/P/M/G/GG;;2025-04-14
203028;9940;VERÃO;;;203028;203028 - CAMISA TENCEL BOLSO;;;CAMISA;;;;;34/36/38/40/42/44/46/48;;2024-10-21
208044;11339;VERÃO;;;208044LAR;208044 - CAMISA TEXTURA LISTRADA TRICOT;;;CAMISA;;;;;PP/P/M/G/GG/EXG/EGG/EEGG;;2024-10-21
313219;10732;VERÃO;;;313219LIL;313219 - CAMISA THEA;;;CAMISA;;;;;34 AO 48;;2024-10-21
315216;10051;VERÃO;;;315216MAR;315216 - CAMISA THEA DAISY;;;CAMISA;;;;;34/36/38/40/42/44/46/48;;2024-10-21
12.0209;1653;VERÃO;;;12.0209;12.0209 - CAMISA TIE DIE;;TOP;TOP;THELURE;FEMININO;;;PP/P/M/G/GG;;2012-07-13
205064;11008;VERÃO;;;205064BOR;205064 - CAMISA TINGIDA;;;CAMISA;;;;;34 AO 48;;2024-10-21
317176;10411;VERÃO;;;317176AZU;317176 - CAMISA TOKYO;;;CAMISA;;;;;34 AO 48;;2024-10-21
00288;309;INVERNO;;;;00288 - CAMISA TRANCOSO;;;FEMININO;BOBÔ;FEMININO;;;PP/P/M/G/GG;;2010-12-07
204040;10086;VERÃO;;;204040OFF;204040 - CAMISA TRANSPARENTE AMPLA MISTO SEDA;;;CAMISA;;;;;34 AO 48;;2024-10-21
320048;12811;INDEF - INDEFINIDO;INDEF - INDEFINIDO;;320048;320048 - CAMISA TRANSPARENTE TOQUE SEDA;;;;EGREY;;;;34/36/38/40/42/44/46/48;;2024-10-24
240002;41624;INVERNO;2027;AW27;240002;240002 - CAMISA TRANSPARÊNCIA TRICOT;;TOP;CAMISA;EGREY;MASCULINO;PROPRIA;;PP/P/M/G/GG;;2026-08-17
312047;9960;VERÃO;;;312047OFF;312047 - CAMISA TRICOLINE;;;CAMISA;;;;;34 AO 48;;2024-10-21
310247;10469;VERÃO;;;310247AZU;310247 - CAMISA TRICOLINE;;;CAMISA;;;;;34 AO 48;;2024-10-21
324008;12149;INVERNO;;;324008;324008 - CAMISA TRICOLINE;;TOP;FEMININO;EGREY;FEMININO;;;34/36/38/40/42/44/46/48;;2024-10-21
329059;266;INVERNO;;;329059;329059 - CAMISA TRICOLINE CLASSICA;;TOP;FEMININO;EGREY;FEMININO;;;34/36/38/40/42/44/46/48;;2024-10-14
329058;270;INVERNO;;;329058;329058 - CAMISA TRICOLINE CLASSICA LISTRAS;;TOP;FEMININO;EGREY;FEMININO;;;34/36/38/40/42/44/46/48;;2024-10-14
319040;11069;VERÃO;;;319040BRA;"319040 - CAMISA TRICOLINE DECOTE ""V""";;;CAMISA;;;;;34 AO 48;;2024-10-21
320002;11283;VERÃO;;;320002OFF;320002 - CAMISA TRICOLINE DECOTE V;;;CAMISA;;;;;34 AO 48;;2024-10-21
240025;41643;INVERNO;2027;AW27;240025;240025 - CAMISA TRICOLINE INGLESA;;TOP;CAMISA;EGREY;MASCULINO;PROPRIA;;34/36/38/40/42/44/46/48;;2026-08-17
239009;41144;VERÃO;2027;SS27;239009;239009 - CAMISA TRICOLINE INGLESA LISTRA;;TOP;CAMISA;EGREY;MASCULINO;PROPRIA;;34/36/38/40/42/44/46/48;;2026-02-04
334016;41145;VERÃO;2027;SS27;334016;334016 - CAMISA TRICOLINE INGLESA LISTRAS;;TOP;CAMISA;EGREY;FEMININO;PROPRIA;;34/36/38/40/42/44/46/48;;2026-02-04
240026;41644;INVERNO;2027;AW27;240026;240026 - CAMISA TRICOLINE ITALIANA;;TOP;CAMISA;EGREY;MASCULINO;PROPRIA;;34/36/38/40/42/44/46/48;;2026-08-17
314074;9884;VERÃO;;;314074OCM;314074 - CAMISA TRICOLINE LISTRAS;;;CAMISA;;;;;34 AO 48;;2024-10-21
219041;21842;INVERNO;2026;AW26;219041;219041 - CAMISA TRICOLOR GOLA PADRE;;TOP;CAMISA;EGREY;MASCULINO;PROPRIA;;34/36/38/40/42/44/46/48;;2025-09-19
329100;12717;INVERNO;;;329100;329100 - CAMISA TRICOT;;TOP;FEMININO;EGREY;FEMININO;;;PP/P/M/G/GG;;2024-10-23
204054;10102;VERÃO;;;204054AZU;204054 - CAMISA TRICOT;;;CAMISA;;;;;PP/P/M/G/GG/EXG/EGG/EEGG;;2024-10-21
207024;11183;VERÃO;;;207024PRE;207024 - CAMISA TRICOT BOLSOS;;;CAMISA;;;;;PP/P/M/G/GG/EXG/EGG/EEGG;;2024-10-21
212026;12269;VERÃO;;;212026;212026 - CAMISA TRICOT CANELADA;;TOP;MASCULINO;EGREY;MASCULINO;;;PP/P/M/G/GG/EXG/EGG/EEGG;;2024-10-21
00283;299;INVERNO;;;;00283 - CAMISA TRICOT ESTAMPADA;;OUTERWEAR;CARDIGAN;LINHA PURA;FEMININO;;;PP/P/M/G/GG;;2010-12-07
208050;11417;VERÃO;;;208050MAR;208050 - CAMISA TRICOT JACQUARD;;;CAMISA;;;;;PP/P/M/G/GG/EXG/EGG/EEGG;;2024-10-21
212029;12273;VERÃO;;;212029;212029 - CAMISA TRICOT LISTRAS;;TOP;MASCULINO;EGREY;MASCULINO;;;PP/P/M/G/GG/EXG/EGG/EEGG;;2024-10-21
0006173;1031;INVERNO;;;0006173;0006173 - CAMISA TRICOT OMBRO VAZADO;;TOP;TOP;RESERVA;FEMININO;;;PP/P/M/G/GG;;2011-10-27
321037;11581;VERÃO;;;321037;321037 - CAMISA V FENDA LATERAL;;TOP;FEMININO;EGREY;FEMININO;;;34/36/38/40/42/44/46/48;;2024-10-21
208047;11353;VERÃO;;;208047MAR;208047 - CAMISA VAZADA TRICOT;;;CAMISA;;;;;PP/P/M/G/GG/EXG/EGG/EEGG;;2024-10-21
216035;946;INVERNO;;;216035;216035 - CAMISA VELUDO;;TOP;MASCULINO;EGREY;MASCULINO;;;34/36/38/40/42/44/46/48;;2024-10-15
219042;21843;INVERNO;2026;AW26;219042;219042 - CAMISA VELUDO ALGODÃO;;TOP;CAMISETA;EGREY;MASCULINO;PROPRIA;;34/36/38/40/42/44/46/48;;2025-09-19
209012;11603;VERÃO;;;209012;209012 - CAMISA VELUDO COTELÊ ALGODÃO;;OUTERWEAR;MASCULINO;EGREY;MASCULINO;;;34/36/38/40/42/44/46/48;;2024-10-21
211009;386;INVERNO;;;211009;211009 - CAMISA VISTA COBERTA TRICOLINE;;TOP;CAMISA;EGREY;MASCULINO;;;34/36/38/40/42/44/46/48;;2024-10-15
240024;41642;INVERNO;2027;AW27;240024;240024 - CAMISA VOIL BOLSOS;;TOP;CAMISA;EGREY;MASCULINO;PROPRIA;;34/36/38/40/42/44/46/48;;2026-08-17
317147;10483;VERÃO;;;317147BEG;317147 - CAMISA XADREZ;;;CAMISA;;;;;34 AO 48;;2024-10-21
211010;11539;VERÃO;;;211010;211010 - CAMISA XADREZ GOLA PADRE;;TOP;MASCULINO;EGREY;MASCULINO;;;34/36/38/40/42/44/46/48;;2024-10-21
326021;12519;INVERNO;;;326021;326021 - CAMISA XADREZ TRICOT;;OUTERWEAR;FEMININO;EGREY;FEMININO;;;PP/P/M/G/GG;;2024-10-21
331001;21339;VERÃO;;;331001;331001 - CAMISA ZAZÁ GLÓRIA KALIL;;TOP;FEMININO;GK PARA EGREY;FEMININO;;;34/36/38/40/42/44/46/48;;2025-03-13
ISHA01;41326;;;;;ISHA01 - CAMISA, ADULTO, PARA USO MASCULINO, MANGA LONGA, 100% COURO;;;;;;;;UNICA;;2026-03-17
ISHA03;41327;;;;;ISHA03 - CAMISA, ADULTO, PARA USO MASCULINO, MANGA LONGA, 100% COURO;;;;;;;;UNICA;;2026-03-17
ISHA02;41328;;;;;ISHA02 - CAMISA, ADULTO, PARA USO MASCULINO, MANGA LONGA, 100% COURO;;;;;;;;UNICA;;2026-03-17
004;21177;INDEF - INDEFINIDO;INDEF - INDEFINIDO;;;004 - CAMISETA;;;;EGREY;;;;36 AO 44;;2024-12-23
00001;21534;INDEF - INDEFINIDO;INDEF - INDEFINIDO;;;00001 - CAMISETA;;;;EGREY;;;;UNICA;;2025-04-25
215032NAVY;12999;VERÃO;;;;215032NAVY - CAMISETA (T-SHIRT), MANGA CURTA, GOLA REDONDA, PARA USO MASCUINO, ADULTO, CONFECCIONADA EM MALHA 100% ALGODAO;;;;EGREY;;;;UNICA;;2024-11-07
215032BEIGE;13001;VERÃO;;;;215032BEIGE - CAMISETA (T-SHIRT), MANGA CURTA, GOLA REDONDA, PARA USO MASCULINO, ADULTO, CONFECCIONADA EM MALHA 100% ALGODAO;;;;EGREY;;;;UNICA;;2024-11-07
215033NAVY;13003;VERÃO;;;;215033NAVY - CAMISETA (T-SHIRT), MANGA CURTA, GOLA REDONDA, PARA USO MASCULINO, ADULTO, CONFECCIONADA EM MALHA 100% ALGODAO;;;;EGREY;;;;UNICA;;2024-11-07
215033OFF;13005;VERÃO;;;;215033OFF - CAMISETA (T-SHIRT), MANGA CURTA, GOLA REDONDA, PARA USO MASCULINO, ADULTO, CONFECCIONADA EM MALHA 100% ALGODAO;;;;EGREY;;;;UNICA;;2024-11-07
330061;21425;VERÃO;;;330061;330061 - CAMISETA AMPLA TRICOT;;TOP;FEMININO;EGREY;FEMININO;;;PP/P/M/G/GG;;2025-04-14
239076;41498;VERÃO;2027;SS27;239076;239076 - CAMISETA ATLÂNTICO;;TOP;CAMISETA;EGREY;MASCULINO;PROPRIA;;PP/P/M/G/GG;;2026-04-21
204001;10219;VERÃO;;;204001AZU;204001 - CAMISETA ATOALHADA;;;CAMISA;;;;;PP/P/M/G/GG/EXG/EGG/EEGG;;2024-10-21
204051;10112;VERÃO;;;204051MAR;204051 - CAMISETA BARRADO;;;CAMISA;;;;;PP/P/M/G/GG/EXG/EGG/EEGG;;2024-10-21
240014;41632;INVERNO;2027;AW27;240014;240014 - CAMISETA BOX TRICOT;;TOP;CAMISETA;;MASCULINO;PROPRIA;;PP/P/M/G/GG;;2026-08-17
208004;11317;VERÃO;;;208004BRA;208004 - CAMISETA BÁSICA BOLSO;;;CAMISA;;;;;PP/P/M/G/GG/EXG/EGG/EEGG;;2024-10-21
315198;10060;VERÃO;;;315198MAR;315198 - CAMISETA BÁSICA LISTRAS;;;CAMISA;;;;;PP/P/M/G/GG/EXG/EGG/EEGG;;2024-10-21
205045;10391;VERÃO;;;205045AZU;205045 - CAMISETA BÁSICA TRICOT;;;CAMISA;;;;;PP/P/M/G/GG/EXG/EGG/EEGG;;2024-10-21
215039;12970;VERÃO;;;215039;215039 - CAMISETA BÁSICA TRICOT;;;;EGREY;;;;PP/P/M/G/GG;;2024-11-01
315129;10073;VERÃO;;;315129OFF;315129 - CAMISETA CANELADA ALÇAS;;;CAMISA;;;;;PP/P/M/G/GG/EXG/EGG/EEGG;;2024-10-21
205036;10379;VERÃO;;;205036MAR;205036 - CAMISETA CANELADA LISTRADA;;;CAMISA;;;;;PP/P/M/G/GG/EXG/EGG/EEGG;;2024-10-21
315127;9992;VERÃO;;;315127PRE;315127 - CAMISETA CANELADA MANGA;;;CAMISA;;;;;PP/P/M/G/GG/EXG/EGG/EEGG;;2024-10-21
219025;21828;INVERNO;;;219025;219025 - CAMISETA CANELADA TRICOT;;TOP;CAMISETA;EGREY;MASCULINO;PROPRIA;;PP/P/M/G/GG;;2025-09-18
326046;632;INVERNO;;;326046;326046 - CAMISETA CASHMERE;;TOP;FEMININO;EGREY;FEMININO;;;EXP/PP/P/M/G/GG/XG;;2024-10-15
317004;11131;VERÃO;;;317004AZU;317004 - CAMISETA CASHMERE;;;CAMISA;;;;;PP/P/M/G/GG/EXG/EGG/EEGG;;2024-10-21
120006;22075;PERENE;;;;120006 - CAMISETA CLÁSSICA TRICOT ALGODÃO;;TOP;CAMISETA;EGREY;;PROPRIA;;PP/P/M/G/GG;;2025-10-22
315022;10529;VERÃO;;;315022AZU;315022 - CAMISETA COLORS;;;CAMISA;;;;;PP/P/M/G/GG/EXG/EGG/EEGG;;2024-10-21
315023;10503;VERÃO;;;315023PRE;315023 - CAMISETA DETALHE COSTAS;;;CAMISA;;;;;PP/P/M/G/GG/EXG/EGG/EEGG;;2024-10-21
200081;352;ATEMPORAL;2024;;208001;200081 - CAMISETA DUDU PIMA;;BOTTOM;CALÇA;EGREY;MASCULINO;;;PP/P/M/G/GG;;2024-10-15
321088;11475;VERÃO;;;321088PRE;321088 - CAMISETA FIRENZE GOLA ALTA;;;CAMISA;;;;;PP/P/M/G/GG/EXG/EGG/EEGG;;2024-10-21
209038;11499;VERÃO;;;209038;209038 - CAMISETA FRISOS TRICOT;;TOP;MASCULINO;EGREY;MASCULINO;;;PP/P/M/G/GG/EXG/EGG/EEGG;;2024-10-21
328048;12627;VERÃO;;;328048;328048 - CAMISETA GOLA V PIMA NEW;;TOP;FEMININO;EGREY;FEMININO;;;PP/P/M/G/GG/EXG/EGG/EEGG;;2024-10-21
217033;21464;VERÃO;;;217033;217033 - CAMISETA GOLA V TRICOT;;TOP;MASCULINO;EGREY;MASCULINO;;;PP/P/M/G/GG;;2025-04-14
204050;10221;VERÃO;;;204050MAR;204050 - CAMISETA GRAFISMO;;;CAMISA;;;;;PP/P/M/G/GG/EXG/EGG/EEGG;;2024-10-21
315120;9990;VERÃO;;;315120CRU;315120 - CAMISETA LINHO DECOTE CANOA;;;CAMISA;;;;;PP/P/M/G/GG/EXG/EGG/EEGG;;2024-10-21
315119;9986;VERÃO;;;315119CHU;315119 - CAMISETA LINHO DECOTE V;;;CAMISA;;;;;PP/P/M/G/GG/EXG/EGG/EEGG;;2024-10-21
203042;9854;VERÃO;;;203042;203042 - CAMISETA LISTRA;;;CAMISA;;;;;PP/P/M/G/GG/EXG/EGG/EEGG;;2024-10-21
315197;10241;VERÃO;;;315197OFF;315197 - CAMISETA LISTRA LARGA;;;CAMISA;;;;;PP/P/M/G/GG/EXG/EGG/EEGG;;2024-10-21
212000;12242;VERÃO;;;212000;212000 - CAMISETA LISTRADA;;TOP;MASCULINO;EGREY;MASCULINO;;;PP/P/M/G/GG/EXG/EGG/EEGG;;2024-10-21
325000;12310;VERÃO;;;325000;325000 - CAMISETA LISTRADA;;TOP;FEMININO;EGREY;FEMININO;;;PP/P/M/G/GG/EXG/EGG/EEGG;;2024-10-21
328097;782;VERÃO;2024;SS24;328097;328097 - CAMISETA LISTRADA PIMA;;TOP;FEMININO;EGREY;FEMININO;;;PP/P/M/G/GG;;2024-10-15
215036;21114;VERÃO;;;215036;215036 - CAMISETA LISTRADA PIMA MEN;;TOP;MASCULINO;EGREY;MASCULINO;;;PP/P/M/G/GG;;2024-12-05
327007;712;VERÃO;2024;SS24;327007;327007 - CAMISETA LISTRADA TRICOT;;INTEIROS;VESTIDO;EGREY;FEMININO;;;PP/P/M/G/GG;;2024-10-15
216053;940;INVERNO;;;216053;216053 - CAMISETA LISTRADA TRICOT;;TOP;MASCULINO;EGREY;MASCULINO;;;PP/P/M/G/GG;;2024-10-15
320081;11253;VERÃO;;;320081OFF;320081 - CAMISETA LISTRADA TRICOT;;;CAMISA;;;;;PP/P/M/G/GG/EXG/EGG/EEGG;;2024-10-21
320082;11255;VERÃO;;;320082OFF;320082 - CAMISETA LISTRADA TRICOT;;;CAMISA;;;;;PP/P/M/G/GG/EXG/EGG/EEGG;;2024-10-21
208052;11351;VERÃO;;;208052MAR;208052 - CAMISETA LISTRADA TRICOT;;;CAMISA;;;;;PP/P/M/G/GG/EXG/EGG/EEGG;;2024-10-21
204052;10105;VERÃO;;;204052MAR;204052 - CAMISETA LISTRAS;;;CAMISA;;;;;PP/P/M/G/GG/EXG/EGG/EEGG;;2024-10-21
210047;11733;VERÃO;;;210047;210047 - CAMISETA LISTRAS TRICOT;;TOP;MASCULINO;EGREY;MASCULINO;;;PP/P/M/G/GG;;2024-10-21
240020;41638;INVERNO;2027;AW27;240020;240020 - CAMISETA LISTRAS TRICOT;;TOP;CAMISETA;EGREY;MASCULINO;PROPRIA;;PP/P/M/G/GG;;2026-08-17
203021;9850;VERÃO;;;203021;203021 - CAMISETA MADRID;;;CAMISA;;;;;PP/P/M/G/GG/EXG/EGG/EEGG;;2024-10-21
204048;10130;VERÃO;;;204048CRU;204048 - CAMISETA MALHA LINHO;;;CAMISA;;;;;PP/P/M/G/GG/EXG/EGG/EEGG;;2024-10-21
326108;684;INVERNO;;;326108;326108 - CAMISETA MANGA LONGA;;INTEIROS;VESTIDO;EGREY;FEMININO;;;PP/P/M/G/GG;;2024-10-15
239075;41497;VERÃO;2027;SS27;239075;239075 - CAMISETA MAPS;;TOP;CAMISETA;EGREY;MASCULINO;PROPRIA;;UNICA;;2026-04-21
00126;119;VERÃO;2010;SS10;;00126 - CAMISETA MARINHEIRO MANGA CURTA;;;;;;;;GRADE P M GG;;2010-08-06
ES00004;573;VERÃO;2011;SS11;;ES00004 - CAMISETA ML FEM ELLUS;;TOP;TOP;ELLUS;FEMININO;;;UNICA;;2011-05-24
ES00003;571;VERÃO;2011;SS11;;ES00003 - CAMISETA ML MASC ELLUS;;TOP;TOP;ELLUS;MASCULINO;;;UNICA;;2011-05-24
204044;10092;VERÃO;;;204044OFF;204044 - CAMISETA NINO CAIS;;;CAMISA;;;;;PP/P/M/G/GG/EXG/EGG/EEGG;;2024-10-21
211018;12033;INVERNO;;;211018;211018 - CAMISETA OVERSIZED ESTAMPA;;TOP;MASCULINO;EGREY;MASCULINO;;;PP/P/M/G/GG;;2024-10-21
213046;432;INVERNO;;;213046;213046 - CAMISETA OVERSIZED MALHA;;TOP;MASCULINO;EGREY;MASCULINO;;;EXP/PP/P/M/G/GG/XG;;2024-10-15
217061;21544;VERÃO;;;217061;217061 - CAMISETA OVERSIZED TRICOT;;TOP;MASCULINO;EGREY;MASCULINO;;;PP/P/M/G/GG;;2025-04-30
205063;10389;VERÃO;;;205063OFF;205063 - CAMISETA PIMA BOLSO JACQUARD;;;CAMISA;;;;;PP/P/M/G/GG/EXG/EGG/EEGG;;2024-10-21
215022;474;VERÃO;2024;SS24;215022;215022 - CAMISETA PIMA CLÁSSICA NEW;;TOP;MASCULINO;EGREY;MASCULINO;;;PP/P/M/G/GG/EXG/EGG/EEGG;;2024-10-15
215024;21140;VERÃO;;;215024;215024 - CAMISETA PIMA CURVA NEW;;;;EGREY;;;;PP/P/M/G/GG;;2024-12-13
204045;10895;VERÃO;;;204045PRE;204045 - CAMISETA PIMA ESTAMPADA;;;CAMISA;;;;;PP/P/M/G/GG/EXG/EGG/EEGG;;2024-10-21
202061;354;ATEMPORAL;2024;;202061;202061 - CAMISETA PIMA GOLA V;;BOTTOM;CALÇA;EGREY;MASCULINO;;;PP/P/M/G/GG;;2024-10-15
215023;21139;VERÃO;;;215023;215023 - CAMISETA PIMA MANGA LONGA NEW;;TOP;MASCULINO;EGREY;MASCULINO;;;PP/P/M/G/GG/EXG/EGG/EEGG;;2024-12-13
200074;348;ATEMPORAL;2024;;200074;200074 - CAMISETA PIMA MASCULINO;;BOTTOM;CALÇA;EGREY;MASCULINO;;;PP/P/M/G/GG/EXG/EGG/EEGG;;2024-10-15
211042;392;INVERNO;;;211042;211042 - CAMISETA PIQUET;;SAPATOS;MASCULINO;EGREY;MASCULINO;;;PP/P/M/G/GG;;2024-10-15
317047;10439;VERÃO;;;317047MAR;317047 - CAMISETA PONTILHADA;;;CAMISA;;;;;PP/P/M/G/GG/EXG/EGG/EEGG;;2024-10-21
213042;430;INVERNO;;;213042;213042 - CAMISETA RAGLAN TRICOT;;TOP;MASCULINO;EGREY;MASCULINO;;;PP/P/M/G/GG;;2024-10-15
210050;11737;VERÃO;;;210050;210050 - CAMISETA RAGLAN TRICOT;;TOP;MASCULINO;EGREY;MASCULINO;;;PP/P/M/G/GG;;2024-10-21
219072;21872;INVERNO;2026;AW26;219072;219072 - CAMISETA RAGLAN TRICOT LÃ;;TOP;CAMISETA;EGREY;MASCULINO;PROPRIA;;PP/P/M/G/GG;;2025-09-19
317037;10921;VERÃO;;;317037AZU;317037 - CAMISETA RICE;;;CAMISA;;;;;PP/P/M/G/GG/EXG/EGG/EEGG;;2024-10-21
318010;10945;VERÃO;;;318010PRE;318010 - CAMISETA RICE;;;CAMISA;;;;;PP/P/M/G/GG/EXG/EGG/EEGG;;2024-10-21
315026;10152;VERÃO;;;315026AZU;315026 - CAMISETA ROMA;;;CAMISA;;;;;PP/P/M/G/GG/EXG/EGG/EEGG;;2024-10-21
315028;10163;VERÃO;;;315028VER;315028 - CAMISETA ROMA;;;CAMISA;;;;;PP/P/M/G/GG/EXG/EGG/EEGG;;2024-10-21
204059;10104;VERÃO;;;204059AZU;204059 - CAMISETA SEDA MADRID;;;CAMISA;;;;;PP/P/M/G/GG/EXG/EGG/EEGG;;2024-10-21
329013;196;INVERNO;;;329013;329013 - CAMISETA SLIM FIT BOTÕES;;TOP;FEMININO;EGREY;FEMININO;;;PP/P/M/G/GG/EXG/EGG/EEGG;;2024-10-14
216003;962;INVERNO;;;216003;216003 - CAMISETA SLIM FIT BOTÕES;;TOP;MASCULINO;EGREY;MASCULINO;;;PP/P/M/G/GG/EXG/EGG/EEGG;;2024-10-15
325098;586;VERÃO;2024;SS24;325098;325098 - CAMISETA SLIM FIT PIMA;;TOP;FEMININO;EGREY;FEMININO;;;PP/P/M/G/GG/EXG/EGG/EEGG;;2024-10-15
334112;41405;VERÃO;2027;SS27;334112;334112 - CAMISETA SLIM ROMA;;TOP;CAMISETA;EGREY;FEMININO;PROPRIA;;PP/P/M/G/GG;;2026-03-31
314010;9862;VERÃO;;;314010PRE;314010 - CAMISETA SNOW;;;CAMISA;;;;;PP/P/M/G/GG/EXG/EGG/EEGG;;2024-10-21
PIMA01;12997;;;;;PIMA01 - CAMISETA T-SHIRT, MANGA CURTA, PARA USO FEMININO, ADULTO, CONFECCIONADA EM MALHA 100% ALGODAO, TAMANHOS PP, P, M, G, GG, NA COR PRETO, MARCA EGREY, REF. 212035.;;;;;;;;UNICA;;2024-11-07
PIMA02;21134;VERÃO;;;;PIMA02 - CAMISETA T-SHIRT, MANGA CURTA, PARA USO FEMININO, ADULTO, CONFECCIONADA EM MALHA 100% ALGODAO, TAMANHOS PP, P, M, G, GG, NA COR PRETO, MARCA EGREY, REF. 325098.;;;;EGREY;;;;UNICA;;2024-12-12
PIMA04;21136;VERÃO;;;;PIMA04 - CAMISETA T-SHIRT, MANGA CURTA, PARA USO FEMININO, ADULTO, CONFECCIONADA EM MALHA 100% ALGODAO, TAMANHOS PP, P, M, NA COR PRETO, MARCA EGREY, REF. 330027.;;;;EGREY;;;;UNICA;;2024-12-12
212035BLACK;12699;INDEF - INDEFINIDO;INDEF - INDEFINIDO;;;212035BLACK - CAMISETA T-SHIRT, MANGA CURTA, PARA USO FEMININO, ADULTO, CONFECCIONADA EM MALHA 100% ALGODÃO;;;;EGREY;;;;UNICA;;2024-10-22
325098BLACK;12703;INDEF - INDEFINIDO;INDEF - INDEFINIDO;;;325098BLACK - CAMISETA T-SHIRT, MANGA CURTA, PARA USO FEMININO, ADULTO, CONFECCIONADA EM MALHA 100% ALGODÃO;;;;EGREY;;;;UNICA;;2024-10-22
PIMA03;21135;VERÃO;;;;PIMA03 - CAMISETA T-SHIRT, MANGA CURTA, PARA USO MASCULINO, ADULTO, CONFECCIONADA EM MALHA 100% ALGODAO, TAMANHOS PP, P, M, G, GG, NA COR PRETO, MARCA EGREY, REF. 217019.;;;;EGREY;;;;UNICA;;2024-12-12
206020BRANCO;12693;INDEF - INDEFINIDO;INDEF - INDEFINIDO;;;206020BRANCO - CAMISETA T-SHIRT, MANGA CURTA, PARA USO MASCULINO, ADULTO, CONFECCIONADA EM MALHA 100% ALGODÃO, TAMANHOS P;;;;EGREY;;;;UNICA;;2024-10-22
239020;41255;VERÃO;2027;SS27;239020;239020 - CAMISETA TELA TRICOT ALGODÃO;;TOP;CAMISETA;EGREY;MASCULINO;PROPRIA;;PP/P/M/G/GG;;2026-02-23
206013;11029;VERÃO;;;206013AÇA;206013 - CAMISETA TEXTURA TRICô;;;CAMISA;;;;;PP/P/M/G/GG/EXG/EGG/EEGG;;2024-10-21
216027;882;INVERNO;;;216027;216027 - CAMISETA TRICOT;;TOP;MASCULINO;EGREY;MASCULINO;;;PP/P/M/G/GG;;2024-10-15
239079;41521;VERÃO;2027;SS27;239079;239079 - CAMISETA TRICOT;;TOP;CAMISETA;EGREY;MASCULINO;PROPRIA;;PP/P/M/G/GG;;2026-05-04
209005;11509;VERÃO;;;209005;209005 - CAMISETA TRICOT A FIO;;TOP;MASCULINO;EGREY;MASCULINO;;;PP/P/M/G/GG;;2024-10-21
209008;11595;VERÃO;;;209008;209008 - CAMISETA TRICOT ALGODÃO;;TOP;MASCULINO;EGREY;MASCULINO;;;PP/P/M/G/GG/EXG/EGG/EEGG;;2024-10-21
321045;11629;VERÃO;;;321045;321045 - CAMISETA TRICOT ALGODÃO;;;CAMISA;;;;;PP/P/M/G/GG/EXG/EGG/EEGG;;2024-10-21
217034;21465;VERÃO;;;217034;217034 - CAMISETA TRICOT ALGODÃO;;TOP;MASCULINO;EGREY;MASCULINO;;;PP/P/M/G/GG;;2025-04-14
219026;21829;INVERNO;2026;AW26;219026;219026 - CAMISETA TRICOT ALGODÃO;;TOP;CAMISETA;EGREY;MASCULINO;PROPRIA;;PP/P/M/G/GG;;2025-09-18
239047;41347;VERÃO;2027;SS27;239047;239047 - CAMISETA TRICOT ALGODÃO;;TOP;CAMISETA;EGREY;MASCULINO;PROPRIA;;PP/P/M/G/GG;;2026-03-17
239073;41486;VERÃO;2027;SS27;239073;239073 - CAMISETA TRICOT ALGODÃO;;TOP;CAMISETA;EGREY;MASCULINO;PROPRIA;;PP/P/M/G/GG;;2026-04-18
323019;12053;INVERNO;;;323019;323019 - CAMISETA TRICOT GOLA RAGLAN;;TOP;FEMININO;EGREY;FEMININO;;;PP/P/M/G/GG/EXG/EGG/EEGG;;2024-10-21
239045;41345;VERÃO;2027;SS27;239045;239045 - CAMISETA TRICOT LISTRAS;;TOP;CAMISETA;EGREY;MASCULINO;PROPRIA;;PP/P/M/G/GG;;2026-03-17
326010;12512;INVERNO;;;326010;326010 - CAMISETA TRICOT RAGLAN CANELADO;;TOP;FEMININO;EGREY;FEMININO;;;PP/P/M/G/GG;;2024-10-21
211022;12003;INVERNO;;;211022;211022 - CAMISETA TRICOT RISCA DE GIZ;;TOP;MASCULINO;EGREY;MASCULINO;;;PP/P/M/G/GG;;2024-10-21
213032;426;INVERNO;;;213032;213032 - CAMISETA TRICOT WAFFLE;;TOP;MASCULINO;EGREY;MASCULINO;;;PP/P/M/G/GG;;2024-10-15
239018;41253;VERÃO;2027;SS27;239018;239018 - CAMISETA VISTA TRICOT ALGODÃO;;TOP;CAMISETA;EGREY;MASCULINO;PROPRIA;;PP/P/M/G/GG;;2026-02-23
325098WHITE;12701;INDEF - INDEFINIDO;INDEF - INDEFINIDO;;;325098WHITE - CAMISETA, MANGA CURTA, PARA USO FEMININO, ADULTO, CONFECCIONADA EM MALHA 100% ALGODÃO;;;;EGREY;;;;UNICA;;2024-10-22
212035WHITE;12697;INDEF - INDEFINIDO;INDEF - INDEFINIDO;;;212035WHITE - CAMISETA, MANGA CURTA, PARA USO FEMININO, ADULTO, CONFECCIONADA EM MALHA 100% ALGODÃO, TAMANHOS;;;;EGREY;;;;UNICA;;2024-10-22
322001BRANCO;12704;INDEF - INDEFINIDO;INDEF - INDEFINIDO;;;322001BRANCO - CAMISETA, MANGA CURTA, PARA USO MASCUINO, ADULTO, CONFECCIONADA EM MALHA 100% ALGODÃO;;;;EGREY;;;;UNICA;;2024-10-22
215021OFF;13007;VERÃO;;;;215021OFF - CAMISETA, MANGA CURTA, PARA USO MASCULINO, ADULTO, CONFECCIONADA EM MALHA 100% ALGODAO;;;;EGREY;;;;UNICA;;2024-11-07
215021CELESTIAL;13009;VERÃO;;;;215021CELESTIAL - CAMISETA, MANGA CURTA, PARA USO MASCULINO, ADULTO, CONFECCIONADA EM MALHA 100% ALGODAO;;;;EGREY;;;;UNICA;;2024-11-07
322001PRETO;12705;INDEF - INDEFINIDO;INDEF - INDEFINIDO;;;322001PRETO - CAMISETA, MANGA CURTA, PARA USO MASCULINO, ADULTO, CONFECCIONADA EM MALHA 100% ALGODÃO;;;;EGREY;;;;UNICA;;2024-10-22
206020PRETO;12695;INDEF - INDEFINIDO;INDEF - INDEFINIDO;;;206020PRETO - CAMISETA, MANGA CURTA, PARA USO MASCULINO, ADULTO, CONFECCIONADA EM MALHA 100% ALGODÃO, TAMANHOS;;;;EGREY;;;;UNICA;;2024-10-22
328098OFF;13011;VERÃO;;;;328098OFF - CAMISETA, MANGA LONGA, PARA USO FEMININO, ADULTO, CONFECCIONADA EM MALHA 100% ALGODAO;;;;EGREY;;;;UNICA;;2024-11-07
328098CELESTIAL;13013;VERÃO;;;;328098CELESTIAL - CAMISETA, MANGA LONGA, PARA USO FEMININO, ADULTO, CONFECCIONADA EM MALHA 100% ALGODAO;;;;EGREY;;;;UNICA;;2024-11-07
00114;93;VERÃO;2010;SS10;;00114 - CAMISETÃO LINHO;;;;;;;;PP/P/M/G/GG;;2010-07-23
319044;11085;VERÃO;;;319044PRE;319044 - CAMISETÃO MALHA;;;CAMISA;;;;;PP/P/M/G/GG/EXG/EGG/EEGG;;2024-10-21
325107;12377;VERÃO;;;325107;325107 - CAMISETÃO TRICOT;;TOP;FEMININO;EGREY;FEMININO;;;PP/P/M/G/GG;;2024-10-21
325108;12379;VERÃO;;;325108;325108 - CAMISETÃO TRICOT VESTIDO;;TOP;FEMININO;EGREY;FEMININO;;;PP/P/M/G/GG;;2024-10-21
140011;22118;INVERNO;2026;AW26;140011;140011 - CAMISOLA LISTRAS;;INTEIROS;VESTIDO;EGREY;HOME;PROPRIA;;34/36/38/40/42/44/46/48;;2025-11-05
00202;179;INVERNO;2011;AW11;;00202 - CANOA COLORIDA;;;;;;;;UNICA;;2010-10-05
00049;54;INVERNO;2010;AW10;140019;00049 - CAPA;;;FEMININO;;FEMININO;;;UNICA;;2010-06-03
318022;10926;VERÃO;;;318022MAR;318022 - CAPA AMY;;;CAMISA;;;;;34 AO 48;;2024-10-21
314204;504;ATEMPORAL;2024;;314204;314204 - CAPA CASHMERE;;INTEIROS;VESTIDO;EGREY;FEMININO;;;UNICA;;2024-10-15
205032;10365;VERÃO;;;205032PRE;205032 - CAPA DE CHUVA;;;CAMISA;;;;;34 AO 48;;2024-10-21
240040;41657;INVERNO;2027;AW27;240040;240040 - CAPA DE CHUVA;;OUTERWEAR;TRENCH COAT;EGREY;MASCULINO;PROPRIA;;34/36/38/40/42/44/46/48;;2026-08-18
315057;9998;VERÃO;;;315057PRETO;315057 - CAPA TRICOT;;;CAMISA;;;;;PP/P/M/G/GG/EXG/EGG/EEGG;;2024-10-21
0032;1609;VERÃO;;;0032;0032 - CAPUZ COM LISTRAS;;OUTERWEAR;CASACO;KORDA;MASCULINO;;;GRADE P M GG;;2012-06-13
PN00015;631;ALTO INVERNO;2011;AW11;PJE01-230-15;PN00015 - CARDIGAN;;OUTERWEAR;CARDIGAN;PRETORIAN;FEMININO;;;PP/P/M/G/GG;;2011-05-30
LS006;21670;INDEF - INDEFINIDO;INDEF - INDEFINIDO;;LS006;LS006 - CARDIGAN;;;;LA SIRENE;;;;PP/P/M/G/GG;;2025-07-10
00022;31;INDEF - INDEFINIDO;2010;;;00022 - CARDIGAN  CANELADO BOTÕES DOURADO;;;;;;;;UNICA;;2010-07-13
OS 01;501;INVERNO;2011;AW11;28993;OS 01 - CARDIGAN  MASC ZIPER ML;;OUTERWEAR;CARDIGAN;OSKLEN;;;;PP/P/M/G/GG;;2011-03-22
RA00002;457;INVERNO;;;;RA00002 - CARDIGAN 2 BOLSOS;;OUTERWEAR;CARDIGAN;RICARDO ALMEIDA;MASCULINO;;;PP/P/M/G/GG/EXG/EGG/EEGG;;2011-02-02
TRIX 003;1283;INVERNO;;;TRIX 003;TRIX 003 - CARDIGAN ALGODÃO;;OUTERWEAR;CARDIGAN;TRIX;FEMININO;;;GRADE P M GG;;2012-01-24
313008;10703;VERÃO;;;313008MAR;313008 - CARDIGAN ALONGADO DE TRICô;;;CAMISA;;;;;PP/P/M/G/GG/EXG/EGG/EEGG;;2024-10-21
TE000031;837;VERÃO;2011;SS11;TE0000031;TE000031 - CARDIGAN ANDORINHAS;;OUTERWEAR;CARDIGAN;THELURE;FEMININO;;;PP/P/M/G/GG;;2011-08-02
AM0008;41265;INVERNO;2026;AW26;AM0008;AM0008 - CARDIGAN ANGEL;;OUTERWEAR;CARDIGAN;ANGELA MOTTA;FEMININO;PRIVATE LABEL;;PP/P/M/G/GG;;2026-02-25
00604;881;VERÃO;2011;SS11;;00604 - CARDIGAN ANGELA;;OUTERWEAR;CARDIGAN;INDEFINIDO - INDEFINIDO;FEMININO;;;GRADE P M GG;MINAS LÃ COMÉRCIO DE FIOS LTDA.;2011-08-30
AM0007;21687;INDEF - INDEFINIDO;INDEF - INDEFINIDO;;AM0007;AM0007 - CARDIGAN ANGELA;;;;ANGELA MOTTA;;;;PP/P/M/G/GG;;2025-08-08
ANGELA03;1699;VERÃO;;;ANGELA03;ANGELA03 - CARDIGAN ASSIMÉTRICO;;OUTERWEAR;CARDIGAN;ANGELA MOTTA;FEMININO;;;GRADE P M GG;;2012-08-07
00170;137;INVERNO;2010;AW10;E0001;00170 - CARDIGAN AXL;;;;INDEFINIDO - INDEFINIDO;;;;4;;2010-09-15
TE000035;879;VERÃO;2011;SS11;TE000035;TE000035 - CARDIGAN AZULEJO;;;FEMININO;THELURE;FEMININO;;;PP/P/M/G/GG;;2011-08-24
301025;1467;VERÃO;;;;301025 - CARDIGAN BIRKIN;;OUTERWEAR;CARDIGAN;;FEMININO;;;PP/P/M/G/GG;BONDUKI LINHAS. FIOS E CONF. LTDA.;2012-05-10
301063;1543;VERÃO;;;;301063 - CARDIGAN BLEU;;OUTERWEAR;CARDIGAN;;FEMININO;;;PP/P/M/G/GG;MINAS LÃ COMÉRCIO DE FIOS LTDA.;2012-05-10
TE000022;533;VERÃO;2011;SS11;TE000022;TE000022 - CARDIGAN BOCA;;OUTERWEAR;CARDIGAN;THELURE;FEMININO;;;PP/P/M/G/GG;;2011-04-26
A L´AVANCE02;1795;INVERNO;;;A L´AVANCE02;A L´AVANCE02 - CARDIGAN BOLSO COURO;;OUTERWEAR;CARDIGAN;A.L´AVANCE;FEMININO;;;PP/P/M/G/GG;;2012-10-02
00424;531;VERÃO;2011;SS11;;00424 - CARDIGAN BOTÃO ATRÁS;;OUTERWEAR;CARDIGAN;THELURE;FEMININO;;;PP/P/M/G/GG;;2011-04-26
314003CIN;1106;;;;314003CIN;314003CIN - CARDIGAN BOTõES CASHMERE;;;;;;;;PP/P/M/G/GG;;2024-10-19
PN00011;617;INVERNO;;;PJE01-130-11;PN00011 - CARDIGAN BRITÂNIA;;OUTERWEAR;CARDIGAN;PRETORIAN;MASCULINO;;;PP/P/M/G/GG;;2011-05-30
00196;171;INVERNO;;;;00196 - CARDIGAN BÁSICO COM LUREX;;INTEIROS;VESTIDO;THELURE;FEMININO;;;PP/P/M/G/GG;;2010-09-30
00103;71;INDEF - INDEFINIDO;2010;;;00103 - CARDIGAN BÁSICO JEE;;;;;;;;UNICA;;2010-07-19
00050;59;VERÃO;2010;SS10;;00050 - CARDIGAN BÁSICO LEELOO;;;;;;;;PP/P/M/G/GG;;2010-07-14
00083;162;INVERNO;2010;AW10;;00083 - CARDIGAN BÁSICO LINHA PURA;;;;;;;;GRADE P M GG;;2010-07-07
00047;55;INVERNO;2010;AW10;;00047 - CARDIGAN BÁSICO RESERVA;;;;;;;;GRADE P M GG;;2010-07-13
216026;890;INVERNO;;;216026;216026 - CARDIGAN CANELADO TRICOT;;OUTERWEAR;MASCULINO;EGREY;MASCULINO;;;PP/P/M/G/GG;;2024-10-15
TE000010;519;VERÃO;2011;SS11;;TE000010 - CARDIGAN CASA BLANCA;;OUTERWEAR;CARDIGAN;THELURE;FEMININO;;;PP/P/M/G/GG;;2011-04-26
326047;634;INVERNO;;;326047;326047 - CARDIGAN CASHMERE;;TOP;FEMININO;EGREY;FEMININO;;;PP/P/M/G/GG;;2024-10-15
324002;12144;INVERNO;;;324002;324002 - CARDIGAN CASHMERE BICOLOR;;OUTERWEAR;FEMININO;EGREY;FEMININO;;;PP/P/M/G/GG;;2024-10-21
AM0001;883;VERÃO;2011;SS11;AM0001;AM0001 - CARDIGAN CAVEIRA;;;FEMININO;ANGELA MOTTA;FEMININO;;;GRADE P M GG;;2011-08-31
120007;22076;PERENE;;;120007;120007 - CARDIGAN CLÁSSICO TRICOT ALGODÃO;;OUTERWEAR;CARDIGAN;;;;;PP/P/M/G/GG;;2025-10-22
00057;86;VERÃO;2010;SS10;002883;00057 - CARDIGAN COM CAPUZ TRICOT;;;;RESERVA;;;;GRADE P M GG;;2010-06-10
PJE0113-1037-002;1769;INVERNO;;;PJE0113-1037-002;PJE0113-1037-002 - CARDIGAN COTOVELEIRA;;TOP;TOP;PRETORIAN;MASCULINO;;;PP/P/M/G/GG;;2012-09-26
00100;190;INDEF - INDEFINIDO;2010;;;00100 - CARDIGAN CROCHÊ;;;;;;;;UNICA;;2010-07-08
321056;11561;VERÃO;;;321056PRE;321056 - CARDIGAN CROPPED CANELADO;;;CAMISA;;;;;PP/P/M/G/GG/EXG/EGG/EEGG;;2024-10-21
00260;249;INVERNO;;;06;00260 - CARDIGAN CURTO C/ ZIPER;;TOP;TOP;MANDI;FEMININO;;;PP/P/M/G/GG;;2010-11-08
00102;194;INDEF - INDEFINIDO;2010;;;00102 - CARDIGAN CURTO CACHECOL;;;;;;;;GRADE P M GG;;2010-07-08
00228;209;INVERNO;;;181010;00228 - CARDIGAN CURTO LISTRA;;OUTERWEAR;CARDIGAN;THELURE;FEMININO;;;PP/P/M/G/GG;;2010-10-18
00069;134;VERÃO;2010;SS10;5CD0001;00069 - CARDIGAN DE TRICOT COM TACHAS;;;;KOSII;;;;PP/P/M/G/GG;COSTUREIRA PAULA;2010-07-06
313004;10700;VERÃO;;;313004AMA;313004 - CARDIGAN DE TRICô;;;CAMISA;;;;;PP/P/M/G/GG/EXG/EGG/EEGG;;2024-10-21
301042;1501;VERÃO;;;;301042 - CARDIGAN DELON;;OUTERWEAR;CARDIGAN;;FEMININO;;;PP/P/M/G/GG;BONDUKI LINHAS. FIOS E CONF. LTDA.;2012-05-10
00120;107;VERÃO;2010;SS10;;00120 - CARDIGAN ESTAMPA PINCELADAS;;;;;;;;GRADE P M GG;;2010-07-30
00212;187;INVERNO;2011;AW11;25;00212 - CARDIGAN FLORAL;;;;INDEFINIDO - INDEFINIDO;;;;GRADE P M GG;;2010-10-07
TE000030;835;VERÃO;2011;SS11;TE0000030;TE000030 - CARDIGAN FLOWER;;OUTERWEAR;CARDIGAN;THELURE;FEMININO;;;PP/P/M/G/GG;;2011-08-02
TE000032;865;VERÃO;2011;SS11;;TE000032 - CARDIGAN FLOWER;;OUTERWEAR;CARDIGAN;THELURE;FEMININO;;;PP/P/M/G/GG;;2011-08-17
00035;38;INVERNO;2010;AW10;150023;00035 - CARDIGAN FOLHAS;;;;;;;;GRADE P M GG;;2010-06-02
EYV026;847;VERÃO;2011;SS11;;EYV026 - CARDIGAN FURADO;;OUTERWEAR;CARDIGAN;;FEMININO;;;GRADE P M GG;MINAS LÃ COMÉRCIO DE FIOS LTDA.;2011-08-03
TE000051;963;INVERNO;;;;TE000051 - CARDIGAN GAARA COURO;;;FEMININO;THELURE;FEMININO;;;PP/P/M/G/GG;;2011-10-17
315055;10146;VERÃO;;;315055AZU;315055 - CARDIGAN GALÃO;;;CAMISA;;;;;PP/P/M/G/GG/EXG/EGG/EEGG;;2024-10-21
00110;85;INDEF - INDEFINIDO;2010;;;00110 - CARDIGAN GALÃO BABADO TWIST;;;;;;;;GRADE P M GG;;2010-07-21
335075;41720;INVERNO;2027;AW27;335075;335075 - CARDIGAN GOLA AMPLA MERINO;;OUTERWEAR;CARDIGAN;EGREY;FEMININO;PROPRIA;;PP/P/M/G/GG;;2026-09-02
00033;39;INVERNO;2010;AW10;;00033 - CARDIGAN GOLA PLISSADA LEELOO;;;;;;;;GRADE P M GG;;2010-07-13
TE000023;539;VERÃO;2011;SS11;TE000023;TE000023 - CARDIGAN HEART;;OUTERWEAR;CASACO;THELURE;FEMININO;;;PP/P/M/G/GG;;2011-04-26
00270;271;INVERNO;;;;00270 - CARDIGAN INFANTIL;;OUTERWEAR;CARDIGAN;THELURE;;;;GRADE P M GG;;2010-11-25
JL094;21928;INDEF - INDEFINIDO;;;JL094;JL094 - CARDIGAN J CREW;;OUTERWEAR;CARDIGAN;JULIANA LENZ;FEMININO;PRIVATE LABEL;;PP/P/M/G/GG;;2025-10-10
EY0029;281;INVERNO;;;;EY0029 - CARDIGAN JOPLIN;;OUTERWEAR;CARDIGAN;;FEMININO;;;GRADE P M GG;;2010-12-06
321057;11929;VERÃO;;;321057ROX;321057 - CARDIGAN JUSTO CANELADO;;;CAMISA;;;;;PP/P/M/G/GG/EXG/EGG/EEGG;;2024-10-21
00013;10;INVERNO;2024;AW24;13009;00013 - CARDIGAN L.A;;;;;;;;PP/P/M/G/GG;;2010-06-02
327016;720;VERÃO;2024;SS24;327016;327016 - CARDIGAN LEVE TRICOT UNISSEX;;INTEIROS;VESTIDO;EGREY;FEMININO;;;PP/P/M/G/GG;;2024-10-15
00612;921;VERÃO;2011;SS11;;00612 - CARDIGAN LINHO;;TOP;TOP;ANGELA MOTTA;FEMININO;;;PP/P/M/G/GG;;2011-09-23
TRIX 001;1279;INVERNO;;;TRIX 001;TRIX 001 - CARDIGAN LISTRADO;;OUTERWEAR;CARDIGAN;TRIX;FEMININO;;;UNICA;;2012-01-24
BL003;21674;INDEF - INDEFINIDO;INDEF - INDEFINIDO;;BL003;BL003 - CARDIGAN LISTRAS;;;;BETINA DE LUCCA;;;;PP/P/M/G/GG;;2025-07-15
00261;251;INVERNO;;;;00261 - CARDIGAN LISTRAS BARRADAS;;TOP;TOP;BRITISH COLONY;MASCULINO;;;GRADE P M GG;;2010-11-08
0008368;1733;INVERNO;;;0008368;0008368 - CARDIGAN LISTRAS LOVE;;OUTERWEAR;CARDIGAN;EVA;FEMININO;;;GRADE P M GG;;2012-09-05
321048;11633;VERÃO;;;321048;321048 - CARDIGAN LONGO ALGODÃO;;;CAMISA;;;;;PP/P/M/G/GG/EXG/EGG/EEGG;;2024-10-21
00005;9;INVERNO;2010;AW10;;00005 - CARDIGAN LONGO BABADO;;;;;;;;GRADE P M GG;;2010-07-12
00036;41;INDEF - INDEFINIDO;2010;;;00036 - CARDIGAN LONGO BABADO ACRÍLICO;;;;;;;;GRADE P M GG;;2010-07-13
00229;211;INVERNO;;;1810101;00229 - CARDIGAN LONGO LISTRA;;OUTERWEAR;CARDIGAN;THELURE;FEMININO;;;PP/P/M/G/GG;;2010-10-18
323053;12113;INVERNO;;;323053;323053 - CARDIGAN LONGO TRICOT GOLA XALE;;OUTERWEAR;FEMININO;EGREY;FEMININO;;;PP/P/M/G/GG/EXG/EGG/EEGG;;2024-10-21
330078;21442;VERÃO;;;330078;330078 - CARDIGAN MANGA 7/8 TWIN7 TRICOT;;TOP;FEMININO;EGREY;FEMININO;;;PP/P/M/G/GG;;2025-04-14
00007;13;;2010;;;00007 - CARDIGAN MASC. GALÃO CINZA E PRETO;;;;;;;;UNICA;;2010-07-12
00089;174;INVERNO;2010;AW10;;00089 - CARDIGAN MASC. LISTRAS GOLA SERGIO K;;;;;;;;GRADE P M GG;;2010-07-08
EYV016;763;VERÃO;2011;SS11;;EYV016 - CARDIGAN MASTER;;OUTERWEAR;CARDIGAN;;FEMININO;;;GRADE P M GG;SCALINA S.A;2011-07-13
TE000040;941;INVERNO;;;;TE000040 - CARDIGAN MISSONI;;TOP;TOP;THELURE;FEMININO;;;PP/P/M/G/GG;;2011-10-14
TE000037;935;INVERNO;;;;TE000037 - CARDIGAN NERVURA;;OUTERWEAR;CASACO;THELURE;FEMININO;;;PP/P/M/G/GG;;2011-10-14
TE000049;959;INVERNO;;;;TE000049 - CARDIGAN NERVURA RAYON;;OUTERWEAR;CARDIGAN;THELURE;FEMININO;;;PP/P/M/G/GG;;2011-10-17
TE000033;873;VERÃO;2011;SS11;;TE000033 - CARDIGAN NOVEMBER;;OUTERWEAR;CARDIGAN;THELURE;FEMININO;;;PP/P/M/G/GG;;2011-08-19
TE000034;875;VERÃO;2011;SS11;;TE000034 - CARDIGAN OCTOBER;;OUTERWEAR;CARDIGAN;THELURE;FEMININO;;;PP/P/M/G/GG;;2011-08-19
00051;57;;2010;;;00051 - CARDIGAN ONCINHA PAULA;;;;;;;;GRADE P M GG;;2010-07-13
TA00001;443;INVERNO;;;;TA00001 - CARDIGAN ONÇA;;;;TECA;;;;PP/P/M/G/GG;;2011-01-21
TE000019;505;INVERNO;;;TE000019;TE000019 - CARDIGAN ONÇA;;OUTERWEAR;CARDIGAN;THELURE;FEMININO;;;PP/P/M/G/GG;;2011-03-31
00045;53;VERÃO;2010;SS10;27019;00045 - CARDIGAN OVER RAYON;;;;;;;;GRADE P M GG;BONDUKI LINHAS. FIOS E CONF. LTDA.;2010-07-13
00284;301;INVERNO;;;;00284 - CARDIGAN PAETE;;TOP;TOP;LINHA PURA;FEMININO;;;PP/P/M/G/GG;;2010-12-07
AM0003;887;VERÃO;2011;SS11;AM0003;AM0003 - CARDIGAN PAETE;;;FEMININO;ANGELA MOTTA;FEMININO;;;GRADE P M GG;;2011-08-31
TE000024;663;VERÃO;2011;SS11;TE000024;TE000024 - CARDIGAN PASSAROS;;OUTERWEAR;CARDIGAN;THELURE;FEMININO;;;PP/P/M/G/GG;;2011-06-09
TE000058;977;INVERNO;;;;TE000058 - CARDIGAN RABBIT;;OUTERWEAR;CARDIGAN;THELURE;FEMININO;;;PP/P/M/G/GG;;2011-10-17
TE000014;657;VERÃO;2011;SS11;TE000014;TE000014 - CARDIGAN RENDA;;OUTERWEAR;CARDIGAN;THELURE;FEMININO;;;PP/P/M/G/GG;;2011-06-07
EYV017;821;VERÃO;2011;SS11;;EYV017 - CARDIGAN RENDA;;OUTERWEAR;CARDIGAN;;FEMININO;;;GRADE P M GG;SCALINA S.A;2011-07-25
AM0002;885;VERÃO;2011;SS11;AM0002;AM0002 - CARDIGAN RENDA;;;FEMININO;ANGELA MOTTA;FEMININO;;;GRADE P M GG;;2011-08-31
301006;1427;VERÃO;;;;301006 - CARDIGAN RIVIERA;;OUTERWEAR;CARDIGAN;;FEMININO;;;PP/P/M/G/GG;SCALINA S.A;2012-05-08
332068;21800;INVERNO;2026;AW26;332068;332068 - CARDIGAN RO TRICOT;;OUTERWEAR;CARDIGAN;EGREY;FEMININO;PROPRIA;;PP/P/M/G/GG;;2025-09-16
301047;1511;VERÃO;;;;301047 - CARDIGAN RONET;;OUTERWEAR;CARDIGAN;;FEMININO;;;PP/P/M/G/GG;MINAS LÃ COMÉRCIO DE FIOS LTDA.;2012-05-10
TE000013;647;VERÃO;2011;SS11;TE000013;TE000013 - CARDIGAN SAFI;;OUTERWEAR;CARDIGAN;THELURE;FEMININO;;;PP/P/M/G/GG;;2011-06-02
302009;1825;INVERNO;;;302009;302009 - CARDIGAN SOVIETE;;OUTERWEAR;CARDIGAN;EGREY;FEMININO;;;PP/P/M/G/GG;;2012-10-12
301048;1513;VERÃO;;;;301048 - CARDIGAN ST.TROPEZ;;OUTERWEAR;CARDIGAN;;FEMININO;;;PP/P/M/G/GG;SCALINA S.A;2012-05-10
TE000047;955;INVERNO;;;;TE000047 - CARDIGAN TACHINHAS;;OUTERWEAR;CARDIGAN;THELURE;FEMININO;;;PP/P/M/G/GG;;2011-10-17
219027;21830;INVERNO;2026;AW26;219027;219027 - CARDIGAN TELA TRICOT;;OUTERWEAR;CARDIGAN;EGREY;MASCULINO;PROPRIA;;PP/P/M/G/GG;;2025-09-18
TE000067;1673;VERÃO;;;TE000067;TE000067 - CARDIGAN TOMATO;;OUTERWEAR;CARDIGAN;THELURE;FEMININO;;;PP/P/M/G/GG;;2012-07-16
00287;307;INVERNO;;;;00287 - CARDIGAN TRANCOSO;;OUTERWEAR;CARDIGAN;BOBÔ;FEMININO;;;PP/P/M/G/GG;;2010-12-07
0006176;1037;INVERNO;;;0006176;0006176 - CARDIGAN TRICOT;;;FEMININO;RESERVA;FEMININO;;;PP/P/M/G/GG;;2011-10-27
219071;21871;INVERNO;2026;AW26;219071;219071 - CARDIGAN TRICOT;;OUTERWEAR;CARDIGAN;EGREY;MASCULINO;PROPRIA;;PP/P/M/G/GG;;2025-09-19
319034;11111;VERÃO;;;319034VER;319034 - CARDIGAN TRICOT ALGODÃO;;;CAMISA;;;;;PP/P/M/G/GG/EXG/EGG/EEGG;;2024-10-21
207006;11178;VERÃO;;;207006MAR;207006 - CARDIGAN TRICOT ALGODÃO;;;CAMISA;;;;;PP/P/M/G/GG/EXG/EGG/EEGG;;2024-10-21
219028;21831;INVERNO;2026;AW26;219028;219028 - CARDIGAN TRICOT ALGODÃO;;OUTERWEAR;CARDIGAN;EGREY;MASCULINO;PROPRIA;;PP/P/M/G/GG;;2025-09-18
-00241;231;INVERNO;;;;-00241 - CARDIGAN TRICOT BICOLOR;;;FEMININO;RESERVA;FEMININO;;;GRADE P M GG;;2010-11-03
325077;12331;VERÃO;;;325077;325077 - CARDIGAN TRICOT CANELADO;;OUTERWEAR;FEMININO;EGREY;FEMININO;;;PP/P/M/G/GG;;2024-10-21
4424;771;VERÃO;2011;SS11;4424;4424 - CARDIGAN TRICOT DEGRADEE BICOLOR;;OUTERWEAR;CARDIGAN;RESERVA;MASCULINO;;;PP/P/M/G/GG;;2011-07-18
0000616;1025;INVERNO;;;0000616;0000616 - CARDIGAN TRICOT LISTRADO BE COOL;;TOP;TOP;RESERVA;MASCULINO;;;PP/P/M/G/GG;;2011-10-27
4510;513;VERÃO;2012;SS12;4510;4510 - CARDIGAN TRICOT LISTRADO DUO;;;MASCULINO;RESERVA;MASCULINO;;;PP/P/M/G/GG;;2011-04-12
326015;12518;INVERNO;;;326015;326015 - CARDIGAN TRICOT LÃ;;OUTERWEAR;FEMININO;EGREY;FEMININO;;;PP/P/M/G/GG;;2024-10-21
209009;11627;VERÃO;;;209009;209009 - CARDIGAN TRICOT PEROLA ALGODÃO;;TOP;MASCULINO;EGREY;MASCULINO;;;PP/P/M/G/GG/EXG/EGG/EEGG;;2024-10-21
332014;21755;INVERNO;2026;AW26;332014;332014 - CARDIGAN TRICOT STITCH;;OUTERWEAR;CARDIGAN;EGREY;FEMININO;PROPRIA;;PP/P/M/G/GG;;2025-09-16
324000;12087;INVERNO;;;324000;324000 - CARDIGAN TRICOT XADREZ BORDADO;;OUTERWEAR;FEMININO;EGREY;FEMININO;;;PP/P/M/G/GG;;2024-10-21
00131;129;VERÃO;2010;SS10;;00131 - CARDIGAN W MARINHEIRO;;;;;;;;PP/P/M/G/GG;;2010-09-09
00087;170;INVERNO;2010;AW10;;00087 - CARDIGAN WOLNER TIE DIE;;;;;;;;GRADE P M GG;;2010-07-08
TE000025;753;VERÃO;2011;SS11;TE000025;TE000025 - CARDIGAN ZIRI;;OUTERWEAR;CARDIGAN;THELURE;FEMININO;;;PP/P/M/G/GG;;2011-07-11
314003;10475;VERÃO;;;314003VER;314003 - CARDIGÃ BOTõES CASHMERE;;;CAMISA;;;;;PP/P/M/G/GG/EXG/EGG/EEGG;;2024-10-21
EY0023;401;INVERNO;;;;EY0023 - CARDIGÃ BUZIOS;;OUTERWEAR;CARDIGAN;;FEMININO;;;GRADE P M GG;MINAS LÃ COMÉRCIO DE FIOS LTDA.;2011-01-13
315194;10243;VERÃO;;;315194AZU;315194 - CARDIGÃ FAIXA BOLSO;;;CAMISA;;;;;PP/P/M/G/GG/EXG/EGG/EEGG;;2024-10-21
EY0030;279;INVERNO;;;0000002;EY0030 - CARDIGÃ JOPLIN LISTRAS;;OUTERWEAR;CARDIGAN;;FEMININO;;;GRADE P M GG;;2010-12-06
EY0012;377;INVERNO;;;;EY0012 - CARDIGÃ LONGO;;OUTERWEAR;CARDIGAN;;FEMININO;;;GRADE P M GG;MINAS LÃ COMÉRCIO DE FIOS LTDA.;2011-01-13
317008;11023;VERÃO;;;317008MOS;317008 - CARDIGÃ LONGO;;;CAMISA;;;;;PP/P/M/G/GG/EXG/EGG/EEGG;;2024-10-21
302028;1821;INVERNO;;;302028;302028 - CARDIGÃ ROMANOV;;OUTERWEAR;CARDIGAN;EGREY;FEMININO;;;GRADE P M GG;;2012-10-12
317010;10413;VERÃO;;;317010AZU;317010 - CARDIGÃ TWINSET;;;CAMISA;;;;;PP/P/M/G/GG/EXG/EGG/EEGG;;2024-10-21
798477;21132;INDEF - INDEFINIDO;INDEF - INDEFINIDO;;;798477 - CARTUCHO HP 664XL COLORIDO F6V30AB HP CX 1 UN;;;;INDEFINIDO - INDEFINIDO;;;;UNICA;;2024-12-11
BL004;21926;INDEF - INDEFINIDO;;;BL004;BL004 - CASACO;;OUTERWEAR;CASACO;BETINA DE LUCCA;FEMININO;PRIVATE LABEL;;PP/P/M/G/GG;;2025-10-10
310238;10877;VERÃO;;;310238CAM;310238 - CASACO ABERTO CASHMERE;;;CAMISA;;;;;PP/P/M/G/GG/EXG/EGG/EEGG;;2024-10-21
RPIN073;1055;INVERNO;;;;RPIN073 - CASACO ALVEOLOS;;OUTERWEAR;CASACO;ROSA PREGUIÇOSA;FEMININO;;;PP/P/M/G/GG;;2011-11-08
00438;553;VERÃO;2011;SS11;;00438 - CASACO BABADO SEDA;;OUTERWEAR;CASACO;THELURE;FEMININO;;;PP/P/M/G/GG;;2011-04-26
00209;183;INVERNO;2011;AW11;02;00209 - CASACO BABY;;;;TECA;;;;PP/P/M/G/GG;;2010-10-07
00210;185;INVERNO;2011;AW11;03;00210 - CASACO BABY COSTAS;;;;TECA;;;;PP/P/M/G/GG;;2010-10-07
MADRIH 001;1287;INVERNO;;;MADRHI 001;MADRIH 001 - CASACO BELA;;OUTERWEAR;CASACO;MADRIH;FEMININO;;;34 AO 44;;2012-01-30
00256;243;INVERNO;;;;00256 - CASACO BELCRYL;;OUTERWEAR;CASACO;KOSII;FEMININO;;;GRADE P M GG;;2010-11-05
329017;294;INVERNO;;;329017;329017 - CASACO BOUCLE TRICOT;;;;EGREY;;;INDEFINIDO;PP/P/M/G/GG;;2024-10-14
PJE01112-1037-005;1367;INVERNO;;;PJE01112-1037-005;PJE01112-1037-005 - CASACO BRITANIA;;OUTERWEAR;CASACO;PRETORIAN;;;;PP/P/M/G/GG;;2012-03-01
EYV008;699;VERÃO;2011;SS11;;EYV008 - CASACO CHANEL;;OUTERWEAR;CARDIGAN;;FEMININO;;;GRADE P M GG;;2011-06-14
TX001;1365;INVERNO;;;TX001;TX001 - CASACO CHANEL;;OUTERWEAR;CASACO;TRIX;;;;PP/P/M/G/GG;;2012-03-01
EYV009;737;VERÃO;2011;SS11;;EYV009 - CASACO CHANEL MEDIEVAL;;OUTERWEAR;CASACO;;FEMININO;;;GRADE P M GG;MINAS LÃ COMÉRCIO DE FIOS LTDA.;2011-06-22
00426;535;VERÃO;2011;SS11;;00426 - CASACO CORAÇÃO;;TOP;TOP;THELURE;FEMININO;;;PP/P/M/G/GG;;2011-04-26
0008370;1737;INVERNO;;;0008370;0008370 - CASACO CORSELET LUREX;;OUTERWEAR;CASACO;EVA;FEMININO;;;GRADE P M GG;;2012-09-05
LO000001;451;INVERNO;;;;LO000001 - CASACO CRISTAL LUREX;;OUTERWEAR;CARDIGAN;LEELOO;FEMININO;;;GRADE P M GG;;2011-01-31
219066;21851;INVERNO;2026;AW26;219066;219066 - CASACO DE LÃ;;OUTERWEAR;CASACO;EGREY;MASCULINO;PROPRIA;;34/36/38/40/42/44/46/48;;2025-09-19
219049;21850;INVERNO;2026;AW26;219049;219049 - CASACO DE LÃ ESPINHA;;OUTERWEAR;CASACO;EGREY;MASCULINO;PROPRIA;;34/36/38/40/42/44/46/48;;2025-09-19
332026;21767;INVERNO;2026;AW26;332026;332026 - CASACO DETALHES COTELE;;OUTERWEAR;CASACO;EGREY;FEMININO;PROPRIA;;34/36/38/40/42/44/46/48;;2025-09-16
00174;157;INVERNO;2011;AW11;MF11J04CR088;00174 - CASACO GATINHOS;;;;;;;;GRADE P M GG;;2010-09-27
00221;467;INVERNO;;;;00221 - CASACO GATINHOS;;OUTERWEAR;CARDIGAN;MANDI;FEMININO;;;PP/P/M/G/GG;;2011-02-18
329008;280;INVERNO;;;329008;329008 - CASACO GOLA AMPLA TRICOT;;OUTERWEAR;FEMININO;EGREY;FEMININO;;;PP/P/M/G/GG;;2024-10-14
0008365;1727;INVERNO;;;0008365;0008365 - CASACO GOLA ROLE TULE;;;FEMININO;EVA;FEMININO;;;GRADE P M GG;;2012-09-05
319083;11221;VERÃO;;;319083MAR;319083 - CASACO HELENA TRICOT;;;CAMISA;;;;;PP/P/M/G/GG/EXG/EGG/EEGG;;2024-10-21
00008;6;INVERNO;2010;AW10;12007;00008 - CASACO JACKIE BRICK;;;;;;;;PP/P/M/G/GG;;2010-06-02
301075;1585;VERÃO;;;;301075 - CASACO JEAN;;OUTERWEAR;CASACO;;FEMININO;;;PP/P/M/G/GG;BONDUKI LINHAS. FIOS E CONF. LTDA.;2012-05-13
314041OFF;1110;;;;314041OFF;314041OFF - CASACO JOHANNA;;;;;;;;PP/P/M/G/GG;;2024-10-19
314041;10527;VERÃO;;;314041PRE;314041 - CASACO JOHANNA;;;CAMISA;;;;;PP/P/M/G/GG/EXG/EGG/EEGG;;2024-10-21
000822;1211;ALTO INVERNO;;;LY 001;000822 - CASACO LANVIN LENNY;;OUTERWEAR;CASACO;;FEMININO;;;PP/P/M/G/GG;;2012-01-03
0008369 A;1735;INVERNO;;;0008369 A;0008369 A - CASACO LISTRAS LUREX A;;OUTERWEAR;CASACO;EVA;FEMININO;;;GRADE P M GG;;2012-09-05
0008369 B;1739;INVERNO;;;0008369 B;0008369 B - CASACO LISTRAS LUREX B;;OUTERWEAR;CASACO;EVA;FEMININO;;;GRADE P M GG;;2012-09-05
17.06.0002;817;VERÃO;2011;SS11;17.06.0002;17.06.0002 - CASACO LONGO BEACH PONTO BOLINHA;;OUTERWEAR;CARDIGAN;LEELOO;FEMININO;;;GRADE P M GG;;2011-07-25
319033;11189;VERÃO;;;319033CRU;319033 - CASACO LONGO LÃ;;;CAMISA;;;;;PP/P/M/G/GG/EXG/EGG/EEGG;;2024-10-21
310196;11931;VERÃO;;;310196PRE;310196 - CASACO MANGA AMARRAÇÃO;;;CAMISA;;;;;34 AO 48;;2024-10-21
300082;1335;INVERNO;;;;300082 - CASACO MELLER FLENDAX;;OUTERWEAR;CASACO;;FEMININO;;;GRADE P M GG;QUÉFIO INDÚSTRIA E COMÉRCIO LTDA.;2012-02-14
205019;10397;VERÃO;;;205019MAR;205019 - CASACO MILITAR;;;CAMISA;;;;;PP/P/M/G/GG;;2024-10-21
320067;11405;VERÃO;;;320067TUR;320067 - CASACO MULTICOLOR TRICOT;;;CAMISA;;;;;PP/P/M/G/GG/EXG/EGG/EEGG;;2024-10-21
EYV002;653;VERÃO;2011;SS11;;EYV002 - CASACO NERVURA;;OUTERWEAR;CASACO;;FEMININO;;;GRADE P M GG;MINAS LÃ COMÉRCIO DE FIOS LTDA.;2011-06-03
CO0015;1065;INVERNO;;;CO0015;CO0015 - CASACO OLIVIA;;OUTERWEAR;CARDIGAN;;FEMININO;;;PP/P/M/G/GG;;2011-11-16
203031;9942;VERÃO;;;203031;203031 - CASACO OSLO;;;CAMISA;;;;;PP/P/M/G/GG/EXG/EGG/EEGG;;2024-10-21
209020;11577;VERÃO;;;209020;209020 - CASACO OVERSIZED;;OUTERWEAR;MASCULINO;EGREY;MASCULINO;;;34/36/38/40/42/44/46/48;;2024-10-21
RPIN065;1053;INVERNO;;;;RPIN065 - CASACO PENEIRA;;OUTERWEAR;CASACO;ROSA PREGUIÇOSA;FEMININO;;;PP/P/M/G/GG;;2011-11-08
MADRIH004;1693;VERÃO;;;MADRIH004;MADRIH004 - CASACO PIM;;OUTERWEAR;CASACO;MADRIH;FEMININO;;;GRADE P M GG;;2012-08-03
00516;665;VERÃO;2012;SS12;;00516 - CASACO RENDA KARIN FELLER;;;;;;;;PP/P/M/G/GG;;2011-06-09
MM21K04CR116;927;INVERNO;;;MANDI;MM21K04CR116 - CASACO RETILINEA;;OUTERWEAR;CASACO;MANDI;MASCULINO;;;PP/P/M/G/GG;;2011-10-10
209022;11591;VERÃO;;;209022;209022 - CASACO SARJA MANTA RECICLADA;;OUTERWEAR;MASCULINO;EGREY;MASCULINO;;;34/36/38/40/42/44/46/48;;2024-10-21
CR0002;41558;VERÃO;2027;SS27;CR0002;CR0002 - CASACO STRIPE;;OUTERWEAR;CASACO;CRUISE;FEMININO;PRIVATE LABEL;;PP/P/M/G/GG;;2026-06-09
332025;21766;INVERNO;2026;AW26;332025;332025 - CASACO TRENCH;;OUTERWEAR;CASACO;EGREY;FEMININO;PROPRIA;;34/36/38/40/42/44/46/48;;2025-09-16
332003;21744;INVERNO;2026;AW26;332003;332003 - CASACO TRICOT FEMININO;;;;EGREY;;PROPRIA;;PP/P/M/G/GG;;2025-09-16
323084;12199;INVERNO;;;323084;323084 - CASACO TRICOT JACQUARD;;OUTERWEAR;FEMININO;EGREY;FEMININO;;;PP/P/M/G/GG/EXG/EGG/EEGG;;2024-10-21
329105;21126;INVERNO;;;329105;329105 - CASACO TWIN7;;OUTERWEAR;CASACO;EGREY;FEMININO;;;PP/P/M/G/GG;;2024-12-09
PJE01112-1037-001;1371;INVERNO;;;PJE01112-1037-001;PJE01112-1037-001 - CASACO ZÍPER;;OUTERWEAR;CASACO;PRETORIAN;MASCULINO;;;PP/P/M/G/GG;;2012-03-01
329038;224;INVERNO;;;329038;329038 - CASAQUETO BOTÕES CHEVRON;;OUTERWEAR;;EGREY;;;;34/36/38/40/42/44/46/48;;2024-10-14
329039;226;INVERNO;;;329039;329039 - CASAQUETO BOTÕES LÃ;;OUTERWEAR;FEMININO;EGREY;FEMININO;;;34/36/38/40/42/44/46/48;;2024-10-14
00070;136;VERÃO;2010;SS10;5CQ006;00070 - CASAQUETO DE TRICOT ESTAMPADO;;;;KOSII;;;;PP/P/M/G/GG;CONFECÇÕES BUTERLLY LTDA. - ME;2010-07-06
329037;222;INVERNO;;;329037;329037 - CASAQUETO LAME;;OUTERWEAR;FEMININO;EGREY;FEMININO;;;34/36/38/40/42/44/46/48;;2024-10-14
TRIX 007;1721;VERÃO;;;TRIX 007;TRIX 007 - CASAQUINHO BOTÃO THELURE;;;FEMININO;TRIX;FEMININO;;;PP/P/M/G/GG;;2012-09-03
TE000029;767;VERÃO;2011;SS11;;TE000029 - CASAQUINHO BÁSICO PAINEL;;OUTERWEAR;CASACO;THELURE;FEMININO;;;PP/P/M/G/GG;;2011-07-14
100003;21990;PERENE;;;100003;100003 - CASAQUINHO CLÁSSICO TRICOT;;OUTERWEAR;CASACO;EGREY;FEMININO;PROPRIA;;PP/P/M/G/GG;;2025-10-15
01.08.0274;1319;INVERNO;;;01.08.0274;01.08.0274 - CASAQUINHO GENNY;;OUTERWEAR;CASACO;LES AMIS;FEMININO;;;GRADE P M GG;;2012-02-13
328076;12713;VERÃO;;;328076;328076 - CASAQUINHO LEVE TRICOT;;;;EGREY;;;INDEFINIDO;PP/P/M/G/GG;;2024-10-23
EYV007;697;VERÃO;2011;SS11;;EYV007 - CASAQUINHO PAETÊ;;;FEMININO;;FEMININO;;;GRADE P M GG;QUÉFIO INDÚSTRIA E COMÉRCIO LTDA.;2011-06-14
322094;11827;VERÃO;;;322094;322094 - CASAQUINHO TRICOT;;OUTERWEAR;FEMININO;EGREY;FEMININO;;;PP/P/M/G/GG/EXG/EGG/EEGG;;2024-10-21
334200;41569;VERÃO;2017;SS17;334200;334200 - CASAQUINHO TRICOT;;OUTERWEAR;CASACO;EGREY;FEMININO;PROPRIA;;PP/P/M/G/GG;;2026-06-18
00518;667;VERÃO;2012;SS12;;00518 - CASHCOUER KARIN FELLER;;;;;;;;PP/P/M/G/GG;;2011-06-09
317067;11163;VERÃO;;;317067AZU;317067 - CASHMERE GOLA V;;;CAMISA;;;;;PP/P/M/G/GG/EXG/EGG/EEGG;;2024-10-21
321002;540;ATEMPORAL;2024;;321002;321002 - CASHMERE PANTS;;TOP;FEMININO;EGREY;FEMININO;;;PP/P/M/G/GG;;2024-10-15
TRIX 004;1285;INVERNO;;;TRIX 004;TRIX 004 - CHANEL QUADRADOS;;OUTERWEAR;CASACO;TRIX;FEMININO;;;GRADE P M GG;;2012-01-24
322060;11791;VERÃO;;;322060;322060 - CHAPÉU LEVE;;ACESSÓRIOS;FEMININO;EGREY;FEMININO;;;PP/P/M/G/GG/EXG/EGG/EEGG;;2024-10-21
331003;21341;VERÃO;;;331003;331003 - CHEMISE FAFÁ GLÓRIA KALIL;;TOP;FEMININO;GK PARA EGREY;FEMININO;;;34/36/38/40/42/44/46/48;;2025-03-13
312154;11933;VERÃO;;;312154BER;312154 - CHEMISE LAURA;;;CAMISA;;;;;34 AO 48;;2024-10-21
318059;11055;VERÃO;;;318059MAR;318059 - CHEMISE LINHO;;;CAMISA;;;;;34 AO 48;;2024-10-21
334041;41206;VERÃO;2027;SS27;334041;334041 - CHEMISE LINHO;;INTEIROS;CHEMISE;EGREY;FEMININO;PROPRIA;;34/36/38/40/42/44/46/48;;2026-02-19
325090;12323;VERÃO;;;325090;325090 - CHEMISE LISTRADO;;INTEIROS;VESTIDO;EGREY;FEMININO;;;34/36/38/40/42/44/46/48;;2024-10-21
313131;10775;VERÃO;;;313131LIS;313131 - CHEMISE LISTRADO COM AMARRAÇÃO;;;CAMISA;;;;;34 AO 48;;2024-10-21
328011;738;VERÃO;2024;SS24;328011;328011 - CHEMISE MAXI FENDAS TECNOLÓGICO;;INTEIROS;VESTIDO;EGREY;FEMININO;;;34/36/38/40/42/44/46/48;;2024-10-15
311302;12773;INDEF - INDEFINIDO;INDEF - INDEFINIDO;;311302;311302 - CHEMISE SEDA LONGO;;;;EGREY;;;;34/36/38/40/42/44/46/48;;2024-10-24
320007;11401;VERÃO;;;320007MAR;320007 - CHEMISE TECNOLÓGICO;;;CAMISA;;;;;34 AO 48;;2024-10-21
325089;12321;VERÃO;;;325089;325089 - CHEMISE TRICOLINE;;INTEIROS;VESTIDO;EGREY;FEMININO;;;34/36/38/40/42/44/46/48;;2024-10-21
315156;10138;VERÃO;;;315156BEG;315156 - CHEMISE TRICOLINE POINT;;;CAMISA;;;;;34 AO 48;;2024-10-21
315154;10068;VERÃO;;;315154VER;315154 - CHEMISIER COSTANZA;;;CAMISA;;;;;34 AO 48;;2024-10-21
314075;10757;VERÃO;;;314075PRE;314075 - CHEMISIER TRICOLINE;;;CAMISA;;;;;34 AO 48;;2024-10-21
239066;41443;VERÃO;2027;SS27;239066;239066 - CHINELO DE CAMURÇA;;SAPATOS;SANDALIA BAIXA;EGREY;MASCULINO;PROPRIA;;34 AO 48;;2026-04-13
217052;21483;VERÃO;;;217052;217052 - CHINELO DE COURO;;SAPATOS;MASCULINO;EGREY;MASCULINO;;;33/34/35/36/37/38/39/40/4;;2025-04-14
330105;21532;VERÃO;;;330105;330105 - CHINELO DE COURO;;SAPATOS;FEMININO;EGREY;FEMININO;;;33/34/35/36/37/38/39/40/4;;2025-04-25
217052M;21619;VERÃO;;;217052;217052M - CHINELO DE COURO;;SAPATOS;MASCULINO;EGREY;MASCULINO;;;UNICA;;2025-05-21
330105M;21616;VERÃO;;;330105;330105M - CHINELO DE COURO;;SAPATOS;FEMININO;EGREY;FEMININO;;;UNICA;;2025-05-21
328166;21345;VERÃO;;;328166;328166 - CHOKER ÁGUA PRATA;;ACESSÓRIOS;JOIAS;MANECA;FEMININO;;;UNICA;;2025-03-17
320010;11269;VERÃO;;;320010PRE;320010 - CIGARRETE CREPE;;;CAMISA;;;;;34 AO 48;;2024-10-21
210045;382;VERÃO;2024;SS24;210045;210045 - CINTO ARGOLA;;ACESSÓRIOS;MASCULINO;EGREY;MASCULINO;;;PP/P/M/G/GG;;2024-10-15
315189;9974;VERÃO;;;315189PRE;315189 - CINTO ARGOLA;;;CAMISA;;;;;PP/P/M/G/GG/EXG/EGG/EEGG;;2024-10-21
317197;10446;VERÃO;;;317197HAV;317197 - CINTO ARGOLA;;;CAMISA;;;;;PP/P/M/G/GG/EXG/EGG/EEGG;;2024-10-21
313203;12789;INDEF - INDEFINIDO;INDEF - INDEFINIDO;;313203;313203 - CINTO ARGOLA DUPLA;;;;EGREY;;;;PP/P/M/G/GG;;2024-10-24
315215;9970;VERÃO;;;315215BAU;315215 - CINTO ASSIMÉTRICO;;;CAMISA;;;;;PP/P/M/G/GG/EXG/EGG/EEGG;;2024-10-21
219012;21876;INVERNO;2026;AW26;219012;219012 - CINTO CAMURÇA COM PONTEIRA;;ACESSÓRIOS;CINTO;EGREY;MASCULINO;PROPRIA;;PP/P/M/G/GG;;2025-09-19
320093;11299;VERÃO;;;320093PRE;320093 - CINTO CINTURA;;;CAMISA;;;;;PP/P/M/G/GG/EXG/EGG/EEGG;;2024-10-21
329068;69;INVERNO;;;329068;329068 - CINTO CINTURA 5CM FIVELA METAL;;ACESSÓRIOS;FEMININO;EGREY;FEMININO;;;PP/P/M/G/GG;;2024-10-14
321094;542;ATEMPORAL;2024;;321094;321094 - CINTO CINTURA FIVELA QUADRADA;;ACESSÓRIOS;FEMININO;EGREY;FEMININO;;;PP/P/M/G/GG;;2024-10-15
320091;11296;VERÃO;;;320091MAR;320091 - CINTO CORDA;;;CAMISA;;;;;PP/P/M/G/GG/EXG/EGG/EEGG;;2024-10-21
311247;12767;INDEF - INDEFINIDO;INDEF - INDEFINIDO;;311247;311247 - CINTO CORDA COURO;;;;EGREY;;;;PP/P/M/G/GG;;2024-10-24
201043;11935;VERÃO;;;201043;201043 - CINTO COURO ARGOLA;;;CAMISA;;;;;PP/P/M/G/GG/EXG/EGG/EEGG;;2024-10-21
334151;41458;VERÃO;2027;SS27;334151;334151 - CINTO COURO ESCAMAS;;ACESSÓRIOS;CINTO;EGREY;FEMININO;PROPRIA;;PP/P/M/G/GG;;2026-04-14
334080;41454;VERÃO;2027;SS27;334080;334080 - CINTO COURO FIVELA GROSSA;;ACESSÓRIOS;CINTO;EGREY;;PROPRIA;;PP/P/M/G/GG;;2026-04-14
334149;41455;VERÃO;2027;SS27;334149;334149 - CINTO COURO FLOATER FIVELA GROSSA;;ACESSÓRIOS;CINTO;EGREY;FEMININO;PROPRIA;;PP/P/M/G/GG;;2026-04-14
334150;41456;VERÃO;2027;SS27;334150;334150 - CINTO COURO FLOATER FIVELA MEIA LUA;;ACESSÓRIOS;CINTO;EGREY;FEMININO;PROPRIA;;PP/P/M/G/GG;;2026-04-14
329096;976;INVERNO;;;329096;329096 - CINTO CREPE PESPONTO;;ACESSÓRIOS;FEMININO;EGREY;FEMININO;;;34/36/38/40/42/44/46/48;;2024-10-15
317196;10339;VERÃO;;;317196CAR;317196 - CINTO DUAS VOLTAS;;;CAMISA;;;;;PP/P/M/G/GG/EXG/EGG/EEGG;;2024-10-21
308259;12739;INDEF - INDEFINIDO;INDEF - INDEFINIDO;;308259;308259 - CINTO FAIXA;;ACESSÓRIOS;FEMININO;EGREY;FEMININO;;;PP/P/M/G/GG;;2024-10-24
309181;10653;INDEF - INDEFINIDO;INDEF - INDEFINIDO;;309181;309181 - CINTO FAIXA;;ACESSÓRIOS;CINTO;EGREY;FEMININO;;;PP/P/M/G/GG/EXG/EGG/EEGG;;2024-10-21
332091;22016;INVERNO;2026;AW26;332091;332091 - CINTO FINO AMARRAÇÃO;;ACESSÓRIOS;CINTO;EGREY;FEMININO;PROPRIA;;PP/P/M/G/GG;;2025-10-16
217054;21506;VERÃO;;;217054;217054 - CINTO FINO CROCO FIVELA QUADRADA FORRADA;;ACESSÓRIOS;MASCULINO;EGREY;MASCULINO;;;PP/P/M/G/GG;;2025-04-17
323061;564;VERÃO;2024;SS24;323061;323061 - CINTO FINO QUADRIL FIVELA FORRADA;;ACESSÓRIOS;FEMININO;EGREY;FEMININO;;;PP/P/M/G/GG;;2024-10-15
321093;11481;INVERNO;;;321093;321093 - CINTO FINO QUADRIL FIVELA QUADRADA;;ACESSÓRIOS;FEMININO;EGREY;FEMININO;;;PP/P/M/G/GG/EXG/EGG/EEGG;;2024-10-21
326089;672;INVERNO;;;326089;326089 - CINTO FIVELA ARGOLA;;ACESSÓRIOS;CINTO;EGREY;FEMININO;PROPRIA;;PP/P/M/G/GG;;2024-10-15
204060;10132;VERÃO;;;204060PRE;204060 - CINTO FIVELA FINA;;;CAMISA;;;;;PP/P/M/G/GG/EXG/EGG/EEGG;;2024-10-21
325075;580;VERÃO;2024;SS24;325075;325075 - CINTO FIVELA FORRADA;;ACESSÓRIOS;CINTO;EGREY;FEMININO;PROPRIA;;PP/P/M/G/GG;;2024-10-15
328065;760;VERÃO;2024;SS24;328065;328065 - CINTO FIVELA FORRADA;;TOP;FEMININO;EGREY;FEMININO;;;PP/P/M/G/GG;;2024-10-15
326080;666;INVERNO;;;326080;326080 - CINTO FIVELA FORRADA COURO;;TOP;FEMININO;EGREY;FEMININO;;;PP/P/M/G/GG;;2024-10-15
311243;11936;VERÃO;;;311243PRE;311243 - CINTO FIVELA FORRADA FINO;;;CAMISA;;;;;PP/P/M/G/GG/EXG/EGG/EEGG;;2024-10-21
311244;11937;VERÃO;;;311244MAR;311244 - CINTO FIVELA FORRADA LARGO;;;CAMISA;;;;;PP/P/M/G/GG/EXG/EGG/EEGG;;2024-10-21
332090;22014;INVERNO;2026;AW26;332090;332090 - CINTO FIVELA FORRADA QUADRADA FINO;;ACESSÓRIOS;CINTO;EGREY;FEMININO;PROPRIA;;PP/P/M/G/GG;;2025-10-16
332087;22018;INVERNO;2026;AW26;332087;332087 - CINTO FIVELA FORRADA QUADRADA LARGO;;ACESSÓRIOS;CINTO;EGREY;FEMININO;PROPRIA;;PP/P/M/G/GG;;2025-10-16
328124;796;;2024;;328124;328124 - CINTO FIVELA GRANDE COURO;;;;;;;;PP/P/M/G/GG;;2024-10-15
332086;22017;INVERNO;2026;AW26;332086;332086 - CINTO FIVELA MEIA LUA;;ACESSÓRIOS;CINTO;EGREY;FEMININO;PROPRIA;;PP/P/M/G/GG;;2025-10-16
334139;41457;VERÃO;2027;SS27;334139;334139 - CINTO FIVELA MEIA LUA;;ACESSÓRIOS;CINTO;EGREY;FEMININO;PROPRIA;;PP/P/M/G/GG;;2026-04-14
332204;22074;INVERNO;2026;AW26;332204;332204 - CINTO FIVELA MEIA LUA VERNIZ;;ACESSÓRIOS;CINTO;EGREY;FEMININO;PROPRIA;;PP/P/M/G/GG;;2025-10-22
328064;758;VERÃO;2024;SS24;328064;328064 - CINTO FIVELA OURO VELHO;;TOP;FEMININO;EGREY;FEMININO;;;PP/P/M/G/GG;;2024-10-15
312242;11939;VERÃO;;;312242;312242 - CINTO FIVELA PEQUENO;;;CAMISA;;;;;PP/P/M/G/GG/EXG/EGG/EEGG;;2024-10-21
325105;590;VERÃO;2024;SS24;325105;325105 - CINTO FIVELA QUADRADA;;TOP;FEMININO;EGREY;FEMININO;;;PP/P/M/G/GG/EXG/EGG/EEGG;;2024-10-15
330085;21449;VERÃO;;;330085;330085 - CINTO FIVELA QUADRADA FORRADA;;ACESSÓRIOS;FEMININO;EGREY;FEMININO;;;PP/P/M/G/GG;;2025-04-14
322064;554;INVERNO;;;322064;322064 - CINTO FIVELA QUADRADA METAL;;ACESSÓRIOS;FEMININO;EGREY;FEMININO;;;PP/P/M/G/GG;;2024-10-15
322063;552;INVERNO;;;322063;322063 - CINTO FIVELA QUADRADA PEQUENA FORRADA;;ACESSÓRIOS;FEMININO;EGREY;FEMININO;;;PP/P/M/G/GG;;2024-10-15
322062;550;INVERNO;;;322062;322062 - CINTO FIVELA REDONDA FORRADA;;TOP;FEMININO;EGREY;FEMININO;;;PP/P/M/G/GG;;2024-10-15
315212;9972;VERÃO;;;315212PRE;315212 - CINTO FIVELA RETANGULAR;;;CAMISA;;;;;PP/P/M/G/GG/EXG/EGG/EEGG;;2024-10-21
326078;664;INVERNO;;;326078;326078 - CINTO FIVELA TRIANGULAR 2CM;;TOP;FEMININO;EGREY;FEMININO;;;PP/P/M/G/GG;;2024-10-15
315210;10134;VERÃO;;;315210BEG;315210 - CINTO FLOATER;;;CAMISA;;;;;PP/P/M/G/GG/EXG/EGG/EEGG;;2024-10-21
319005;11171;VERÃO;;;319005PRE;319005 - CINTO LARGO COURO;;;CAMISA;;;;;PP/P/M/G/GG/EXG/EGG/EEGG;;2024-10-21
203044;9856;VERÃO;;;203044;203044 - CINTO LINHA;;;CAMISA;;;;;PP/P/M/G/GG/EXG/EGG/EEGG;;2024-10-21
202051;10488;VERÃO;;;202051;202051 - CINTO LISO COURO;;;CAMISA;;;;;PP/P/M/G/GG/EXG/EGG/EEGG;;2024-10-21
200051;10489;VERÃO;;;200051;200051 - CINTO LISO COURO;;;CAMISA;;;;;PP/P/M/G/GG/EXG/EGG/EEGG;;2024-10-21
208040;12731;INDEF - INDEFINIDO;INDEF - INDEFINIDO;;208040;208040 - CINTO MASCULINO LISO;;ACESSÓRIOS;MASCULINO;EGREY;MASCULINO;;;PP/P/M/G/GG;;2024-10-24
332119;22103;INVERNO;2026;AW26;332119;332119 - CINTO METAIS;;ACESSÓRIOS;CINTO;EGREY;FEMININO;PROPRIA;;PP/P/M/G/GG;;2025-10-28
311246;12765;INDEF - INDEFINIDO;INDEF - INDEFINIDO;;311246;311246 - CINTO OBI;;;;EGREY;;;;PP/P/M/G/GG;;2024-10-24
326077;662;INVERNO;2024;AW24;326077;326077 - CINTO PONTEIRA DE METAL 2,5CM;;ACESSÓRIOS;CINTO;EGREY;FEMININO;PROPRIA;;PP/P/M/G/GG;;2024-10-15
317195;10447;VERÃO;;;317195HAV;317195 - CINTO QUADRIL;;;CAMISA;;;;;PP/P/M/G/GG/EXG/EGG/EEGG;;2024-10-21
320092;11297;VERÃO;;;320092PRE;320092 - CINTO QUADRIL;;;CAMISA;;;;;PP/P/M/G/GG/EXG/EGG/EEGG;;2024-10-21
329067;56;INVERNO;;;329067;329067 - CINTO QUADRIL 2CM FIVELA METAL;;ACESSÓRIOS;FEMININO;EGREY;FEMININO;;;PP/P/M/G/GG;;2024-10-14
323062;566;VERÃO;2024;SS24;323062;323062 - CINTO QUADRIL FIVELA FORRADA RETANGULAR;;ACESSÓRIOS;FEMININO;EGREY;FEMININO;;;PP/P/M/G/GG;;2024-10-15
323063;12121;INVERNO;;;323063;323063 - CINTO QUADRIL TRESSÉ;;ACESSÓRIOS;FEMININO;EGREY;FEMININO;;;PP/P/M/G/GG/EXG/EGG/EEGG;;2024-10-21
315214;10046;VERÃO;;;315214AZU;315214 - CINTO ROLOTÊ CINTURA;;;CAMISA;;;;;PP/P/M/G/GG/EXG/EGG/EEGG;;2024-10-21
312239;11941;VERÃO;INDEF - INDEFINIDO;;312239;312239 - CINTO SOLETA LARGO;;;CAMISA;EGREY;;;;PP/P/M/G/GG/EXG/EGG/EEGG;;2024-10-21
202050;10487;VERÃO;;;202050;202050 - CINTO TRESSE COURO;;;CAMISA;;;;;PP/P/M/G/GG/EXG/EGG/EEGG;;2024-10-21
219074;21875;INVERNO;2026;AW26;219074;219074 - CINTO TRESSE COURO;;ACESSÓRIOS;CINTO;EGREY;MASCULINO;PROPRIA;;PP/P/M/G/GG;;2025-09-19
334140;41465;VERÃO;2027;SS27;334140;334140 - CINTO TRESSE COURO;;ACESSÓRIOS;BOLSA;EGREY;FEMININO;PROPRIA;;PP/P/M/G/GG;;2026-04-14
329071;318;INVERNO;;;329071;329071 - CINTO TRESSE UNISSEX FIVELA;;ACESSÓRIOS;UNISSEX;EGREY;UNISSEX;;INDEFINIDO;PP/P/M/G/GG;;2024-10-14
211031;388;INVERNO;;;211031;211031 - CINTO TRESSÉ FIVELA FORRADA;;ACESSÓRIOS;MASCULINO;EGREY;MASCULINO;;;PP/P/M/G/GG;;2024-10-15
040917;41584;;;;;040917 - CINTOS DIVERSOS;;;;;;;;UNICA;;2026-07-14
205000;356;ATEMPORAL;2024;;205000;205000 - CLASSIC PIMA SHORT SLEEVE TSHIRT;;BOTTOM;CALÇA;EGREY;MASCULINO;;;PP/P/M/G/GG/EXG/EGG/EEGG;;2024-10-15
208059;11309;VERÃO;;;208059GLA;208059 - CLOUD HI EDGE;;;CAMISA;;;;;34 AO 48;;2024-10-21
208060;11307;VERÃO;;;208060BLA;208060 - CLOUDFLYER;;;CAMISA;;;;;34 AO 48;;2024-10-21
328088;12657;VERÃO;;;328088;328088 - COBRE VENTO;;OUTERWEAR;FEMININO;EGREY;FEMININO;;;34/36/38/40/42/44/46/48;;2024-10-21
324014;12151;INVERNO;;;324014;324014 - COLAR;;ACESSÓRIOS;FEMININO;EGREY;FEMININO;;;UNICA;;2024-10-21
328162;21174;VERÃO;;;328162;328162 - COLAR CANON;;ACESSÓRIOS;JOIAS;EGREY;FEMININO;;;UNICA;;2024-12-20
315230;10225;VERÃO;;;315230DOU;315230 - COLAR CÁLICE ARGOLAS;;;CAMISA;;;;;UNICA;;2024-10-21
328163;21175;VERÃO;;;328163;328163 - COLAR ETUDES;;ACESSÓRIOS;JOIAS;EGREY;FEMININO;;;UNICA;;2024-12-20
330124;22102;VERÃO;2026;SS26;330124;330124 - COLAR FOLHA;;ACESSÓRIOS;JOIAS;MANECA;FEMININO;CONSIGNADO;;UNICA;;2025-10-27
310287;488;ATEMPORAL;2024;;310287;310287 - COLAR GRISEO  (EGLO.EGLR);;TOP;FEMININO;EGREY;FEMININO;;;UNICA;;2024-10-15
314186;9928;VERÃO;;;314186PRA;314186 - COLAR GRISEO PRATA;;ACESSÓRIOS;JOIAS;;;;;UNICA;;2024-10-21
320136;11451;VERÃO;;;320136PRA;320136 - COLAR LAVA ELO PEQUENO;;ACESSÓRIOS;JOIAS;;;;;UNICA;;2024-10-21
315229;10233;VERÃO;;;315229DOU;315229 - COLAR PÉTALA;;ACESSÓRIOS;JOIAS;;;;;UNICA;;2024-10-21
317200;10359;VERÃO;;;317200DOU;317200 - COLAR VIDRO;;ACESSÓRIOS;JOIAS;;;;;UNICA;;2024-10-21
335083;41787;INVERNO;2027;AW27;335083;335083 - COLETE DUFFLE LÃ E SEDA;;OUTERWEAR;COLETE;EGREY;FEMININO;PROPRIA;;34/36/38/40/42/44/46/48;;2026-09-15
EYV025;845;VERÃO;2011;SS11;;EYV025 - COLETE FURADO;;OUTERWEAR;COLETE;;FEMININO;;;GRADE P M GG;MINAS LÃ COMÉRCIO DE FIOS LTDA.;2011-08-03
00081;158;INDEF - INDEFINIDO;2010;;;00081 - COLETE GOLA ALTA CASHMERE;;;;;;;;UNICA;;2010-07-07
-00018;27;INDEF - INDEFINIDO;2010;;;-00018 - COLETE LOSANGO;;;;;;;;GRADE P M GG;;2010-07-13
0000069;1009;INVERNO;;;0000069;0000069 - COLETE LUREX;;OUTERWEAR;COLETE;RESERVA;FEMININO;;;PP/P/M/G/GG;;2011-10-25
00267;265;INVERNO;;;;00267 - COLETE PATCHWORK ARGYLE;;OUTERWEAR;COLETE;;;;;GRADE P M GG;;2010-11-19
RPIN074;1057;INVERNO;;;;RPIN074 - COLETE PEREGRINO;;OUTERWEAR;COLETE;ROSA PREGUIÇOSA;FEMININO;;;PP/P/M/G/GG;;2011-11-08
PN00008;611;ALTO INVERNO;2011;AW11;PJE01-130-08;PN00008 - COLETE RETILÍNEA;;OUTERWEAR;COLETE;PRETORIAN;MASCULINO;;;PP/P/M/G/GG;;2011-05-30
00259;247;INVERNO;;;;00259 - COLETE SERIDÓ;;OUTERWEAR;COLETE;KOSII;FEMININO;;;GRADE P M GG;;2010-11-05
311123;10669;VERÃO;;;311123PRE;311123 - COLETE TATI;;;CAMISA;;;;;PP/P/M/G/GG/EXG/EGG/EEGG;;2024-10-21
EY0006;367;INVERNO;;;;EY0006 - COLETE TRANÇADO;;OUTERWEAR;COLETE;;FEMININO;;;GRADE P M GG;MINAS LÃ COMÉRCIO DE FIOS LTDA.;2011-01-13
00111;87;INDEF - INDEFINIDO;2010;;;00111 - COLETE TRANÇAS;;;;;;;;UNICA;;2010-07-21
321076;11467;VERÃO;;;321076TRI;321076 - COLETE TRICOLOR TRICOT;;;CAMISA;;;;;PP/P/M/G/GG/EXG/EGG/EEGG;;2024-10-21
PJE-130-10;615;ALTO INVERNO;2011;AW11;PJE01-130-10;PJE-130-10 - COLETE TRICOT;;OUTERWEAR;CASACO;PRETORIAN;MASCULINO;;;PP/P/M/G/GG;;2011-05-30
216019;894;INVERNO;;;216019;216019 - COLETE TRICOT;;TOP;MASCULINO;EGREY;MASCULINO;;;PP/P/M/G/GG;;2024-10-15
321051;11465;VERÃO;;;321051MAR;321051 - COLETE TRICOT;;;CAMISA;;;;;PP/P/M/G/GG/EXG/EGG/EEGG;;2024-10-21
209047;11533;VERÃO;;;209047;209047 - COLETE TRICOT;;TOP;MASCULINO;EGREY;MASCULINO;;;PP/P/M/G/GG/EXG/EGG/EEGG;;2024-10-21
330012;21293;VERÃO;;;330012;330012 - COLETE TRICOT;;TOP;FEMININO;EGREY;FEMININO;;;PP/P/M/G/GG;;2025-03-12
211014;12043;VERÃO;;;211014;211014 - COLETE TRICOT CAVADO;;TOP;MASCULINO;EGREY;MASCULINO;;;PP/P/M/G/GG;;2024-10-21
324001;12085;INVERNO;;;324001;324001 - COLETE TRICOT XADREZ BORDADO;;TOP;FEMININO;EGREY;FEMININO;;;PP/P/M/G/GG;;2024-10-21
EY0007;369;INVERNO;;;;EY0007 - COLETÃO;;OUTERWEAR;COLETE;;FEMININO;;;GRADE P M GG;MINAS LÃ COMÉRCIO DE FIOS LTDA.;2011-01-13
020332;21242;INDEF - INDEFINIDO;INDEF - INDEFINIDO;;;020332 - COMPLEMENTO DE ICMS;;;;EGREY;;;;UNICA;;2025-02-20
326115;694;INVERNO;;;326115;326115 - CORRENTE COPO DE LEITE;;ACESSÓRIOS;JOIAS;EGREY;FEMININO;;;UNICA;;2024-10-15
325138ERRADO;610;VERÃO;2024;SS24;325138;325138ERRADO - CORRENTE LAMINA ELO PEQUENO;;TOP;FEMININO;EGREY;FEMININO;;;PP/P/M/G/GG;;2024-10-15
325138;1154;INVERNO;;;325138;325138 - CORRENTE LAMINA ELO PEQUENO;;ACESSÓRIOS;JOIAS;EGREY;FEMININO;;;UNICA;;2024-10-19
328152;21149;VERÃO;;;328152;328152 - CORRENTE ÁGUA SLIM DOURADO;;ACESSÓRIOS;JOIAS;MANECA;FEMININO;;;UNICA;;2024-12-18
217009;21268;VERÃO;;;217009;217009 - CORTA VENTO HIGH-TECH;;OUTERWEAR;MASCULINO;EGREY;MASCULINO;;;34/36/38/40/42/44/46/48;;2025-03-12
219038;21839;INVERNO;2026;AW26;219038;219038 - CORTA VENTO TECH;;OUTERWEAR;JAQUETA;EGREY;MASCULINO;PROPRIA;;34/36/38/40/42/44/46/48;;2025-09-19
217059;21526;VERÃO;;;217059;217059 - CORTA VENTO TECNOLÓGICO;;OUTERWEAR;MASCULINO;EGREY;MASCULINO;;;34/36/38/40/42/44/46/48;;2025-04-23
328049;12629;VERÃO;;;328049;328049 - CREW NECK PIMA NEW;;TOP;FEMININO;EGREY;FEMININO;;;PP/P/M/G/GG/EXG/EGG/EEGG;;2024-10-21
325114;12591;VERÃO;;;325114;325114 - CROPPED ANARRUGA;;BOTTOM;FEMININO;EGREY;FEMININO;;;34/36/38/40/42/44/46/48;;2024-10-21
321043;11457;VERÃO;;;321043ROX;321043 - CROPPED CAVADO;;;CAMISA;;;;;PP/P/M/G/GG/EXG/EGG/EEGG;;2024-10-21
315183;12807;INDEF - INDEFINIDO;INDEF - INDEFINIDO;;315183;315183 - CROPPED COLETTE;;;;EGREY;;;;34/36/38/40/42/44/46/48;;2024-10-24
314036;1092;;;;314036;314036 - CROPPED COSTAS;;;;;;;;PP/P/M/G/GG;;2024-10-19
326034ERRADO;622;INVERNO;;;326034;326034ERRADO - CROPPED GOLA ALTA TRICOT;;TOP;FEMININO;EGREY;FEMININO;;;34 AO 44;;2024-10-15
326034;1160;INVERNO;;;326034;326034 - CROPPED GOLA ALTA TRICOT;;TOP;FEMININO;EGREY;FEMININO;;;PP/P/M/G/GG;;2024-10-19
313160;10789;VERÃO;;;313160PRE;313160 - CROPPED INGRID LINHO;;;CAMISA;;;;;34/36/38/40/42/44/46/48;;2024-10-21
315062;10158;VERÃO;;;315062OFF;315062 - CROPPED JEANS;;;CAMISA;;;;;34 AO 48;;2024-10-21
23.18.1335;1387;VERÃO;;;23.18.1335;23.18.1335 - CS HEAVEN;;OUTERWEAR;CASACO;BOBÔ;FEMININO;;;GRADE P M GG;;2012-04-17
205001;358;ATEMPORAL;2024;;205001;205001 - CURVED PIMA SHORT SLEEVE TSHIRT;;BOTTOM;CALÇA;EGREY;MASCULINO;;;PP/P/M/G/GG/EXG/EGG/EEGG;;2024-10-15
315063;10209;VERÃO;;;315063CHU;315063 - DENIM JACKET;;;CAMISA;;;;;34 AO 48;;2024-10-21
317107;10901;VERÃO;;;317107CLA;317107 - DENIM JACKET;;;CAMISA;;;;;34 AO 48;;2024-10-21
10000;41759;;;;10000;10000 - DESENVOLVIMENTO CINTO FIVELA GRANDE MARROM;;;FEMININO;;;;;UNICA;;2026-09-08
10002;41761;;;;10000;10002 - DESENVOLVIMENTO CINTO FIVELINHA QUADRADA PRETO;;;FEMININO;;;;;UNICA;;2026-09-08
10001;41760;;;;10000;10001 - DESENVOLVIMENTO CINTO METAL PRETO;;;FEMININO;;;;;UNICA;;2026-09-08
240036;41653;INVERNO;2027;AW27;240036;240036 - DRIVER SHOES;;SAPATOS;MOCASSIM;EGREY;MASCULINO;PROPRIA;;33/34/35/36/37/38/39/40/4;;2026-08-18
335026;41685;INVERNO;2027;AW27;335026;335026 - DRIVER SHOES;;SAPATOS;MOCASSIM;EGREY;FEMININO;PROPRIA;;33/34/35/36/37/38/39/40/4;;2026-08-26
500007;41597;INDEF - INDEFINIDO;;;500007;500007 - EAR CUFF HILO;BRINCOS;ACESSÓRIOS;JOIAS;MANECA;FEMININO;CONSIGNADO;;UNICA;LUIZA MARASCHIM MILITÃO DA SILVA 44523880867;2026-07-21
318063ERRADO;512;ATEMPORAL;2024;;318063;318063ERRADO - EARCUFF ANGLE G;;TOP;FEMININO;EGREY;FEMININO;;;039;;2024-10-15
318063;1144;INDEF - INDEFINIDO;INDEF - INDEFINIDO;;318063;318063 - EARCUFF ANGLE G;;ACESSÓRIOS;JOIAS;EGREY;FEMININO;;;UNICA;;2024-10-19
318064;11035;VERÃO;;;318064PRA;318064 - EARCUFF ANGLE G;;ACESSÓRIOS;JOIAS;;;;;UNICA;;2024-10-21
328160;21172;VERÃO;2025;SS25;328160;328160 - EARCUFF ANGLE P;;ACESSÓRIOS;JOIAS;;FEMININO;;;UNICA;;2024-12-20
325129;600;VERÃO;2024;SS24;325129;325129 - EARCUFF IMAGO CLASSIC G;;ACESSÓRIOS;JOIAS;EGREY;FEMININO;;;UNICA;;2024-10-15
325128;598;VERÃO;2024;SS24;325128;325128 - EARCUFF IMAGO CLASSIC P;;ACESSÓRIOS;JOIAS;EGREY;FEMININO;;;UNICA;;2024-10-15
320146;11449;VERÃO;;;320146PRA;320146 - EARCUFF LAVA GRANDE;;ACESSÓRIOS;JOIAS;;;;;UNICA;;2024-10-21
320132;11447;VERÃO;;;320132PRA;320132 - EARCUFF PUPA;;ACESSÓRIOS;JOIAS;;FEMININO;;;UNICA;;2024-10-21
330204;41088;VERÃO;2026;SS26;330204;330204 - EARCUFF PUPA MÉDIA;BRINCOS;ACESSÓRIOS;JOIAS;MANECA;FEMININO;CONSIGNADO;;UNICA;;2025-12-19
328159;21171;VERÃO;;;328159;328159 - EARCUFF TIRA;;ACESSÓRIOS;JOIAS;EGREY;FEMININO;;;UNICA;;2024-12-20
328165;21344;VERÃO;;;328165;328165 - EARCUFF ÁGUA DOURADO;;ACESSÓRIOS;JOIAS;MANECA;FEMININO;;;UNICA;;2025-03-17
338010;41247;INVERNO;2027;AW27;338010;338010 - ECHARPE ANEMONAS;;ACESSÓRIOS;LENÇO;EGREY;FEMININO;PROPRIA;;UNICA;;2026-02-23
300031;1149;INVERNO;;;;300031 - EI BLUSA 21 BOTÕES;;TOP;TOP;;FEMININO;;;GRADE P M GG;QUÉFIO INDÚSTRIA E COMÉRCIO LTDA.;2011-12-14
300007;1087;INVERNO;;;;300007 - EI BLUSA BAUHAUS;;TOP;TOP;;FEMININO;;;GRADE P M GG;BONDUKI LINHAS. FIOS E CONF. LTDA.;2011-11-24
300024;1129;INVERNO;;;;300024 - EI BLUSA CHAGALL;;TOP;TOP;;FEMININO;;;PP/P/M/G/GG;MINAS LÃ COMÉRCIO DE FIOS LTDA.;2011-12-07
300047;1187;INVERNO;;;;300047 - EI BLUSA DUO;;TOP;TOP;;FEMININO;;;PP/P/M/G/GG;QUÉFIO INDÚSTRIA E COMÉRCIO LTDA.;2011-12-21
300039;1167;INVERNO;;;;300039 - EI BLUSA DZIGA;;TOP;TOP;;FEMININO;;;GRADE P M GG;BONDUKI LINHAS. FIOS E CONF. LTDA.;2011-12-21
300049;1191;INVERNO;;;;300049 - EI BLUSA ELO;;TOP;TOP;;FEMININO;;;GRADE P M GG;QUÉFIO INDÚSTRIA E COMÉRCIO LTDA.;2011-12-21
300037;1163;INVERNO;;;;300037 - EI BLUSA GAN;;TOP;TOP;;FEMININO;;;GRADE P M GG;MINAS LÃ COMÉRCIO DE FIOS LTDA.;2011-12-21
300063;1231;INVERNO;;;;300063 - EI BLUSA KOSTANTIN;;TOP;TOP;;FEMININO;;;PP/P/M/G/GG;MINAS LÃ COMÉRCIO DE FIOS LTDA.;2012-01-11
300020;1121;INVERNO;;;;300020 - EI BLUSA LENIN;;TOP;TOP;;FEMININO;;;GRADE P M GG;MINAS LÃ COMÉRCIO DE FIOS LTDA.;2011-12-07
300032;1151;INVERNO;;;;300032 - EI BLUSA LENIN LUREX;;TOP;TOP;;FEMININO;;;GRADE P M GG;;2011-12-20
300046;1185;INVERNO;;;;300046 - EI BLUSA LOUIS;;TOP;TOP;;FEMININO;;;PP/P/M/G/GG;MINAS LÃ COMÉRCIO DE FIOS LTDA.;2011-12-21
300040;1169;INVERNO;;;;300040 - EI BLUSA NAGY;;TOP;TOP;;FEMININO;;;GRADE P M GG;MINAS LÃ COMÉRCIO DE FIOS LTDA.;2011-12-21
300030;1147;INVERNO;;;;300030 - EI BLUSA PROUN;;TOP;TOP;;FEMININO;;;PP/P/M/G/GG;MINAS LÃ COMÉRCIO DE FIOS LTDA.;2011-12-14
300013;1101;INVERNO;;;;300013 - EI BLUSA ROD;;TOP;TOP;;FEMININO;;;PP/P/M/G/GG;BONDUKI LINHAS. FIOS E CONF. LTDA.;2011-12-02
300038;1165;INVERNO;;;;300038 - EI BLUSA SERGEI;;TOP;TOP;;FEMININO;;;GRADE P M GG;QUÉFIO INDÚSTRIA E COMÉRCIO LTDA.;2011-12-21
300015;1105;INVERNO;;;;300015 - EI BLUSA STEIN;;TOP;TOP;;FEMININO;;;GRADE P M GG;MINAS LÃ COMÉRCIO DE FIOS LTDA.;2011-12-02
300055;1203;INVERNO;;;;300055 - EI BLUSA STEIN SERIDÓ;;TOP;TOP;;FEMININO;;;GRADE P M GG;MINAS LÃ COMÉRCIO DE FIOS LTDA.;2011-12-22
300006;1085;INVERNO;;;;300006 - EI BLUSA TATLIN;;TOP;TOP;;FEMININO;;;GRADE P M GG;MINAS LÃ COMÉRCIO DE FIOS LTDA.;2011-11-23
300023;1127;INVERNO;;;;300023 - EI BLUSA TROTSKI;;TOP;TOP;;FEMININO;;;GRADE P M GG;MINAS LÃ COMÉRCIO DE FIOS LTDA.;2011-12-07
300059;1217;INVERNO;;;;300059 - EI BLUSA VADIM;;TOP;TOP;;FEMININO;;;GRADE P M GG;DEPP TEXTIL COM E REPRE DE MAQ LTDA;2012-01-05
300048;1189;INVERNO;;;;300048 - EI CAMISA ERNEST;;INTEIROS;VESTIDO;;FEMININO;;;GRADE P M GG;BONDUKI LINHAS. FIOS E CONF. LTDA.;2011-12-21
300001;1075;INVERNO;;;;300001 - EI CARDIGAN BAUHAUS;;OUTERWEAR;CASACO;;FEMININO;;;GRADE P M GG;BONDUKI LINHAS. FIOS E CONF. LTDA.;2011-11-23
300025;1131;INVERNO;;;;300025 - EI CARDIGAN CHAGALL;;OUTERWEAR;CARDIGAN;;FEMININO;;;GRADE P M GG;MINAS LÃ COMÉRCIO DE FIOS LTDA.;2011-12-07
300051;1195;INVERNO;;;;300051 - EI CARDIGAN MALDONADO;;OUTERWEAR;CARDIGAN;;FEMININO;;;GRADE P M GG;MINAS LÃ COMÉRCIO DE FIOS LTDA.;2011-12-21
300068;1257;INVERNO;;;;300068 - EI CARDIGAN MALDONADO MASTER;;OUTERWEAR;CARDIGAN;;FEMININO;;;GRADE P M GG;SCALINA S.A;2012-01-13
300021;1123;INVERNO;;;;300021 - EI CARDIGAN MOSCOU;;OUTERWEAR;CARDIGAN;;FEMININO;;;GRADE P M GG;QUÉFIO INDÚSTRIA E COMÉRCIO LTDA.;2011-12-07
300016;1107;INVERNO;;;;300016 - EI CARDIGAN NEO;;OUTERWEAR;CARDIGAN;;FEMININO;;;GRADE P M GG;QUÉFIO INDÚSTRIA E COMÉRCIO LTDA.;2011-12-02
300044;1181;INVERNO;;;;300044 - EI CARDIGAN OSKAR;;OUTERWEAR;CARDIGAN;;FEMININO;;;GRADE P M GG;BONDUKI LINHAS. FIOS E CONF. LTDA.;2011-12-21
300034;1155;INVERNO;;;;300034 - EI CARDIGAN RUSSIA;;OUTERWEAR;CARDIGAN;;FEMININO;;;GRADE P M GG;BONDUKI LINHAS. FIOS E CONF. LTDA.;2011-12-20
300029;1139;INVERNO;;;;300029 - EI CARDIGAN SCHUB;;OUTERWEAR;CARDIGAN;;FEMININO;;;GRADE P M GG;DEPP TEXTIL COM E REPRE DE MAQ LTDA;2011-12-07
300035;1157;INVERNO;;;;300035 - EI CARDIGAN VERTOV;;OUTERWEAR;CARDIGAN;;FEMININO;;;GRADE P M GG;BONDUKI LINHAS. FIOS E CONF. LTDA.;2011-12-20
300036;1159;INVERNO;;;;300036 - EI CARDIGAN VERTOV FOIL;;OUTERWEAR;CARDIGAN;;FEMININO;;;GRADE P M GG;BONDUKI LINHAS. FIOS E CONF. LTDA.;2011-12-20
300018;1115;INVERNO;;;;300018 - EI CARDIGÃ MALEVICH;;OUTERWEAR;CARDIGAN;;FEMININO;;;GRADE P M GG;MINAS LÃ COMÉRCIO DE FIOS LTDA.;2011-12-02
300002;1077;INVERNO;;;;300002 - EI CASACO BAUHAUS;;OUTERWEAR;CASACO;;FEMININO;;;GRADE P M GG;BONDUKI LINHAS. FIOS E CONF. LTDA.;2011-11-23
300062;1229;INVERNO;;;;300062 - EI CASACO KOSTANTIN;;OUTERWEAR;CASACO;;FEMININO;;;PP/P/M/G/GG;MINAS LÃ COMÉRCIO DE FIOS LTDA.;2012-01-11
300043;1179;INVERNO;;;;300043 - EI CASACO LASZLO;;OUTERWEAR;CASACO;;FEMININO;;;GRADE P M GG;QUÉFIO INDÚSTRIA E COMÉRCIO LTDA.;2011-12-21
300041;1171;INVERNO;;;;300041 - EI CASACO MELLER;;TOP;TOP;;FEMININO;;;GRADE P M GG;MINAS LÃ COMÉRCIO DE FIOS LTDA.;2011-12-21
300010;1095;INVERNO;;;;300010 - EI CASACO STALIN;;OUTERWEAR;CASACO;;FEMININO;;;GRADE P M GG;MINAS LÃ COMÉRCIO DE FIOS LTDA.;2011-12-02
300022;1125;INVERNO;;;;300022 - EI LEGGING;;BOTTOM;CALÇA;;FEMININO;;;GRADE P M GG;MINAS LÃ COMÉRCIO DE FIOS LTDA.;2011-12-07
300027;1135;INVERNO;;;;300027 - EI LEGGING CANELADA;;TOP;TOP;;FEMININO;;;GRADE P M GG;BONDUKI LINHAS. FIOS E CONF. LTDA.;2011-12-07
300056;1207;INVERNO;;;;300056 - EI LEGGING CANELADA;;BOTTOM;CALÇA;;FEMININO;;;GRADE P M GG;BONDUKI LINHAS. FIOS E CONF. LTDA.;2012-01-02
300033;1153;INVERNO;;;;300033 - EI LEGGING COM ZIPER;;BOTTOM;CALÇA;;FEMININO;;;GRADE P M GG;QUÉFIO INDÚSTRIA E COMÉRCIO LTDA.;2011-12-20
300072;405;INVERNO;;;;300072 - EI MALHA BARDOT;;TECIDOS;FEMININO;;FEMININO;;;GRADE P M GG;MINAS LÃ COMÉRCIO DE FIOS LTDA.;2011-01-14
300042;1175;INVERNO;;;;300042 - EI PELERINE VESNIN;;PELERINI;FEMININO;;FEMININO;;;GRADE P M GG;DEPP TEXTIL COM E REPRE DE MAQ LTDA;2011-12-21
300050;1193;INVERNO;;;;300050 - EI PELERINE YVES;;PELERINI;FEMININO;;FEMININO;;;GRADE P M GG;QUÉFIO INDÚSTRIA E COMÉRCIO LTDA.;2011-12-21
300054;1201;INVERNO;;;;300054 - EI REGATA MALDONADO;;TOP;TOP;;FEMININO;;;GRADE P M GG;MINAS LÃ COMÉRCIO DE FIOS LTDA.;2011-12-21
300069;1259;INVERNO;;;;300069 - EI REGATA MALDONADO MASTER;;TOP;TOP;;FEMININO;;;GRADE P M GG;SCALINA S.A;2012-01-13
300045;1183;INVERNO;;;;300045 - EI REGATA OSKAR;;TOP;TOP;;FEMININO;;;GRADE P M GG;BONDUKI LINHAS. FIOS E CONF. LTDA.;2011-12-21
300004;1081;INVERNO;;;;300004 - EI SAIA BAUHAUS;CURTO;BOTTOM;SAIA;;FEMININO;;;GRADE P M GG;BONDUKI LINHAS. FIOS E CONF. LTDA.;2011-11-23
300008;1089;INVERNO;;;;300008 - EI SAIA GABO;CURTO;BOTTOM;SAIA;;FEMININO;;;GRADE P M GG;MINAS LÃ COMÉRCIO DE FIOS LTDA.;2011-11-24
300061;1227;INVERNO;;;;300061 - EI SAIA KONSTANTIN;CURTO;BOTTOM;SAIA;;FEMININO;;;GRADE P M GG;MINAS LÃ COMÉRCIO DE FIOS LTDA.;2012-01-11
300052;1197;INVERNO;;;;300052 - EI SAIA MALDONADO;CURTO;BOTTOM;SAIA;;FEMININO;;;GRADE P M GG;MINAS LÃ COMÉRCIO DE FIOS LTDA.;2011-12-21
300058;1215;INVERNO;;;;300058 - EI SAIA ROD;CURTO;BOTTOM;SAIA;;FEMININO;;;GRADE P M GG;BONDUKI LINHAS. FIOS E CONF. LTDA.;2012-01-05
300071;1263;INVERNO;;;;300071 - EI SAIA RODCHENKO;;INTEIROS;VESTIDO;;FEMININO;;;GRADE P M GG;;2012-01-13
300011;1097;INVERNO;;;;300011 - EI SAIA STALIN;CURTO;BOTTOM;SAIA;;FEMININO;;;PP/P/M/G/GG;MINAS LÃ COMÉRCIO DE FIOS LTDA.;2011-12-02
300026;1133;INVERNO;;;;300026 - EI SUETER CHAGALL;;OUTERWEAR;SWEATER;;FEMININO;;;GRADE P M GG;MINAS LÃ COMÉRCIO DE FIOS LTDA.;2011-12-07
300028;1137;INVERNO;;;;300028 - EI SUETER SCHUB;;OUTERWEAR;SWEATER;;FEMININO;;;GRADE P M GG;DEPP TEXTIL COM E REPRE DE MAQ LTDA;2011-12-07
300005;1083;INVERNO;;;;300005 - EI SUETER STALIN;;OUTERWEAR;SWEATER;;FEMININO;;;GRADE P M GG;MINAS LÃ COMÉRCIO DE FIOS LTDA.;2011-11-23
300003;1079;INVERNO;;;;300003 - EI SUETER VLADIMIR;;TOP;TOP;;FEMININO;;;GRADE P M GG;MINAS LÃ COMÉRCIO DE FIOS LTDA.;2011-11-23
300017;1113;INVERNO;;;;300017 - EI SUÉTER NICOLAI;;TOP;TOP;;FEMININO;;;GRADE P M GG;MINAS LÃ COMÉRCIO DE FIOS LTDA.;2011-12-02
300060;1219;INVERNO;;;;300060 - EI T-SHIRT GAN;;TOP;TOP;;FEMININO;;;GRADE P M GG;QUÉFIO INDÚSTRIA E COMÉRCIO LTDA.;2012-01-06
300019;1119;INVERNO;;;;300019 - EI VESTIDO BAUHAUS;;INTEIROS;VESTIDO;;FEMININO;;;GRADE P M GG;BONDUKI LINHAS. FIOS E CONF. LTDA.;2011-12-07
300009;1091;INVERNO;;;;300009 - EI VESTIDO GABO;;INTEIROS;VESTIDO;;FEMININO;;;GRADE P M GG;MINAS LÃ COMÉRCIO DE FIOS LTDA.;2011-11-24
300064;1233;INVERNO;;;;300064 - EI VESTIDO KOSTANTIN;;INTEIROS;VESTIDO;;FEMININO;;;GRADE P M GG;MINAS LÃ COMÉRCIO DE FIOS LTDA.;2012-01-11
300053;1199;INVERNO;;;;300053 - EI VESTIDO MALDONADO;;INTEIROS;VESTIDO;;FEMININO;;;GRADE P M GG;MINAS LÃ COMÉRCIO DE FIOS LTDA.;2011-12-21
300065;1251;INVERNO;;;;300065 - EI VESTIDO MOSCOU;;INTEIROS;VESTIDO;;FEMININO;;;GRADE P M GG;MINAS LÃ COMÉRCIO DE FIOS LTDA.;2012-01-12
300012;1099;INVERNO;;;;300012 - EI VESTIDO ROD;;INTEIROS;VESTIDO;;FEMININO;;;GRADE P M GG;BONDUKI LINHAS. FIOS E CONF. LTDA.;2011-12-02
300073;1267;INVERNO;;;;300073 - EI VESTIDO ROD BICOLOR;;INTEIROS;VESTIDO;;FEMININO;;;PP/P/M/G/GG;BONDUKI LINHAS. FIOS E CONF. LTDA.;2012-01-13
300074;1269;INVERNO;;;;300074 - EI VESTIDO ROD BICOLOR RED;;INTEIROS;VESTIDO;;FEMININO;;;GRADE P M GG;BONDUKI LINHAS. FIOS E CONF. LTDA.;2012-01-13
300075;1271;INVERNO;;;;300075 - EI VESTIDO ROD FOIL;;INTEIROS;VESTIDO;;FEMININO;;;GRADE P M GG;BONDUKI LINHAS. FIOS E CONF. LTDA.;2012-01-13
300014;1103;INVERNO;;;;300014 - EI VESTIDO STEIN;;INTEIROS;VESTIDO;;FEMININO;;;GRADE P M GG;QUÉFIO INDÚSTRIA E COMÉRCIO LTDA.;2011-12-02
300057;1209;INVERNO;;;;300057 - EI W  MALHA LISA;;TOP;TOP;;FEMININO;;;GRADE P M GG;;2012-01-02
300067;1255;INVERNO;;;;300067 - EI W MALHA DETALHE;;TOP;TOP;;MASCULINO;;;GRADE P M GG;;2012-01-13
300066;1253;INVERNO;;;;300066 - EI XALE;;COURO;CACHECOL;;FEMININO;;;GRADE P M GG;MINAS LÃ COMÉRCIO DE FIOS LTDA.;2012-01-12
300070;1261;INVERNO;;;;300070 - EI XALE CHAGALL;;OUTERWEAR;CASACO;;FEMININO;;;GRADE P M GG;MINAS LÃ COMÉRCIO DE FIOS LTDA.;2012-01-13
020309;21214;VERÃO;2012;SS12;020309000001;020309 - ESTOQUE GERAL 2026;;;MASCULINO;RESERVA;MASCULINO;;;UNICA;;2025-02-04
00029;30;INVERNO;2010;AW10;11006;00029 - FAIXA LUREX;;;MASCULINO;;MASCULINO;;;UNICA;;2010-06-02
315217;9962;VERÃO;;;315217ROS;315217 - FLAT TIRAS MEIA CANA;;;CAMISA;;;;;34 AO 48;;2024-10-21
00124;115;;2010;;;00124 - FOLDER COM COLEÇÃO;;;;;;;;UNICA;;2010-08-02
00116;97;VERÃO;2010;SS10;;00116 - FRENTE UNICA MEDIEVAL;;;;;;;;PP/P/M/G/GG;;2010-07-23
329093;960;INVERNO;;;329093;329093 - FRENTE ÚNICA PAETE;;TOP;FEMININO;EGREY;FEMININO;;;34/36/38/40/42/44/46/48;;2024-10-15
205051;11137;VERÃO;;;205051AZU;205051 - GENDERLESS CASHMERE;;;CAMISA;;;;;PP/P/M/G/GG/EXG/EGG/EEGG;;2024-10-21
EY0011;379;INVERNO;;;;EY0011 - GOLA;;GOLA;FEMININO;;FEMININO;;;UNICA;MINAS LÃ COMÉRCIO DE FIOS LTDA.;2011-01-13
00064;102;INVERNO;2010;AW10;160027;00064 - GOLA ALTA BÁSICA;;;;;;;;PP/P/M/G/GG;;2010-06-17
326048;636;INVERNO;;;326048;326048 - GOLA ALTA CASHMERE;;TOP;FEMININO;EGREY;FEMININO;;;EXP/PP/P/M/G/GG/XG;;2024-10-15
00077;150;INDEF - INDEFINIDO;2010;;;00077 - GOLA ALTA CRIS;;;;;;;;PP/P/M/G/GG;;2010-07-07
335088;41727;INVERNO;2027;AW27;335088;335088 - GOLA AVULSA MERINO;;ACESSÓRIOS;;EGREY;FEMININO;PROPRIA;;PP/P/M/G/GG;;2026-09-02
00107;79;INDEF - INDEFINIDO;2010;;;00107 - GOLA CANOA PAULA;;;;;;;;UNICA;;2010-07-21
PN00003;603;ALTO INVERNO;2011;AW11;PJE01-130-03;PN00003 - GOLA OVERSIVE;;GOLA;MASCULINO;PRETORIAN;MASCULINO;;;PP/P/M/G/GG;;2011-05-30
00296;329;INVERNO;;;;00296 - GOLA TACHINHAS;;COURO;CACHECOL;ANIMALE;FEMININO;;;UNICA;;2010-12-15
RPIN079;1051;INVERNO;;;;RPIN079 - GOLA TARTARUGA;;COURO;CACHECOL;ROSA PREGUIÇOSA;FEMININO;;;PP/P/M/G/GG;;2011-11-08
00085;166;INVERNO;2010;AW10;;00085 - GOLA U BRITISH COLONY;;;;;;;;4;;2010-07-07
00104;73;INDEF - INDEFINIDO;2010;;;00104 - GOLA U BÁSICA JEE;;;;;;;;GRADE P M GG;;2010-07-19
00088;172;INVERNO;2010;AW10;;00088 - GOLA U STONE BONKER;;;;;;;;GRADE P M GG;;2010-07-08
PJE0113-1037-003;1771;INVERNO;;;PJE0113-1037-003;PJE0113-1037-003 - GOLA V BORDADO;;TOP;TOP;PRETORIAN;MASCULINO;;;PP/P/M/G/GG;;2012-09-26
00082;160;INDEF - INDEFINIDO;2010;;;00082 - GOLA V BORDADO DOURADO;;;;;;;;GRADE P M GG;;2010-07-07
00078;152;VERÃO;2010;SS10;;00078 - GOLA V BÁSICA EGREY;;;;;;;;GRADE P M GG;;2010-07-07
00086;168;INDEF - INDEFINIDO;2010;;;00086 - GOLA V BÁSICA FEMININA;;;;;;;;GRADE P M GG;;2010-07-08
00112;89;;2010;;;00112 - GOLA V COM CANELADO BÁSICO JEE;;;;;;;;UNICA;;2010-07-21
00030;37;INDEF - INDEFINIDO;2010;;;00030 - GOLA V FEM. MANDI;;;;MANDI;;;;GRADE P M GG;;2010-07-13
213034;12426;INVERNO;;;213034;213034 - GOLA V LISTRA TRICOT;;TOP;MASCULINO;EGREY;MASCULINO;;;PP/P/M/G/GG;;2024-10-21
PJE0113-1037-001;1767;INVERNO;;;PVE0113-1037-001;PJE0113-1037-001 - GOLA V LISTRADA;;TOP;TOP;PRETORIAN;MASCULINO;;;PP/P/M/G/GG;;2012-09-26
00101;192;INVERNO;2010;AW10;;00101 - GOLA V LISTRAS FINA MASCULINO MANDI;;;;;;;;GRADE P M GG;;2010-07-08
00091;178;INDEF - INDEFINIDO;2010;;;00091 - GOLA V OSKLEN MARROM PRETO E CREME;;;;OSKLEN;;;;GRADE P M GG;;2010-07-08
00043;51;VERÃO;2010;SS10;;00043 - GOLA V TRANÇAS RESERVA;;;;;;;;GRADE P M GG;;2010-07-13
321046;11631;VERÃO;;;321046;321046 - GOLA V TRICOT ALGODÃO;;;CAMISA;;;;;PP/P/M/G/GG/EXG/EGG/EEGG;;2024-10-21
325117;12821;INDEF - INDEFINIDO;INDEF - INDEFINIDO;;325117;325117 - GOLA V TRICOT TIE DYE;;;;EGREY;;;;PP/P/M/G/GG;;2024-10-24
600009;41566;;;;600009;600009 - HIDRATANTE CLERICOT;;;;;;;;UNICA;MONOCHROMA COMÉRCIO DE PRESENTES LTDA;2026-06-11
600006;41563;;;;600005;600006 - HIDRATANTE SAND & SALT;;;;MONOCHROMA;;;;UNICA;MONOCHROMA COMÉRCIO DE PRESENTES LTDA;2026-06-11
321001;11568;INVERNO;;;321001;321001 - HIGH COLLAR CASHMERE SWEATER;;OUTERWEAR;FEMININO;EGREY;FEMININO;;;PP/P/M/G/GG/EXG/EGG/EEGG;;2024-10-21
317111;11003;VERÃO;;;317111ROS;317111 - HIGH WAIST COLOURED JEANS;;;CAMISA;;;;;34/36/38/40/42/44/46/48;;2024-10-21
600011;41568;;;;600011;600011 - HOME SPRAY CLERICOT;;;;MONOCHROMA;;;;UNICA;MONOCHROMA COMÉRCIO DE PRESENTES LTDA;2026-06-11
600008;41565;;;;600008;600008 - HOME SPRAY SAND & SALT;;;;MONOCHROMA;;;;UNICA;MONOCHROMA COMÉRCIO DE PRESENTES LTDA;2026-06-11
00079;154;INVERNO;2010;AW10;;00079 - HOODIE BÁSICO RESERVA;;;;RESERVA;;;;GRADE P M GG;;2010-07-07
0000615;1021;INVERNO;;;0000615;0000615 - HOODIE FECHADO TRICOT LISTRADO BE COOL;;TOP;TOP;RESERVA;MASCULINO;;;PP/P/M/G/GG;;2011-10-27
00027;35;INDEF - INDEFINIDO;2010;;;00027 - HOODIE MASCULINO TRANÇAS ZIPER;;;;;;;;UNICA;;2010-07-13
0000662;1061;INVERNO;;;0000662;0000662 - HOODIE MINI TRICOT LISTRADO KINKS;;TOP;TOP;RESERVA;MASCULINO;;;18M AO 14A;;2011-11-16
00040;45;INVERNO;2010;AW10;;00040 - HOODIE MOLETON RESERVA;;;;;;;;GRADE P M GG;;2010-07-13
0006851;1405;VERÃO;;;0006851;0006851 - HOODIE RAGLAN LISTRA ELETRO;;TOP;TOP;RESERVA;MASCULINO;;;PP/P/M/G/GG;;2012-05-04
0000612;1027;INVERNO;;;0000612;0000612 - HOODIE TRICOT LISTRADO KINKS;;TOP;TOP;RESERVA;MASCULINO;;;PP/P/M/G/GG;;2011-10-27
4409;511;VERÃO;2011;SS11;4409;4409 - HOODIE TRICOT RAGLAN LISTRADO DUO;;TOP;TOP;RESERVA;MASCULINO;;;PP/P/M/G/GG;;2011-04-12
313054;10721;VERÃO;;;313054;313054 - HOT PANTS;;;CAMISA;;;;;PP/P/M/G/GG/EXG/EGG/EEGG;;2024-10-21
315051;10028;VERÃO;;;315051OFF;315051 - HOT PANTS CLASSIC;;;CAMISA;;;;;PP/P/M/G/GG/EXG/EGG/EEGG;;2024-10-21
315052;10004;VERÃO;;;315052PRE;315052 - HOT PANTS NERVURAS;;;CAMISA;;;;;PP/P/M/G/GG/EXG/EGG/EEGG;;2024-10-21
328075;772;VERÃO;2024;SS24;328075;328075 - HOT PANTS TRICOT;;BOTTOM;FEMININO;EGREY;FEMININO;;;PP/P/M/G/GG;;2024-10-15
000004;21537;INDEF - INDEFINIDO;INDEF - INDEFINIDO;;;000004 - JAQUETA;;;;EGREY;;;;UNICA;;2025-04-25
335008;41753;INVERNO;2027;AW27;335008;335008 - JAQUETA  BOTÕES BOUCLE LÃ;;OUTERWEAR;JAQUETA;EGREY;FEMININO;PROPRIA;;34/36/38/40/42/44/46/48;;2026-09-04
335100;41763;INVERNO;2027;AW27;335100;335100 - JAQUETA  BOTÕES TWEED LUREX;;OUTERWEAR;JAQUETA;EGREY;FEMININO;PROPRIA;;34/36/38/40/42/44/46/48;;2026-09-08
335000;41690;INVERNO;2027;AW27;335000;335000 - JAQUETA  XADREZ VICHY LÃ TRICOT;;OUTERWEAR;JAQUETA;EGREY;FEMININO;PROPRIA;;PP/P/M/G/GG;;2026-09-01
239059;41388;VERÃO;2027;SS27;239059;239059 - JAQUETA ALGODÃO EMPAPELADO;;OUTERWEAR;JAQUETA;EGREY;MASCULINO;PROPRIA;;34/36/38/40/42/44/46/48;;2026-03-30
334153;41468;VERÃO;2027;SS27;334153;334153 - JAQUETA ALGODÃO EMPAPELADO;;OUTERWEAR;JAQUETA;EGREY;FEMININO;PROPRIA;;34/36/38/40/42/44/46/48;;2026-04-14
321074;11483;VERÃO;;;321074PRE;321074 - JAQUETA AMPLA UNISSEX;;;CAMISA;;;;;34 AO 48;;2024-10-21
211004;12009;VERÃO;;;211004;211004 - JAQUETA ANARRUGA RAGLAN;;OUTERWEAR;MASCULINO;EGREY;MASCULINO;;;34/36/38/40/42/44/46/48;;2024-10-21
315138;10207;VERÃO;;;315138PRE;315138 - JAQUETA BALDWIN;;;CAMISA;;;;;34 AO 48;;2024-10-21
209045;11609;VERÃO;;;209045;209045 - JAQUETA BIKER;;OUTERWEAR;MASCULINO;EGREY;MASCULINO;;;34/36/38/40/42/44/46/48;;2024-10-21
216058;13025;INVERNO;;;216058;216058 - JAQUETA BOLSOS UNISSEX;;BOTTOM;MASCULINO;EGREY;MASCULINO;;;34/36/38/40/42/44/46/48;;2024-11-11
216059;21131;INVERNO;;;216059;216059 - JAQUETA BOLSOS UNISSEX;;BOTTOM;MASCULINO;EGREY;MASCULINO;;;34/36/38/40/42/44/46/48;;2024-12-09
201042;10965;VERÃO;;;201042;201042 - JAQUETA BOMBER;;;CAMISA;;;;;34/36/38/40/42/44/46/48;;2024-10-21
312231;10849;VERÃO;;;312231BER;312231 - JAQUETA BOMBER DE VELUDO;;;CAMISA;;;;;34 AO 48;;2024-10-21
323049;12119;INVERNO;;;323049;323049 - JAQUETA BOTÕES;;OUTERWEAR;FEMININO;EGREY;FEMININO;;;34/36/38/40/42/44/46/48;;2024-10-21
213038;12427;INVERNO;;;213038;213038 - JAQUETA BOTÕES TRICOT LÃ;;OUTERWEAR;MASCULINO;EGREY;MASCULINO;;;PP/P/M/G/GG;;2024-10-21
211012;12007;VERÃO;;;211012;211012 - JAQUETA BOTõES UNISSEX;;OUTERWEAR;MASCULINO;EGREY;MASCULINO;;;34/36/38/40/42/44/46/48;;2024-10-21
332028;21924;INVERNO;2026;AW26;332028;332028 - JAQUETA C/ GOLA TRICOT;;OUTERWEAR;JAQUETA;EGREY;FEMININO;PROPRIA;;34/36/38/40/42/44/46/48;;2025-10-07
203027;10836;VERÃO;;;203027;203027 - JAQUETA CAMISA COM BOLSO;;;CAMISA;;;;;PP/P/M/G/GG/EXG/EGG/EEGG;;2024-10-21
203022;9938;VERÃO;;;203022;203022 - JAQUETA CAPUZ;;;CAMISA;;;;;34/36/38/40/42/44/46/48;;2024-10-21
215020;470;VERÃO;2024;SS24;215020;215020 - JAQUETA CAPUZ TECNOLÓGICO;;BOTTOM;SHORT;EGREY;MASCULINO;;;34/36/38/40/42/44/46/48;;2024-10-15
217017;21276;VERÃO;;;217017;217017 - JAQUETA CLÁSSICA TECNO;;OUTERWEAR;MASCULINO;EGREY;MASCULINO;;;34/36/38/40/42/44/46/48;;2025-03-12
208039;11237;VERÃO;;;208039MAR;208039 - JAQUETA CORDÃO UNISSEX;;;CAMISA;;;;;34 AO 48;;2024-10-21
317121;10867;VERÃO;;;317121PRE;317121 - JAQUETA COURO;;;CAMISA;;;;;34 AO 48;;2024-10-21
321062;11563;VERÃO;;;321062PRE;321062 - JAQUETA COURO;;;CAMISA;;;;;34 AO 48;;2024-10-21
209011;11575;VERÃO;;;209011;209011 - JAQUETA COURO;;OUTERWEAR;MASCULINO;EGREY;MASCULINO;;;34/36/38/40/42/44/46/48;;2024-10-21
314099;9890;VERÃO;;;314099PRE;314099 - JAQUETA COURO DOUBLE;;;CAMISA;;;;;34 AO 48;;2024-10-21
216011;868;INVERNO;;;216011;216011 - JAQUETA COURO ITALIANO;;OUTERWEAR;MASCULINO;EGREY;MASCULINO;;;34/36/38/40/42/44/46/48;;2024-10-15
320023;11239;VERÃO;;;320023OFF;320023 - JAQUETA CROPPED;;;CAMISA;;;;;34 AO 48;;2024-10-21
320040;11241;VERÃO;;;320040DOU;320040 - JAQUETA CROPPED LAMÊ;;;CAMISA;;;;;34 AO 48;;2024-10-21
214004;442;VERÃO;2024;SS24;214004;214004 - JAQUETA CURTA UNISSEX;;TOP;MASCULINO;EGREY;MASCULINO;;;34/36/38/40/42/44/46/48;;2024-10-15
240000;41622;INVERNO;2027;AW27;240000;240000 - JAQUETA DE ALGODÃO;;OUTERWEAR;JAQUETA;EGREY;MASCULINO;PROPRIA;;34/36/38/40/42/44/46/48;;2026-08-17
219016;21818;INVERNO;2026;AW26;219016;219016 - JAQUETA DE CAMURÇA;;OUTERWEAR;JAQUETA;EGREY;MASCULINO;PROPRIA;;34/36/38/40/42/44/46/48;;2025-09-17
JAQUETA DE COURO;21819;INVERNO;2026;AW26;JAQUETA DE COURO;JAQUETA DE COURO - JAQUETA DE COURO;;OUTERWEAR;JAQUETA;EGREY;MASCULINO;PROPRIA;;34/36/38/40/42/44/46/48;;2025-09-17
219017;21920;INVERNO;2026;AW26;219017;219017 - JAQUETA DE COURO;;COURO;JAQUETA;EGREY;MASCULINO;PROPRIA;;34/36/38/40/42/44/46/48;;2025-10-07
240013;41631;INVERNO;2027;AW27;240013;240013 - JAQUETA DE LÃ;;OUTERWEAR;JAQUETA;EGREY;MASCULINO;PROPRIA;;34/36/38/40/42/44/46/48;;2026-08-17
219050;21852;INVERNO;2026;AW26;219050;219050 - JAQUETA DE SARJA;;OUTERWEAR;JAQUETA;EGREY;MASCULINO;PROPRIA;;34/36/38/40/42/44/46/48;;2025-09-19
201020;10961;VERÃO;;;201020;201020 - JAQUETA DE SARJA COM BOLSO;;;CAMISA;;;;;34/36/38/40/42/44/46/48;;2024-10-21
219043;21844;INVERNO;2026;AW26;219043;219043 - JAQUETA DENIM LEVE;;OUTERWEAR;JAQUETA;EGREY;MASCULINO;PROPRIA;;34/36/38/40/42/44/46/48;;2025-09-19
311032;11943;VERÃO;;;311032AÇA;311032 - JAQUETA ELÁSTICO ELô;;;CAMISA;;;;;34 AO 48;;2024-10-21
316014;10267;VERÃO;;;316014OFF;316014 - JAQUETA EROS;;;CAMISA;;;;;34 AO 48;;2024-10-21
316011;10309;VERÃO;;;316011MAR;316011 - JAQUETA EROS;;;CAMISA;;;;;34 AO 48;;2024-10-21
212003;12231;VERÃO;;;212003;212003 - JAQUETA EXPLORER;;;CAMISA;;;;;34/36/38/40/42/44/46/48;;2024-10-21
212031;12233;VERÃO;;;212031;212031 - JAQUETA EXPLORER LINHO;;OUTERWEAR;MASCULINO;EGREY;MASCULINO;;;34/36/38/40/42/44/46/48;;2024-10-21
217000;21256;VERÃO;;;217000;217000 - JAQUETA EXPLORER LINHO;;TOP;MASCULINO;EGREY;MASCULINO;;;34/36/38/40/42/44/46/48;;2025-03-11
314071;9880;VERÃO;;;314071CIN;314071 - JAQUETA GALES;;;CAMISA;;;;;34 AO 48;;2024-10-21
208055;11311;VERÃO;;;208055PRE;208055 - JAQUETA IMPERMEÁVEL;;;CAMISA;;;;;PP/P/M/G/GG/EXG/EGG/EEGG;;2024-10-21
208056;11313;VERÃO;;;208056BRA;208056 - JAQUETA IMPERMEÁVEL;;;CAMISA;;;;;PP/P/M/G/GG/EXG/EGG/EEGG;;2024-10-21
204067;10080;VERÃO;;;204067CHU;204067 - JAQUETA JEANS;;;CAMISA;;;;;34 AO 48;;2024-10-21
204057;10495;VERÃO;;;204057CHU;204057 - JAQUETA JEANS;;;CAMISA;;;;;34 AO 48;;2024-10-21
311079;10601;VERÃO;;;311079ESC;311079 - JAQUETA JEANS;;;CAMISA;;;;;34 AO 48;;2024-10-21
205004;11011;VERÃO;;;205004CLA;205004 - JAQUETA JEANS;;;CAMISA;;;;;34 AO 48;;2024-10-21
216015;234;INVERNO;;;216015;216015 - JAQUETA JEANS UNISSEX;;OUTERWEAR;FEMININO;EGREY;FEMININO;;;34/36/38/40/42/44/46/48;;2024-10-14
331010;21529;VERÃO;;;331010;331010 - JAQUETA LANTERNA GLÓRIA KALIL;;OUTERWEAR;FEMININO;GK PARA EGREY;FEMININO;;;34/36/38/40/42/44/46/48;;2025-04-24
209000;11517;VERÃO;;;209000;209000 - JAQUETA LEVE;;OUTERWEAR;MASCULINO;EGREY;MASCULINO;;;34/36/38/40/42/44/46/48;;2024-10-21
204032;10095;VERÃO;2025;SS25;204032MAR;204032 - JAQUETA LEVE ALGODÃO;;;;;;;;34 AO 48;;2024-10-21
318032;10927;VERÃO;;;318032MOS;318032 - JAQUETA LIBERTY;;;CAMISA;;;;;34 AO 48;;2024-10-21
328023;814;VERÃO;2024;SS24;328023;328023 - JAQUETA LINHO LISTRAS;;OUTERWEAR;JAQUETA;EGREY;FEMININO;;INDEFINIDO;34/36/38/40/42/44/46/48;;2024-10-15
239041;41364;VERÃO;2027;SS27;239041;239041 - JAQUETA LINHO LISTRAS;;OUTERWEAR;JAQUETA;EGREY;MASCULINO;PROPRIA;;34/36/38/40/42/44/46/48;;2026-03-19
317144;11019;VERÃO;;;317144BEG;317144 - JAQUETA LUNNA;;;CAMISA;;;;;34 AO 48;;2024-10-21
319027;11201;VERÃO;;;319027PRE;319027 - JAQUETA LÃ;;;CAMISA;;;;;34 AO 48;;2024-10-21
207011;11203;VERÃO;;;207011PRE;207011 - JAQUETA LÃ;;;CAMISA;;;;;34 AO 48;;2024-10-21
207026;11205;VERÃO;;;207026MAR;207026 - JAQUETA LÃ;;;CAMISA;;;;;34 AO 48;;2024-10-21
213008;12431;INVERNO;;;213008;213008 - JAQUETA LÃ BOLSOS;;OUTERWEAR;MASCULINO;EGREY;MASCULINO;;;34/36/38/40/42/44/46/48;;2024-10-21
209028;11588;VERÃO;;;209028;209028 - JAQUETA LÃ BOTõES;;OUTERWEAR;MASCULINO;EGREY;MASCULINO;;;34/36/38/40/42/44/46/48;;2024-10-21
209015;11601;VERÃO;;;209015;209015 - JAQUETA LÃ FRIA;;OUTERWEAR;MASCULINO;EGREY;MASCULINO;;;34/36/38/40/42/44/46/48;;2024-10-21
240047;41664;INVERNO;2027;AW27;240047;240047 - JAQUETA LÃ FRIA;;OUTERWEAR;JAQUETA;EGREY;MASCULINO;PROPRIA;;34/36/38/40/42/44/46/48;;2026-08-18
213005;12505;INVERNO;;;213005;213005 - JAQUETA LÃ PALA;;OUTERWEAR;MASCULINO;EGREY;MASCULINO;;;34/36/38/40/42/44/46/48;;2024-10-21
323021;12001;INVERNO;;;323021;323021 - JAQUETA LÃ UNISSEX;;OUTERWEAR;FEMININO;EGREY;FEMININO;;;34/36/38/40/42/44/46/48;;2024-10-21
00006;11;INVERNO;2010;AW10;;00006 - JAQUETA MASC. LÃ MARC ECKO;;;;;;;;GRADE P M GG;;2010-07-12
205059;10375;VERÃO;;;205059CIN;205059 - JAQUETA MILITAR;;;CAMISA;;;;;34 AO 48;;2024-10-21
219018;21820;INVERNO;2026;AW26;219018;219018 - JAQUETA MILITAR;;OUTERWEAR;JAQUETA;EGREY;MASCULINO;PROPRIA;;34/36/38/40/42/44/46/48;;2025-09-17
205027;10889;VERÃO;;;205027PRE;205027 - JAQUETA MOSCOW;;;CAMISA;;;;;34 AO 48;;2024-10-21
216052;972;INVERNO;;;216052;216052 - JAQUETA NYLON;;OUTERWEAR;MASCULINO;EGREY;MASCULINO;;;34/36/38/40/42/44/46/48;;2024-10-15
205031;10367;VERÃO;;;205031FIG;205031 - JAQUETA NYLON;;;CAMISA;;;;;34 AO 48;;2024-10-21
207015;11197;VERÃO;;;207015PRE;207015 - JAQUETA NYLON;;;CAMISA;;;;;34 AO 48;;2024-10-21
211006;12005;VERÃO;;;211006;211006 - JAQUETA NYLON;;OUTERWEAR;MASCULINO;EGREY;MASCULINO;;;34/36/38/40/42/44/46/48;;2024-10-21
335038;41762;INVERNO;2027;AW27;335038;335038 - JAQUETA PREGA COSTAS TENCEL;;OUTERWEAR;JAQUETA;EGREY;FEMININO;PROPRIA;;34/36/38/40/42/44/46/48;;2026-09-08
PN00002;601;ALTO INVERNO;2011;AW11;PJE01-130-02;PN00002 - JAQUETA RETILÍNEA I;;OUTERWEAR;CASACO;PRETORIAN;MASCULINO;;;PP/P/M/G/GG;;2011-05-30
205028;10387;VERÃO;;;205028PRE;205028 - JAQUETA SARJA;;;CAMISA;;;;;34 AO 48;;2024-10-21
217060;21527;VERÃO;;;217060;217060 - JAQUETA SARJA EXPLORER;;OUTERWEAR;MASCULINO;EGREY;MASCULINO;;;34/36/38/40/42/44/46/48;;2025-04-23
211005;12017;VERÃO;;;211005;211005 - JAQUETA SARJA PESPONTO;;OUTERWEAR;MASCULINO;EGREY;MASCULINO;;;34/36/38/40/42/44/46/48;;2024-10-21
201156;10521;VERÃO;;;201156PRE;201156 - JAQUETA SUÉCIA;;;CAMISA;;;;;34 AO 48;;2024-10-21
212008;12241;VERÃO;;;212008;212008 - JAQUETA TECNO BOLSOS;;OUTERWEAR;MASCULINO;EGREY;MASCULINO;;;34/36/38/40/42/44/46/48;;2024-10-21
216009ERRADO;942;INDEF - INDEFINIDO;2024;;216009;216009ERRADO - JAQUETA TECNOLOGICA;;OUTERWEAR;MASCULINO;EGREY;MASCULINO;;;34/36/38/40/42/44/46/48;;2024-10-15
216009;12725;INVERNO;;;216009;216009 - JAQUETA TECNOLOGICA;;OUTERWEAR;MASCULINO;EGREY;MASCULINO;;;34/36/38/40/42/44/46/48;;2024-10-23
239038;41316;VERÃO;2027;SS27;239038;239038 - JAQUETA TRAVEL;;OUTERWEAR;JAQUETA;EGREY;MASCULINO;PROPRIA;;34/36/38/40/42/44/46/48;;2026-03-16
PJE-132-09;613;ALTO INVERNO;2011;AW11;PJE01-132-09;PJE-132-09 - JAQUETA TRICOT;;OUTERWEAR;CASACO;PRETORIAN;MASCULINO;;;PP/P/M/G/GG;;2011-05-30
314145;9912;VERÃO;;;314145MOS;314145 - JAQUETA VELUDO;;;CAMISA;;;;;34 AO 48;;2024-10-21
317112;10455;VERÃO;;;317112PRE;317112 - JAQUETA VELUDO INÊS;;;CAMISA;;;;;34 AO 48;;2024-10-21
216016;236;INVERNO;;;216016;216016 - JAQUETA VELUDO UNISSEX;;OUTERWEAR;FEMININO;EGREY;FEMININO;;;34/36/38/40/42/44/46/48;;2024-10-14
213004;12429;VERÃO;;;213004;213004 - JAQUETA XADREZ PALA;;OUTERWEAR;MASCULINO;EGREY;MASCULINO;;;34/36/38/40/42/44/46/48;;2024-10-21
ISHA05;41329;;;;;ISHA05 - JAQUETA, ADULTO, PARA USO MASCULINO, MANGA LONGA, 100% COURO;;;;;;;;UNICA;;2026-03-17
ISHA04;41330;;;;;ISHA04 - JAQUETA, ADULTO, PARA USO MASCULINO, MANGA LONGA, 100% COURO;;;;;;;;UNICA;;2026-03-17
205002;11025;VERÃO;;;205002;205002 - JEANS 90 ESCURO;;;CAMISA;;;;;34/36/38/40/42/44/46/48;;2024-10-21
313253;10861;VERÃO;;;313253;313253 - JEANS BOYFRIEND;;;CAMISA;;;;;34/36/38/40/42/44/46/48;;2024-10-21
315065;10150;VERÃO;;;315065AZU;315065 - JEANS BÁSICO COR;;;CAMISA;;;;;34 AO 48;;2024-10-21
205003;11027;VERÃO;;;205003;205003 - JEANS CROPPED MEN;;;CAMISA;;;;;34/36/38/40/42/44/46/48;;2024-10-21
313231;10737;VERÃO;;;313231MAR;313231 - JEANS FIVE POCKETS;;;CAMISA;;;;;34 AO 48;;2024-10-21
314142;10863;VERÃO;;;314142OFF;314142 - JEANS FIVE POCKETS;;;CAMISA;;;;;34 AO 48;;2024-10-21
313252;12793;INDEF - INDEFINIDO;INDEF - INDEFINIDO;;313252;313252 - JEANS FLARE;;;;EGREY;;;;34/36/38/40/42/44/46/48;;2024-10-24
317103;10999;VERÃO;;;317103ESC;317103 - JEANS PANTALONA;;;CAMISA;;;;;34 AO 48;;2024-10-21
317106;11001;VERÃO;;;317106CLA;317106 - JEANS RETO;;;CAMISA;;;;;34 AO 48;;2024-10-21
313236;10985;VERÃO;;;313236OFF;313236 - JUMPSUIT LAURA;;;CAMISA;;;;;34/36/38/40/42/44/46/48;;2024-10-21
EYV023;841;VERÃO;2011;SS11;;EYV023 - KAFTAN;;INTEIROS;VESTIDO;;FEMININO;;;GRADE P M GG;MINAS LÃ COMÉRCIO DE FIOS LTDA.;2011-08-03
301069;1555;VERÃO;;;;301069 - KAFTAN BATEAU;;PONCHO;FEMININO;;FEMININO;;;PP/P/M/G/GG;MINAS LÃ COMÉRCIO DE FIOS LTDA.;2012-05-10
TE000012;527;VERÃO;2011;SS11;;TE000012 - KAFTAN CASABLANCA;;;FEMININO;THELURE;FEMININO;;;PP/P/M/G/GG;;2011-04-26
329066;254;INVERNO;;;329066;329066 - KAFTAN CREPE;LONGO;INTEIROS;VESTIDO;EGREY;FEMININO;;;34/36/38/40/42/44/46/48;;2024-10-14
301016;1449;VERÃO;;;;301016 - KAFTAN SOLEIL;;PONCHO;FEMININO;;FEMININO;;;PP/P/M/G/GG;MINAS LÃ COMÉRCIO DE FIOS LTDA.;2012-05-10
301016 B;1777;VERÃO;;;301016 B;301016 B - KAFTAN SOLEIL;;TOP;TOP;EGREY;FEMININO;;;PP/P/M/G/GG;;2012-09-26
301017;1451;VERÃO;;;;301017 - KAFTAN SOLEIL LUREX;;PONCHO;FEMININO;;FEMININO;;;PP/P/M/G/GG;MINAS LÃ COMÉRCIO DE FIOS LTDA.;2012-05-10
317061;11945;VERÃO;;;317061BEG;317061 - KIMONO LISO;;;CAMISA;;;;;PP/P/M/G/GG/EXG/EGG/EEGG;;2024-10-21
323027;12111;INVERNO;;;323027;323027 - KIMONO TRICOT PESPONTOS;;OUTERWEAR;FEMININO;EGREY;FEMININO;;;PP/P/M/G/GG/EXG/EGG/EEGG;;2024-10-21
318019;10953;VERÃO;;;318019BEG;318019 - KIMONO TRICô;;;CAMISA;;;;;PP/P/M/G/GG/EXG/EGG/EEGG;;2024-10-21
240012;41630;INVERNO;2027;AW27;240012;240012 - LEATHER RAGLAN JACKET;;OUTERWEAR;JAQUETA;EGREY;MASCULINO;PROPRIA;;34/36/38/40/42/44/46/48;;2026-08-17
240010;41628;INVERNO;2027;AW27;240010;240010 - LEATHER SHIRT;;COURO;CAMISA;;MASCULINO;;;34/36/38/40/42/44/46/48;;2026-08-17
TE000053;967;INVERNO;;;;TE000053 - LEGGING BASIC;;BOTTOM;CALÇA;THELURE;FEMININO;;;PP/P/M/G/GG;;2011-10-17
308121;11947;VERÃO;;;308121VER;308121 - LEGGING CANELADA;;;CAMISA;;;;;PP/P/M/G/GG/EXG/EGG/EEGG;;2024-10-21
00297;339;INVERNO;;;TA 000002;00297 - LEGGING RELEVO;;INTIMO;MEIA;TECA;FEMININO;;;GRADE P M GG;;2010-12-22
329005;272;INVERNO;;;329005;329005 - LEGGING TRICOT LÃ;;BOTTOM;FEMININO;EGREY;FEMININO;;;PP/P/M/G/GG;;2024-10-14
324018;12217;INVERNO;;;324018;324018 - LENÇO;;ACESSÓRIOS;FEMININO;EGREY;FEMININO;;;UNICA;;2024-10-21
316022;10279;VERÃO;;;316022BEG;316022 - LENÇO EOS;;;CAMISA;;;;;UNICA;;2024-10-21
332098;22040;INVERNO;2026;AW26;332098;332098 - LENÇO GRAVATARIA;;ACESSÓRIOS;LENÇO;EGREY;FEMININO;PROPRIA;;UNICA;;2025-10-17
335087;41726;INVERNO;2027;AW27;335087;335087 - LENÇO MERINO;;ACESSÓRIOS;LENÇO;EGREY;FEMININO;PROPRIA;;PP/P/M/G/GG;;2026-09-02
332055;21882;INVERNO;2026;AW26;332055;332055 - LENÇO SEDA;;ACESSÓRIOS;LENÇO;EGREY;FEMININO;PROPRIA;;UNICA;;2025-09-22
316029;10280;VERÃO;;;316029AMA;316029 - LENÇO TEBA;;;CAMISA;;;;;UNICA;;2024-10-21
329020;908;INVERNO;;;329020;329020 - LOAFER;;ACESSÓRIOS;FEMININO;EGREY;FEMININO;;;33/34/35/36/37/38/39/40/4;;2024-10-15
207023;364;ATEMPORAL;2024;;207023;207023 - LONG SLEEVE PIMA TSHIRT;;BOTTOM;CALÇA;EGREY;MASCULINO;;;PP/P/M/G/GG/EXG/EGG/EEGG;;2024-10-15
219051;21874;INVERNO;2026;AW26;219051;219051 - LONG SLEEVE TSHIRT THIN COLLAR MEN PIMA;;TOP;CAMISETA;EGREY;MASCULINO;PROPRIA;;34/36/38/40/42/44/46/48;;2025-09-19
332034;21879;INVERNO;2026;AW26;332034;332034 - LONG SLEEVE TSHIRT THIN COLLAR WOMEN;;TOP;CAMISETA;EGREY;FEMININO;PROPRIA;;PP/P/M/G/GG;;2025-09-22
316012;10311;VERÃO;;;316012MAR;316012 - MACACÃO AFRODITE;;;CAMISA;;;;;34 AO 48;;2024-10-21
325014;12307;VERÃO;;;325014;325014 - MACACÃO CREPE FAIXA;;INTEIROS;VESTIDO;EGREY;FEMININO;;;34/36/38/40/42/44/46/48;;2024-10-21
313275;10987;VERÃO;;;313275PRE;313275 - MACACÃO DRAPEADO CINTO;;INTEIROS;MACACAO;EGREY;;PROPRIA;;PP/P/M/G/GG/EXG/EGG/EEGG;;2024-10-21
312158;11949;VERÃO;;;312158;312158 - MACACÃO FIVELA;;;CAMISA;;;;;34/36/38/40/42/44/46/48;;2024-10-21
324012;12150;INVERNO;;;324012;324012 - MACACÃO GOLA TIRA BOTÃO;;INTEIROS;VESTIDO;EGREY;FEMININO;;;34/36/38/40/42/44/46/48;;2024-10-21
313157;10787;VERÃO;;;313157PRE;313157 - MACACÃO LONGO COM BOLSOS;;;CAMISA;;;;;34 AO 48;;2024-10-21
312129;11951;VERÃO;;;312129;312129 - MACACÃO LOURDES II;;INTEIROS;MACACAO;;FEMININO;;;34/36/38/40/42/44/46/48;;2024-10-21
317170;10319;VERÃO;;;317170CAR;317170 - MACACÃO LUNNA;;;CAMISA;;;;;34 AO 48;;2024-10-21
212037;12271;VERÃO;;;212037MAR;212037 - MACACÃO LÃ FRIA;;;CAMISA;;;;;34 AO 48;;2024-10-21
329031;240;INVERNO;;;329031;329031 - MACACÃO TECNOLÓGICO NEW;;INTEIROS;MACACAO;EGREY;FEMININO;;;34/36/38/40/42/44/46/48;;2024-10-14
314124;9906;VERÃO;;;314124AZU;314124 - MACACÃO TWILL AMANDA;;;CAMISA;;;;;34/36/38/40/42/44/46/48;;2024-10-21
313223;10735;VERÃO;;;313223GEL;313223 - MACAQUINHO COM AMARRAÇÃO;;;CAMISA;;;;;34 AO 48;;2024-10-21
325015;12309;VERÃO;;;325015;325015 - MACAQUINHO CREPE FAIXA;;INTEIROS;VESTIDO;EGREY;FEMININO;;;34/36/38/40/42/44/46/48;;2024-10-21
311067;11953;VERÃO;;;311067PRE;311067 - MACAQUINHO GOLA CAMISA;;;CAMISA;;;;;34 AO 48;;2024-10-21
315203;10066;VERÃO;;;315203VER;315203 - MAILLOT OMBRO SÓ;;;CAMISA;;;;;PP/P/M/G/GG/EXG/EGG/EEGG;;2024-10-21
322077;11794;VERÃO;;;322077;322077 - MAIÔ;;CONJUNTOS;BIQUINI;EGREY;FEMININO;;;PP/P/M/G/GG/EXG/EGG/EEGG;;2024-10-21
325102;12399;VERÃO;;;325102;325102 - MAIÔ DECOTE COSTAS;;CONJUNTOS;BIQUINI;EGREY;FEMININO;;;PP/P/M/G/GG;;2024-10-21
318025;10957;VERÃO;;;318025MAR;318025 - MAIô EMANA;;;CAMISA;;;;;PP/P/M/G/GG/EXG/EGG/EEGG;;2024-10-21
11.18.1224;1383;VERÃO;;;11.18.1224;11.18.1224 - MALHA ANIMAL TWIST;;TOP;TOP;BOBÔ;FEMININO;;;GRADE P M GG;;2012-04-17
00065;106;VERÃO;2010;SS10;11.19.0823;00065 - MALHA ARQUEIRO;;;;BOBÔ;;;;PP/P/M/G/GG;;2010-06-30
00105;75;VERÃO;2010;SS10;;00105 - MALHA BÁSICA COM PUNHO;;;;;;;;GRADE P M GG;;2010-07-20
EY0032;223;INVERNO;;;;EY0032 - MALHA DUDU;;TECIDOS;FEMININO;;FEMININO;;;GRADE P M GG;MINAS LÃ COMÉRCIO DE FIOS LTDA.;2010-10-26
00462;583;INDEF - INDEFINIDO;2011;;;00462 - MALHA FEMININO;;TECIDOS;FEMININO;INDEFINIDO - INDEFINIDO;FEMININO;;;PP/P/M/G/GG;;2011-05-26
00125;117;VERÃO;2010;SS10;;00125 - MALHA MARINHEIRO TRÊS BOTÕES;;;;;;;;GRADE P M GG;;2010-08-04
00460;579;INDEF - INDEFINIDO;2011;;;00460 - MALHA MASCULINO;;TECIDOS;MASCULINO;INDEFINIDO - INDEFINIDO;MASCULINO;;;PP/P/M/G/GG;;2011-05-26
EY0034;407;INVERNO;;;;EY0034 - MALHA WOODSTOCK;;TECIDOS;FEMININO;;FEMININO;;;GRADE P M GG;MINAS LÃ COMÉRCIO DE FIOS LTDA.;2011-01-14
SIE0002;22164;;;;;SIE0002 - MALHA ZÍPER MASCULINA;;;;;;;;PP/P/M/G/GG;;2025-12-03
EY0026;287;INVERNO;;;;EY0026 - MANGA;;OUTERWEAR;CASACO;;FEMININO;;;GRADE P M GG;;2010-12-06
311276;492;ATEMPORAL;2024;;311276;311276 - MANGA LONGA PIMA;;TOP;FEMININO;EGREY;FEMININO;;;PP/P/M/G/GG;;2024-10-15
200075;350;ATEMPORAL;2024;;200075;200075 - MANGA LONGA PIMA MASCULINO;;BOTTOM;CALÇA;EGREY;MASCULINO;;;PP/P/M/G/GG/EXG/EGG/EEGG;;2024-10-15
201134;9954;VERÃO;;;201134;201134 - MANGA LONGA PIQUET;;;CAMISA;;;;;PP/P/M/G/GG/EXG/EGG/EEGG;;2024-10-21
205055;10383;VERÃO;;;205055MAR;205055 - MANGA LONGA PIQUET PIMA BOLSO;;;CAMISA;;;;;PP/P/M/G/GG/EXG/EGG/EEGG;;2024-10-21
00011;19;INDEF - INDEFINIDO;2010;;;00011 - MANTA ALGODÃO CASAL;;;;;;;;UNICA;;2010-07-12
00062;98;INVERNO;2010;AW10;160029;00062 - MANTA ALGODÃO SOFÁ;;;;;;;;UNICA;;2010-06-16
140010;22117;INVERNO;2026;AW26;140010;140010 - MANTA CASHMERE;;PONCHO;MANTA;EGREY;HOME;PROPRIA;;PP/P/M/G/GG;;2025-11-05
00236;221;INVERNO;;;1;00236 - MANTA INFANTIL;;;;INDEFINIDO - INDEFINIDO;;;;UNICA;;2010-10-25
00163;139;INVERNO;2010;AW10;E0002;00163 - MANTA LOSANGO;;;;;;;;UNICA;;2010-09-15
00010;17;INDEF - INDEFINIDO;2010;;;00010 - MANTA LÃ CASAL;;;;;;;;UNICA;;2010-07-12
00061;96;INVERNO;2010;AW10;160028;00061 - MANTA LÃ SOFÁ;;;;;;;;UNICA;;2010-06-16
140004;22111;INVERNO;2026;AW26;140004;140004 - MANTA QUADRADOS;;TUNICA;MANTA;EGREY;HOME;PROPRIA;;PP/P/M/G/GG;;2025-11-05
00014;23;INDEF - INDEFINIDO;2010;;;00014 - MANTA SOLTEIRO;;;;;;;;UNICA;;2010-07-12
00012;21;INDEF - INDEFINIDO;2010;;;00012 - MANTA SOLTEIRO SERIDÓ;;;;;;;;UNICA;;2010-07-12
330115;21816;ALTO VERÃO;2026;SS26;330115;330115 - MAXI CALÇA LINHO;;BOTTOM;CALÇA;EGREY;FEMININO;PROPRIA;;34/36/38/40/42/44/46/48;;2025-09-17
330039;21319;VERÃO;;;330039;330039 - MAXI KIMONO SEDA;;TOP;FEMININO;EGREY;FEMININO;;;34/36/38/40/42/44/46/48;;2025-03-13
330025;21305;VERÃO;;;330025;330025 - MAXI KIMONO TRICOT;;INTEIROS;VESTIDO;EGREY;FEMININO;;;PP/P/M/G/GG;;2025-03-12
329080;1004;INVERNO;;;329080;329080 - MAXI SAIA TUNE TRICOT;;BOTTOM;FEMININO;EGREY;FEMININO;;;PP/P/M/G/GG;;2024-10-16
329007;278;INVERNO;;;329007;329007 - MAXI VESTIDO GOLA ALTA TRICOT;LONGO;INTEIROS;VESTIDO;EGREY;FEMININO;;;PP/P/M/G/GG;;2024-10-14
332083;21923;INVERNO;2026;AW26;332083;332083 - MINI CARDIGAN LEVE TRICOT;;OUTERWEAR;CARDIGAN;EGREY;FEMININO;PROPRIA;;PP/P/M/G/GG;;2025-10-07
317145;10911;VERÃO;;;317145MOS;317145 - MINI SAIA;;;CAMISA;;;;;34 AO 48;;2024-10-21
310030;11954;VERÃO;;;310030PRE;310030 - MINI SAIA AMSTERDÃ;;;CAMISA;;;;;PP/P/M/G/GG/EXG/EGG/EEGG;;2024-10-21
328040;326;VERÃO;2024;SS24;328040;328040 - MINI SAIA BABADO;CURTO;BOTTOM;SAIA;EGREY;FEMININO;;INDEFINIDO;PP/P/M/G/GG;;2024-10-15
328108;784;VERÃO;2024;SS24;328108;328108 - MINI SAIA BALONÊ;;TOP;FEMININO;EGREY;FEMININO;;;34/36/38/40/42/44/46/48;;2024-10-15
311116;11955;VERÃO;;;311116MAR;311116 - MINI SAIA BARBARA SARJA;;;CAMISA;;;;;34 AO 48;;2024-10-21
313270;10583;VERÃO;;;313270OFF;313270 - MINI SAIA BARBARA VERÃO;;;CAMISA;;;;;34 AO 48;;2024-10-21
315137;10064;VERÃO;;;315137OFF;315137 - MINI SAIA BARRADO SORBET;;;CAMISA;;;;;34 AO 48;;2024-10-21
328142;13023;VERÃO;;;328142;328142 - MINI SAIA BOLSO FOLE;CURTO;BOTTOM;SAIA;EGREY;;;;34/36/38/40/42/44/46/48;;2024-11-11
317062;10870;VERÃO;;;317062MAR;317062 - MINI SAIA BOTÕES;;;CAMISA;;;;;PP/P/M/G/GG/EXG/EGG/EEGG;;2024-10-21
323048;12099;INVERNO;;;323048;323048 - MINI SAIA BOTÕES;;BOTTOM;FEMININO;EGREY;FEMININO;;;34/36/38/40/42/44/46/48;;2024-10-21
329041;230;INVERNO;;;329041;329041 - MINI SAIA BOTÕES CHEVROM;;BOTTOM;FEMININO;EGREY;FEMININO;;;34/36/38/40/42/44/46/48;;2024-10-14
329040;228;INVERNO;;;329040;329040 - MINI SAIA BOTÕES LAME;;BOTTOM;FEMININO;EGREY;FEMININO;;;34/36/38/40/42/44/46/48;;2024-10-14
329042;232;INVERNO;;;329042;329042 - MINI SAIA BOTÕES LÃ;;BOTTOM;FEMININO;EGREY;FEMININO;;;34/36/38/40/42/44/46/48;;2024-10-14
330047;21327;VERÃO;;;330047;330047 - MINI SAIA CARGO;;BOTTOM;FEMININO;EGREY;FEMININO;;;34/36/38/40/42/44/46/48;;2025-03-13
313187;10803;VERÃO;;;313187PRE;313187 - MINI SAIA CINTO;;;CAMISA;;;;;34 AO 48;;2024-10-21
311271;12769;INDEF - INDEFINIDO;INDEF - INDEFINIDO;;311271;311271 - MINI SAIA COURO CHAMOIS;;;;EGREY;;;;34/36/38/40/42/44/46/48;;2024-10-24
311171;11957;VERÃO;;;311171AZU;311171 - MINI SAIA CREPE AMARRAÇÃO;;;CAMISA;;;;;PP/P/M/G/GG/EXG/EGG/EEGG;;2024-10-21
311030;11958;VERÃO;INDEF - INDEFINIDO;;311030;311030 - MINI SAIA ELÁSTICO ELô;;;CAMISA;;;;;34/36/38/40/42/44/46/48;;2024-10-21
315090;10000;VERÃO;;;315090MAR;315090 - MINI SAIA ERIN;;;CAMISA;;;;;34 AO 48;;2024-10-21
314072;9882;VERÃO;;;314072;314072 - MINI SAIA GALES;;;CAMISA;;;;;34/36/38/40/42/44/46/48;;2024-10-21
326103;12537;INVERNO;;;326103;326103 - MINI SAIA JEANS;;BOTTOM;FEMININO;EGREY;FEMININO;;;34/36/38/40/42/44/46/48;;2024-10-21
334100;41391;VERÃO;2027;SS27;334100;334100 - MINI SAIA JEANS;;BOTTOM;SAIA;EGREY;FEMININO;PROPRIA;;34/36/38/40/42/44/46/48;;2026-03-31
334090;41367;VERÃO;2027;SS27;334090;334090 - MINI SAIA JEANS CLARO;;BOTTOM;SAIA;EGREY;FEMININO;PROPRIA;;34/36/38/40/42/44/46/48;;2026-03-20
334040;41205;VERÃO;2027;SS27;334040;334040 - MINI SAIA LISTRAS TRICOT;;BOTTOM;SAIA;EGREY;FEMININO;PROPRIA;;PP/P/M/G/GG;;2026-02-19
315202;9988;VERÃO;;;315202ROS;315202 - MINI SAIA LIV;;;CAMISA;;;;;34 AO 48;;2024-10-21
310071;11959;VERÃO;;;310071PRE;310071 - MINI SAIA LÃ;;;CAMISA;;;;;34 AO 48;;2024-10-21
332112;22045;INVERNO;2026;AW26;332112;332112 - MINI SAIA LÃ;;BOTTOM;SAIA;EGREY;FEMININO;PROPRIA;;34/36/38/40/42/44/46/48;;2025-10-17
334076;41270;VERÃO;2027;SS27;334076;334076 - MINI SAIA NERVURAS TRICOT;;BOTTOM;CALÇA;EGREY;FEMININO;PROPRIA;;PP/P/M/G/GG;;2026-02-25
311139;12755;INDEF - INDEFINIDO;INDEF - INDEFINIDO;;311139;311139 - MINI SAIA PESPONTO;;;;EGREY;;;;34/36/38/40/42/44/46/48;;2024-10-24
328034;12623;VERÃO;;;328034;328034 - MINI SAIA REBITES;;BOTTOM;FEMININO;EGREY;FEMININO;;;34/36/38/40/42/44/46/48;;2024-10-21
311033;10659;VERÃO;;;311033OFF;311033 - MINI SAIA ROLOTÊ;;;CAMISA;;;;;34 AO 48;;2024-10-21
312030;11961;VERÃO;;;312030MAR;312030 - MINI SAIA RONDINE;;;CAMISA;;;;;34/36/38/40/42/44/46/48;;2024-10-21
325062;12315;VERÃO;;;325062;325062 - MINI SAIA SARJA;;BOTTOM;FEMININO;EGREY;FEMININO;;;34/36/38/40/42/44/46/48;;2024-10-21
326000;12535;INVERNO;;;326000;326000 - MINI SAIA SARJA;;BOTTOM;FEMININO;EGREY;FEMININO;;;34/36/38/40/42/44/46/48;;2024-10-21
330109;21644;INVERNO;2026;AW26;330068;330109 - MINI SAIA SARJA;;BOTTOM;SAIA;EGREY;FEMININO;PROPRIA;;34/36/38/40/42/44/46/48;;2025-06-04
325061;12313;VERÃO;;;325061;325061 - MINI SAIA SARJA ANIMAL PRINT;;BOTTOM;FEMININO;EGREY;FEMININO;;;34/36/38/40/42/44/46/48;;2024-10-21
330068;21432;VERÃO;;;330068;330068 - MINI SAIA SARJA IKAT;;BOTTOM;FEMININO;EGREY;FEMININO;;;34/36/38/40/42/44/46/48;;2025-04-14
332113;22046;INVERNO;2026;AW26;332113;332113 - MINI SAIA SARJA MARTINGALE;;BOTTOM;SAIA;EGREY;FEMININO;PROPRIA;;34/36/38/40/42/44/46/48;;2025-10-17
313240;10739;VERÃO;;;313240OFF;313240 - MINI SAIA SARJA ZEBRA;;;CAMISA;;;;;34 AO 48;;2024-10-21
313192;10579;VERÃO;;;313192OFF;313192 - MINI SAIA SILVE;;;CAMISA;;;;;34 AO 48;;2024-10-21
313005;10701;VERÃO;;;313005;313005 - MINI SAIA TRANÇADA;;;CAMISA;;;;;PP/P/M/G/GG/EXG/EGG/EEGG;;2024-10-21
020855;21894;INVERNO;2026;AW26;332079;020855 - MINI SAIA TRICOT;;BOTTOM;SAIA;EGREY;FEMININO;PROPRIA;;PP/P/M/G/GG;;2025-10-02
323085;12207;INVERNO;;;323085;323085 - MINI SAIA TRICOT JACQUARD;;BOTTOM;FEMININO;EGREY;FEMININO;;;PP/P/M/G/GG/EXG/EGG/EEGG;;2024-10-21
326060;12469;INVERNO;;;326060;326060 - MINI SAIA VELUDO;;BOTTOM;FEMININO;EGREY;FEMININO;;;34/36/38/40/42/44/46/48;;2024-10-21
312234;10693;VERÃO;;;312234;312234 - MINI SAIA VELUDO CAMILA;;;CAMISA;;;;;34/36/38/40/42/44/46/48;;2024-10-21
335025;41699;INVERNO;2027;AW27;335025;335025 - MINI SAIA XADREZ VICHY LÃ TRICOT;;BOTTOM;SAIA;EGREY;FEMININO;PROPRIA;;PP/P/M/G/GG;;2026-09-01
334202;41583;VERÃO;2027;SS27;334202;334202 - MINI SHORT TRICOT;;BOTTOM;SAIA;EGREY;FEMININO;PROPRIA;;PP/P/M/G/GG;;2026-07-08
330046;21326;VERÃO;;;320046;330046 - MINI VESTIDO CARGO;;INTEIROS;VESTIDO;EGREY;FEMININO;;;34/36/38/40/42/44/46/48;;2025-03-13
330099;21502;VERÃO;;;330099;330099 - MINI VESTIDO CETIM;;INTEIROS;VESTIDO;EGREY;FEMININO;;;34/36/38/40/42/44/46/48;;2025-04-16
320076;11247;VERÃO;;;320076OFF;320076 - MINISSAIA TEXTURA TRICOT;;;CAMISA;;;;;PP/P/M/G/GG/EXG/EGG/EEGG;;2024-10-21
319024;11159;VERÃO;;;319024PRE;319024 - MOCASSIM;;;CAMISA;;;;;34 AO 48;;2024-10-21
332108;22033;INVERNO;2026;AW26;332108;332108 - MOCASSIM;;CALÇADOS;MOCASSIM;EGREY;FEMININO;PROPRIA;;33/34/35/36/37/38/39/40/4;;2025-10-17
326070;656;INVERNO;;;326070;326070 - MOCASSIM CAMURÇA FRANJA;;TOP;FEMININO;EGREY;FEMININO;;;33/34/35/36/37/38/39/40/4;;2024-10-15
209036;11579;VERÃO;;;209036;209036 - MOCASSIM COURO;;SAPATOS;MASCULINO;EGREY;MASCULINO;;;39/40/41/42/43/44/45;;2024-10-21
323035;12107;INVERNO;;;323035;323035 - MOCASSIM COURO;;SAPATOS;FEMININO;EGREY;FEMININO;;;34/35/36/37/38/39/40;;2024-10-21
323036;12109;INVERNO;;;323036;323036 - MOCASSIM COURO FRANJAS;;SAPATOS;FEMININO;EGREY;FEMININO;;;33/34/35/36/37/38/39/40/4;;2024-10-21
219061;21863;INVERNO;2026;AW26;219061;219061 - MOCASSIM DE CAMURÇA;;CALÇADOS;MOCASSIM;EGREY;MASCULINO;PROPRIA;;33/34/35/36/37/38/39/40/4;;2025-09-19
240051;41770;INVERNO;2027;AW27;240051;240051 - MOCASSIM DE CAMURÇA;;SAPATOS;MOCASSIM;EGREY;MASCULINO;PROPRIA;;33/34/35/36/37/38/39/40/4;;2026-09-14
219062;21864;INVERNO;2026;AW26;219062;219062 - MOCASSIM DE COURO;;CALÇADOS;MOCASSIM;EGREY;MASCULINO;PROPRIA;;33/34/35/36/37/38/39/40/4;;2025-09-19
239069;41446;VERÃO;2027;SS27;239069;239069 - MOCASSIM DE COURO VERNIZ;;SAPATOS;MOCASSIM;EGREY;MASCULINO;PROPRIA;;33/34/35/36/37/38/39/40/4;;2026-04-13
334159;41482;VERÃO;2027;SS27;334159;334159 - MOCASSIM DE COURO VERNIZ;;SAPATOS;MOCASSIM;EGREY;FEMININO;PROPRIA;;33/34/35/36/37/38/39/40/4;;2026-04-18
240052;41667;INVERNO;2027;AW27;240052;240052 - MOCASSIM DE COURO VERNIZ;;SAPATOS;MOCASSIM;EGREY;MASCULINO;PROPRIA;;33/34/35/36/37/38/39/40/4;;2026-08-18
321082;11569;VERÃO;;;321082;321082 - MOCASSIM FEMININO;;;CAMISA;;;;;33/34/35/36/37/38/39/40/4;;2024-10-21
331007;21369;VERÃO;;;331007;331007 - MOCASSIM GLÓRIA KALIL;;SAPATOS;FEMININO;GK PARA EGREY;FEMININO;;;33/34/35/36/37/38/39/40/4;;2025-03-19
326071;658;INVERNO;;;326071;326071 - MOCASSIM GRAVATA;;TOP;;EGREY;FEMININO;;;33/34/35/36/37/38/39/40/4;;2024-10-15
326072;660;INVERNO;;;326072;326072 - MOCASSIM GRAVATA VERNIZ;;TOP;FEMININO;EGREY;FEMININO;;;33/34/35/36/37/38/39/40/4;;2024-10-15
205022;10453;VERÃO;;;205022MAR;205022 - MOLETOM BICOLOR;;;CAMISA;;;;;PP/P/M/G/GG/EXG/EGG/EEGG;;2024-10-21
205023;10607;VERÃO;;;205023;205023 - MOLETOM CAPUZ;;;CAMISA;;;;;PP/P/M/G/GG/EXG/EGG/EEGG;;2024-10-21
207005;11207;VERÃO;;;207005OFF;207005 - MOLETOM CORDÃO;;;CAMISA;;;;;PP/P/M/G/GG/EXG/EGG/EEGG;;2024-10-21
219052;21853;INVERNO;2026;AW26;219052;219052 - MOLETOM CREW NECK PIMA;;;;EGREY;MASCULINO;PROPRIA;;PP/P/M/G/GG;;2025-09-19
327000;702;VERÃO;2024;SS24;327000;327000 - MOLETOM CREWNECK FEMININO;;TOP;;EGREY;FEMININO;;;PP/P/M/G/GG;;2024-10-15
214000;436;VERÃO;2024;SS24;214000;214000 - MOLETOM CREWNECK MASCULINO;;TOP;MASCULINO;EGREY;MASCULINO;;;PP/P/M/G/GG;;2024-10-15
214001;438;VERÃO;2024;SS24;214001;214001 - MOLETOM CREWNECK UNISSEX;;TOP;MASCULINO;EGREY;MASCULINO;;;PP/P/M/G/GG;;2024-10-15
329078;314;INVERNO;;;329078;329078 - MOLETOM JACQUARD TRICOT;;OUTERWEAR;;EGREY;;;;PP/P/M/G/GG;;2024-10-14
211016;12021;INVERNO;;;211016;211016 - MOLETOM NYLON UNISSEX;;OUTERWEAR;MASCULINO;EGREY;MASCULINO;;;PP/P/M/G/GG;;2024-10-21
219053;21854;INVERNO;2026;AW26;219053;219053 - MOLETOM RAGLAN TRICOLOR PIMA;;;;EGREY;MASCULINO;PROPRIA;;PP/P/M/G/GG;;2025-09-19
205035;10403;VERÃO;;;205035MAR;205035 - MOLETOM ROMA;;;CAMISA;;;;;PP/P/M/G/GG/EXG/EGG/EEGG;;2024-10-21
213040;12449;INVERNO;;;213040;213040 - MOLETOM XADREZ TRICOT;;OUTERWEAR;MASCULINO;EGREY;MASCULINO;;;PP/P/M/G/GG;;2024-10-21
PJE01112-1037-004;1339;INVERNO;;;PJE01112-1037-004;PJE01112-1037-004 - MOLETON;;OUTERWEAR;CASACO;PRETORIAN;MASCULINO;;;PP/P/M/G/GG;;2012-02-15
001153;1761;;;;001153;001153 - NOTA COMPLEMENTAR;;;;;;;;UNICA;;2012-09-17
00003;2;VERÃO;2010;SS10;27576;00003 - OSKLEN CAMISA LINHO MASC.;;;;;;;;GRADE P M GG;;2010-07-08
240033;41650;INVERNO;2027;AW27;240033;240033 - OVERSHIRT BLOCK;;TOP;CAMISA;EGREY;MASCULINO;PROPRIA;;34/36/38/40/42/44/46/48;;2026-08-18
240028;41646;INVERNO;2027;AW27;240028;240028 - OVERSHIRT FLANELA;;TOP;CAMISA;EGREY;MASCULINO;PROPRIA;;34/36/38/40/42/44/46/48;;2026-08-18
00041;47;INVERNO;2010;AW10;;00041 - OVERTOP ABERTO LEELOO;;;;;;;;GRADE P M GG;;2010-07-13
PACK05;10538;VERÃO;;;PACK05MMAR;PACK05 - PACK CAMISETAS PIMA GOLA V;;;CAMISA;;;;;PP/P/M/G/GG/EXG/EGG/EEGG;;2024-10-21
PACK01;10531;VERÃO;;;PACK01MBRA;PACK01 - PACK CAMISETAS PIMA MODERNA;;;CAMISA;;;;;PP/P/M/G/GG/EXG/EGG/EEGG;;2024-10-21
PACK02;10533;VERÃO;;;PACK02MTRI;PACK02 - PACK CAMISETAS PIMA MODERNA - EM PRETO BRANCO E MARINHO;;;CAMISA;;;;;PP/P/M/G/GG/EXG/EGG/EEGG;;2024-10-21
PACK03;10535;VERÃO;;;PACK03MBRA;PACK03 - PACK MANGA LONGA PIMA;;;CAMISA;;;;;PP/P/M/G/GG/EXG/EGG/EEGG;;2024-10-21
PACK04;10537;VERÃO;;;PACK04MTRI;PACK04 - PACK MANGA LONGA PIMA - EM BRANCO, PRETO E BORDEAUX;;;CAMISA;;;;;PP/P/M/G/GG/EXG/EGG/EEGG;;2024-10-21
328116;12761;VERÃO;;;328116;328116 - PANNEAU ESTAMPA;;TOP;FEMININO;EGREY;FEMININO;;;UNICA;;2024-10-24
330101;21515;VERÃO;;;330101;330101 - PANNEAU ESTAMPA IKAT;;ACESSÓRIOS;FEMININO;EGREY;FEMININO;;;UNICA;;2025-04-21
327021;12639;VERÃO;;;327021;327021 - PANNEAU LEVE TRICOT;;TOP;FEMININO;EGREY;FEMININO;;;UNICA;;2024-10-21
00450;565;VERÃO;2012;SS12;ELLUS PANO REDE;00450 - PANOS DE REDE;;;;;;;;UNICA;;2011-05-17
315103;10023;VERÃO;;;315103OFF;315103 - PANTACOURT BARRADO SORBET;;;CAMISA;;;;;34 AO 48;;2024-10-21
314114;12799;INDEF - INDEFINIDO;INDEF - INDEFINIDO;;314114;314114 - PANTACOURT BICOLOR;;;;EGREY;;;;34/36/38/40/42/44/46/48;;2024-10-24
314111;9896;VERÃO;;;314111PRE;314111 - PANTACOURT SARJA PESPONTADA;;;CAMISA;;;;;34 AO 48;;2024-10-21
314051;9874;VERÃO;;;314051OFF;314051 - PANTACOURT SIXTIES;;;CAMISA;;;;;34 AO 48;;2024-10-21
314168;11963;VERÃO;;;314168MOS;314168 - PANTACOURT TRANSPARENTE;;;CAMISA;;;;;PP/P/M/G/GG/EXG/EGG/EEGG;;2024-10-21
307204;11965;VERÃO;;;307204OFF;307204 - PANTALONA CROPPED;;;CAMISA;;;;;34/36/38/40/42/44/46/48;;2024-10-21
00113;91;VERÃO;2010;SS10;;00113 - PANTALONA PLISSADA;;;;;;;;PP/P/M/G/GG;;2010-07-23
328021;12613;VERÃO;;;328021;328021 - PANTALONA PREGAS ALGODÃO;;BOTTOM;FEMININO;EGREY;FEMININO;;;34/36/38/40/42/44/46/48;;2024-10-21
313242;10741;VERÃO;;;313242MAR;313242 - PANTALONA SARJA ZEBRA;;;CAMISA;;;;;34 AO 48;;2024-10-21
314129;9910;VERÃO;;;314129;314129 - PANTALONA SEDA;;;CAMISA;;;;;34/36/38/40/42/44/46/48;;2024-10-21
317028;10333;VERÃO;;;317028;317028 - PANTALONA TRANSPARENTE;;;CAMISA;;;;;PP/P/M/G/GG/EXG/EGG/EEGG;;2024-10-21
020228;21109;INVERNO;;;;020228 - PANTALONA VICTORIA;;;;INDEFINIDO - INDEFINIDO;;;;PP/P/M/G/GG;;2024-11-29
322029;11757;VERÃO;;;322029;322029 - PAREO TECNOLÓGICO;;BOTTOM;FEMININO;EGREY;FEMININO;;;PP/P/M/G/GG;;2024-10-21
318057;11043;VERÃO;;;318057AMA;318057 - PAREô HELENA;;;CAMISA;;;;;PP/P/M/G/GG/EXG/EGG/EEGG;;2024-10-21
320033;11397;VERÃO;;;320033LAR;320033 - PAREô TECNOLÓGICO;;;CAMISA;;;;;34 AO 48;;2024-10-21
216055;12711;INVERNO;;;216055;216055 - PARKA ALGODÃO;;OUTERWEAR;MASCULINO;EGREY;MASCULINO;;;34/36/38/40/42/44/46/48;;2024-10-23
240046;41663;INVERNO;2027;AW27;240046;240046 - PARKA ALGODÃO;;OUTERWEAR;PARKA;EGREY;MASCULINO;PROPRIA;;34/36/38/40/42/44/46/48;;2026-08-18
316010;10307;VERÃO;;;316010AZU;316010 - PARKA ARES;;;CAMISA;;;;;34 AO 48;;2024-10-21
316021;12139;VERÃO;;;316021BEG;316021 - PARKA ARES;;;CAMISA;;;;;34 AO 48;;2024-10-21
202014;9955;VERÃO;;;202014;202014 - PARKA EXPLORER;;;CAMISA;;;;;34/36/38/40/42/44/46/48;;2024-10-21
203005;10891;VERÃO;;;203005;203005 - PARKA INVERNO;;;CAMISA;;;;;PP/P/M/G/GG/EXG/EGG/EEGG;;2024-10-21
327003ERRADO;706;VERÃO;2024;SS24;327003;327003ERRADO - PARKA LONGA CAPUZ;;OUTERWEAR;FEMININO;EGREY;FEMININO;;;34 AO 44;;2024-10-15
327003;1180;VERÃO;;;327003;327003 - PARKA LONGA CAPUZ;;OUTERWEAR;FEMININO;EGREY;FEMININO;;;34/36/38/40/42/44/46/48;;2024-10-19
207008;11211;VERÃO;;;207008OFF;207008 - PARKA MASCULINA;;;CAMISA;;;;;34 AO 48;;2024-10-21
219009;21811;INVERNO;2026;AW26;219009;219009 - PARKA TECH UNISSEX;;OUTERWEAR;PARKA;EGREY;MASCULINO;PROPRIA;;34/36/38/40/42/44/46/48;;2025-09-17
210004;11667;VERÃO;;;210004;210004 - PARKA TECNO UNISSEX;;OUTERWEAR;MASCULINO;EGREY;MASCULINO;;;34/36/38/40/42/44/46/48;;2024-10-21
332035;21773;INVERNO;2026;AW26;332035;332035 - PARKA TECNOLOGICA UNISSEX;;OUTERWEAR;PARKA;EGREY;UNISSEX;PROPRIA;;34/36/38/40/42/44/46/48;;2025-09-16
328131;12655;VERÃO;;;328131;328131 - PARKA TECNOLÓGICA;;OUTERWEAR;;EGREY;;;;34/36/38/40/42/44/46/48;;2024-10-21
326105;680;INVERNO;;;326105;326105 - PASHMINA CASHMERE;;TOP;FEMININO;EGREY;FEMININO;;;UNICA;;2024-10-15
300080;1327;INVERNO;;;;300080 - PELERINE VESNIN BRUMA;;PELERINI;FEMININO;;FEMININO;;;PP/P/M/G/GG;PARAMOUNT TEXTEIS IND. E COMÉRCIO S.A.;2012-02-14
EY0019;393;INVERNO;;;;EY0019 - PELERINE VOGUE;;PELERINI;FEMININO;;FEMININO;;;GRADE P M GG;MINAS LÃ COMÉRCIO DE FIOS LTDA.;2011-01-13
EY0003;361;INVERNO;;;;EY0003 - PELERINE YVES;;PELERINI;FEMININO;;FEMININO;;;GRADE P M GG;QUÉFIO INDÚSTRIA E COMÉRCIO LTDA.;2011-01-13
00255;359;INVERNO;;;;00255 - PELERINI CROCHET;;GOLA;;KOSII;;;;PP/P/M/G/GG;;2011-01-12
140006;22113;INVERNO;2026;AW26;140006;140006 - PENHOAR LINHO RELAX;;INTEIROS;CHEMISE;EGREY;HOME;PROPRIA;;34/36/38/40/42/44/46/48;;2025-11-05
140009;22116;INVERNO;2026;AW26;140009;140009 - PENHOAR TRICOT RELAX;;INTEIROS;CHEMISE;EGREY;HOME;PROPRIA;;PP/P/M/G/GG;;2025-11-05
PJE0113-1037-007;1789;INVERNO;;;PJE0113-1037-007;PJE0113-1037-007 - PERFECTO;;;MASCULINO;PRETORIAN;MASCULINO;;;PP/P/M/G/GG;;2012-09-27
LT0004;1047;INVERNO;;;LT0004;LT0004 - PERFECTO LEONIE;;OUTERWEAR;CASACO;LEFT;FEMININO;;;PP/P/M/G/GG;;2011-10-27
LT0005;1049;INVERNO;;;LT0005;LT0005 - PERFECTO LEONIL PRATA;;OUTERWEAR;CASACO;LEFT;FEMININO;;;PP/P/M/G/GG;;2011-10-27
99999999999999999999;199;INVERNO;2011;AW11;11J04CR088;99999999999999999999 - PEÇA C DIVERGENCIA DE TAMNHO;;;;MANDI;;;;GRADE P M GG;;2010-10-14
PILOTO;41268;;;;;PILOTO - PEÇA PILOTO;;;;;;;;UNICA;;2026-02-25
328164;21343;VERÃO;;;328164;328164 - PINGENTE ÁGUA GRANDE DOURADO;;ACESSÓRIOS;JOIAS;MANECA;FEMININO;;;UNICA;;2025-03-17
328153;21150;VERÃO;;;328153;328153 - PINGENTE ÁGUA PEQUENO PRATA;;ACESSÓRIOS;JOIAS;MANECA;FEMININO;;;UNICA;;2024-12-18
328169;21653;INVERNO;;;328169;328169 - PINGENTE ÁGUA PRATA;;ACESSÓRIOS;JOIAS;EGREY;FEMININO;;;UNICA;;2025-06-18
0033;1611;VERÃO;;;0033;0033 - POLO;;TOP;TOP;KORDA;MASCULINO;;;GRADE P M GG;;2012-06-13
RA00001;455;INVERNO;;;;RA00001 - POLO ALONGADA;;OUTERWEAR;CARDIGAN;RICARDO ALMEIDA;MASCULINO;;;PP/P/M/G/GG/EXG/EGG/EEGG;;2011-02-02
AM0006;21675;INDEF - INDEFINIDO;INDEF - INDEFINIDO;;AM0006;AM0006 - POLO ANGELA;;;;ANGELA MOTTA;;;;PP/P/M/G/GG;;2025-07-23
204000;10114;VERÃO;;;204000;204000 - POLO ATOALHADA;;;CAMISA;;;;;PP/P/M/G/GG/EXG/EGG/EEGG;;2024-10-21
335101;41775;INVERNO;2027;AW27;335101;335101 - POLO BARRA CURVA TRICOT;;TOP;POLO;EGREY;FEMININO;PROPRIA;;PP/P/M/G/GG;;2026-09-14
335022;41790;INVERNO;2027;AW27;335022;335022 - POLO BARRA CURVA TRICOT LISTRAS;;TOP;POLO;EGREY;FEMININO;PROPRIA;;34/36/38/40/42/44/46/48;;2026-09-16
215030;806;VERÃO;2024;SS24;215030;215030 - POLO BASICA TRICOT;;TOP;TOP;EGREY;MASCULINO;;INDEFINIDO;PP/P/M/G/GG;;2024-10-15
216022;900;INVERNO;;;216022;216022 - POLO CANELADA TRICOT;;TOP;MASCULINO;EGREY;MASCULINO;;;PP/P/M/G/GG;;2024-10-15
239056;41385;VERÃO;2027;SS27;239056;239056 - POLO CANELADA TRICOT;;TOP;POLO;EGREY;MASCULINO;PROPRIA;;PP/P/M/G/GG;;2026-03-30
240018;41636;INVERNO;2027;AW27;240018;240018 - POLO CLÁSSICA LISTRAS TRICOT;;TOP;POLO;EGREY;MASCULINO;PROPRIA;;PP/P/M/G/GG;;2026-08-17
217035;21466;INVERNO;2026;AW26;217035;217035 - POLO CLÁSSICA TRICOT;;TOP;POLO;EGREY;MASCULINO;PROPRIA;;PP/P/M/G/GG;;2025-04-14
120005;22070;PERENE;;;;120005 - POLO CLÁSSICA TRICOT;;TOP;POLO;;;;;PP/P/M/G/GG;;2025-10-21
LS001;21664;INDEF - INDEFINIDO;INDEF - INDEFINIDO;;LS001;LS001 - POLO FEMININA;;;;LA SIRENE;;;;PP/P/M/G/GG;;2025-07-10
TERREO-01;12871;INDEF - INDEFINIDO;INDEF - INDEFINIDO;;TERREO-01;TERREO-01 - POLO FUROS;;TOP;;TÉRREO;;;;PP/P/M/G/GG;;2024-10-29
334079;41297;VERÃO;2027;SS27;334079;334079 - POLO GOLA AMPLA VICHY TRICOT;;TOP;BLUSA;EGREY;FEMININO;PROPRIA;;PP/P/M/G/GG;;2026-03-09
215034;21096;VERÃO;;;215034;215034 - POLO GOLA PADRE PIQUET;;;;EGREY;;;;PP/P/M/G/GG;;2024-11-27
020219;21097;VERÃO;;;;020219 - POLO JULIANA;;;;INDEFINIDO - INDEFINIDO;;;;PP/P/M/G/GG;;2024-11-27
329022;302;INVERNO;;;329022;329022 - POLO JUSTA MC TRICOT;;TOP;FEMININO;EGREY;FEMININO;;INDEFINIDO;PP/P/M/G/GG;;2024-10-14
217036;21467;VERÃO;;;217036;217036 - POLO JUSTA VINTAGE TRICOT;;TOP;MASCULINO;EGREY;MASCULINO;;;PP/P/M/G/GG;;2025-04-14
217063;21627;VERÃO;;;217063;217063 - POLO KORFU TRICOT;;TOP;MASCULINO;EGREY;MASCULINO;;;PP/P/M/G/GG;;2025-05-26
332075;21911;INVERNO;2026;AW26;332075;332075 - POLO LEVE ALGODÃO;;TOP;POLO;EGREY;FEMININO;PROPRIA;;PP/P/M/G/GG;;2025-10-06
334004;41114;VERÃO;2027;SS27;334004;334004 - POLO LIGHT SMOKING TRICOT;;TOP;POLO;EGREY;FEMININO;PROPRIA;;PP/P/M/G/GG;;2026-01-14
330016;21297;VERÃO;;;330016;330016 - POLO LIGHT TRICOT;;TOP;POLO;EGREY;FEMININO;PROPRIA;;PP/P/M/G/GG;;2025-03-12
217014;21273;VERÃO;;;217014;217014 - POLO LINHO BOLSO;;TOP;MASCULINO;EGREY;MASCULINO;;;34/36/38/40/42/44/46/48;;2025-03-12
204065;10078;VERÃO;;;204065PRE;204065 - POLO LISA;;;CAMISA;;;;;PP/P/M/G/GG/EXG/EGG/EEGG;;2024-10-21
320069;11367;VERÃO;;;320069BEG;320069 - POLO LISA TRICOT;;;CAMISA;;;;;PP/P/M/G/GG/EXG/EGG/EEGG;;2024-10-21
239003;41136;VERÃO;2027;SS27;239003;239003 - POLO LISTRA TRICOT;;TOP;TOP;EGREY;MASCULINO;PROPRIA;;PP/P/M/G/GG;;2026-01-30
332081;21904;INVERNO;2026;AW26;332081;332081 - POLO M/C LEVE TRICOT;;TOP;POLO;EGREY;FEMININO;PROPRIA;;PP/P/M/G/GG;;2025-10-03
332013;21754;INVERNO;2026;AW26;332013;332013 - POLO M/C TRICOT  STITCH;;TOP;POLO;EGREY;FEMININO;PROPRIA;;PP/P/M/G/GG;;2025-09-16
216018;904;INVERNO;;;216018;216018 - POLO MANGA CURTA TRICOT;;TOP;MASCULINO;EGREY;MASCULINO;;;PP/P/M/G/GG;;2024-10-15
217038;21469;VERÃO;;;217038;217038 - POLO MANGA CURTA TRICOT;;TOP;MASCULINO;EGREY;MASCULINO;;;PP/P/M/G/GG;;2025-04-14
329049;322;INVERNO;;;329049;329049 - POLO MANGA LONGA CASHMERE;;OUTERWEAR;FEMININO;EGREY;FEMININO;;INDEFINIDO;PP/P/M/G/GG/EXG/EGG/EEGG;;2024-10-14
215029;480;VERÃO;2024;SS24;215029;215029 - POLO MANGA LONGA LISTRA TRICOT;;TOP;MASCULINO;EGREY;MASCULINO;;;PP/P/M/G/GG;;2024-10-15
213035;12447;INVERNO;;;213035;213035 - POLO MANGA LONGA LÃ;;TOP;MASCULINO;EGREY;MASCULINO;;;PP/P/M/G/GG;;2024-10-21
214008;450;VERÃO;2024;SS24;214008;214008 - POLO MANGA LONGA TRICOT;;OUTERWEAR;MASCULINO;EGREY;MASCULINO;;;PP/P/M/G/GG;;2024-10-15
216017;906;INVERNO;;;216017;216017 - POLO MANGA LONGA TRICOT;;TOP;MASCULINO;EGREY;MASCULINO;;;PP/P/M/G/GG;;2024-10-15
216021;924;INVERNO;;;216021;216021 - POLO MANGA LONGA TRICOT;;OUTERWEAR;MASCULINO;EGREY;MASCULINO;;;PP/P/M/G/GG;;2024-10-15
209037;11592;VERÃO;;;209037;209037 - POLO MANGA LONGA TRICOT;;TOP;MASCULINO;EGREY;MASCULINO;;;PP/P/M/G/GG/EXG/EGG/EEGG;;2024-10-21
LS002;21665;INDEF - INDEFINIDO;INDEF - INDEFINIDO;;LS002;LS002 - POLO MASCULINA;;;;LA SIRENE;;;;PP/P/M/G/GG;;2025-07-10
00090;176;INDEF - INDEFINIDO;2010;;;00090 - POLO MASCULINO;;;;;;;;GRADE P M GG;;2010-07-08
219077;21998;INVERNO;2026;AW26;219077;219077 - POLO MC LISTRAS TRICOT LÃ;;TOP;POLO;EGREY;MASCULINO;PROPRIA;;PP/P/M/G/GG;;2025-10-15
217037;21468;VERÃO;;;217037;217037 - POLO MC REDE TRICOT;;TOP;MASCULINO;EGREY;MASCULINO;;;PP/P/M/G/GG;;2025-04-14
219029;21832;INVERNO;2026;AW26;219029;219029 - POLO MC TRICOT;;TOP;POLO;EGREY;MASCULINO;PROPRIA;;PP/P/M/G/GG;;2025-09-18
219075;21988;INVERNO;2026;AW26;219075;219075 - POLO MC TRICOT TELA;;TOP;POLO;EGREY;MASCULINO;PROPRIA;;PP/P/M/G/GG;;2025-10-15
219068;21868;INVERNO;2026;AW26;219068;219068 - POLO MC TRICOT TEXTURA;;TOP;POLO;EGREY;MASCULINO;PROPRIA;;PP/P/M/G/GG;;2025-09-19
120008;22077;;;;120008;120008 - POLO ML CLÁSSICA TRICOT ALGODÃO;;;;;;;;PP/P/M/G/GG;;2025-10-22
330108;21625;VERÃO;;;330108;330108 - POLO ML KORFU TRICOT;;TOP;FEMININO;EGREY;FEMININO;;;PP/P/M/G/GG;;2025-05-23
217011;21270;VERÃO;;;217011;217011 - POLO ML LISTRAS;;TOP;MASCULINO;EGREY;MASCULINO;;;34/36/38/40/42/44/46/48;;2025-03-12
216031;902;INVERNO;;;216031;216031 - POLO ML LISTRAS TRICOT;;TOP;MASCULINO;EGREY;MASCULINO;;;PP/P/M/G/GG;;2024-10-15
240021;41639;INVERNO;2027;AW27;240021;240021 - POLO ML LISTRAS TRICOT;;TOP;POLO;EGREY;MASCULINO;PROPRIA;;PP/P/M/G/GG;;2026-08-17
PJE01112-1038-001;1369;INVERNO;;;PJE01112-1038-001;PJE01112-1038-001 - POLO ML PRETORIAN;;TOP;TOP;PRETORIAN;MASCULINO;;;PP/P/M/G/GG;;2012-03-01
219030;21833;INVERNO;2026;AW26;219030;219030 - POLO ML TRICOT ALGODÃO;;TOP;POLO;EGREY;MASCULINO;PROPRIA;;PP/P/M/G/GG;;2025-09-18
239046;41346;VERÃO;2027;SS27;239046;239046 - POLO ML TRICOT LISTRAS;;TOP;POLO;EGREY;MASCULINO;PROPRIA;;PP/P/M/G/GG;;2026-03-17
320066;11413;VERÃO;;;320066LAR;320066 - POLO MULTICOLOR TRICOT;;;CAMISA;;;;;PP/P/M/G/GG/EXG/EGG/EEGG;;2024-10-21
321047;11583;VERÃO;;;321047;321047 - POLO OMBRO CAíDO TRICOT ALGODÃO;;;CAMISA;;;;;PP/P/M/G/GG/EXG/EGG/EEGG;;2024-10-21
208006;368;ATEMPORAL;2024;;208006;208006 - POLO PIQUET;;BOTTOM;CALÇA;EGREY;MASCULINO;;;PP/P/M/G/GG;;2024-10-15
120002;21934;PERENE;;;120002;120002 - POLO PIQUET;;TOP;POLO;EGREY;MASCULINO;PROPRIA;;PP/P/M/G/GG;;2025-10-14
322101;11837;VERÃO;;;322101;322101 - POLO PONTO VAZADO TRICOT;;TOP;FEMININO;EGREY;FEMININO;;;PP/P/M/G/GG/EXG/EGG/EEGG;;2024-10-21
210051;11739;VERÃO;;;210051;210051 - POLO RAGLAN TRICOT;;TOP;MASCULINO;EGREY;MASCULINO;;;PP/P/M/G/GG;;2024-10-21
205041;11013;VERÃO;;;205041PRE;205041 - POLO RECORTES;;;CAMISA;;;;;PP/P/M/G/GG/EXG/EGG/EEGG;;2024-10-21
217040;21471;VERÃO;;;217040;217040 - POLO SEDA C/ TRICOT;;TOP;MASCULINO;EGREY;MASCULINO;;;PP/P/M/G/GG;;2025-04-14
210048;11673;VERÃO;;;210048;210048 - POLO TEXTURA TRICOT;;TOP;MASCULINO;EGREY;MASCULINO;;;PP/P/M/G/GG;;2024-10-21
203063;9948;VERÃO;;;203063BCP;203063 - POLO TONY II;;;CAMISA;;;;;PP/P/M/G/GG/EXG/EGG/EEGG;;2024-10-21
207014;11193;VERÃO;;;207014VER;207014 - POLO TRICOT;;;CAMISA;;;;;PP/P/M/G/GG/EXG/EGG/EEGG;;2024-10-21
209003;11605;INVERNO;;;209003;209003 - POLO TRICOT ALGODÃO;;TOP;MASCULINO;EGREY;MASCULINO;;;PP/P/M/G/GG;;2024-10-21
239042;41317;VERÃO;2027;SS27;239042;239042 - POLO TRICOT ALGODÃO;;TOP;POLO;EGREY;MASCULINO;PROPRIA;;PP/P/M/G/GG;;2026-03-16
212028;12265;VERÃO;;;212028;212028 - POLO TRICOT CANELADA;;TOP;MASCULINO;EGREY;MASCULINO;;;PP/P/M/G/GG;;2024-10-21
326005;12489;INVERNO;;;326005;326005 - POLO TRICOT CANELADO;;TOP;FEMININO;EGREY;FEMININO;;;PP/P/M/G/GG;;2024-10-21
219031;21834;INVERNO;2026;AW26;219031;219031 - POLO TRICOT COM GOLA CONTRASTE;;TOP;POLO;EGREY;MASCULINO;PROPRIA;;PP/P/M/G/GG;;2025-09-18
215017;464;VERÃO;2024;SS24;215017;215017 - POLO TRICOT LISTRAS;;TOP;MASCULINO;EGREY;MASCULINO;;;PP/P/M/G/GG;;2024-10-15
332015;21756;INVERNO;2026;AW26;332015;332015 - POLO TRICOT M/C GOLA SARJA;;TOP;POLO;EGREY;FEMININO;PROPRIA;;PP/P/M/G/GG;;2025-09-16
332016;21757;INVERNO;2026;AW26;332016;332016 - POLO TRICOT M/L BICOLOR;;TOP;POLO;EGREY;FEMININO;PROPRIA;;PP/P/M/G/GG;;2025-09-16
211015;11996;INVERNO;;;211015;211015 - POLO TRICOT MANGA LONGA TRICOLOR;;TOP;MASCULINO;EGREY;MASCULINO;;;PP/P/M/G/GG;;2024-10-21
210071;11993;VERÃO;;;210071;210071 - POLO TRICOT PONTO VAZADO;;TOP;MASCULINO;EGREY;MASCULINO;;;PP/P/M/G/GG;;2024-10-21
211030;12031;INVERNO;;;211030;211030 - POLO TRICOT RECORTES MANGA CURTA;;TOP;MASCULINO;EGREY;MASCULINO;;;PP/P/M/G/GG;;2024-10-21
317038;10903;VERÃO;;;317038MAR;317038 - POLO TRICô;;;CAMISA;;;;;PP/P/M/G/GG/EXG/EGG/EEGG;;2024-10-21
00268;267;INVERNO;;;;00268 - POLO VINTAGE MC;;TOP;TOP;;MASCULINO;;;GRADE P M GG;;2010-11-19
334000;41110;VERÃO;2027;SS27;334000;334000 - POLO WIDE TRICOT;;TOP;POLO;EGREY;FEMININO;PROPRIA;;PP/P/M/G/GG;;2026-01-13
239001;41124;VERÃO;2027;SS27;239001;239001 - POLO XADREZ TRICOT;;TOP;POLO;EGREY;MASCULINO;PROPRIA;;PP/P/M/G/GG;;2026-01-23
240017;41635;INVERNO;2027;AW27;240017;240017 - POLO XADREZ TRICOT LÃ;;TOP;POLO;EGREY;MASCULINO;PROPRIA;;PP/P/M/G/GG;;2026-08-17
00053;61;INDEF - INDEFINIDO;2010;;;00053 - PONCHO CURTO CANELADO;;;;;;;;UNICA;;2010-07-15
BOBO002;1273;INVERNO;;;BOBO002;BOBO002 - PONCHO DUTTI;;PONCHO;FEMININO;BOBÔ;FEMININO;;;PP/P/M/G/GG;;2012-01-17
332080;21922;INVERNO;2026;AW26;332080;332080 - PONCHO LEVE TRICOT;;PONCHO;TRICOT;EGREY;FEMININO;PROPRIA;;PP/P/M/G/GG;;2025-10-07
00060;94;INVERNO;2010;AW10;140013;00060 - PONCHO PATAGÔNIA;;;FEMININO;;FEMININO;;;UNICA;;2010-06-16
99999;241;INVERNO;;;;99999 - PRODUTO COM PROBLEMA;;COURO;CACHECOL;KOSII;FEMININO;;;UNICA;;2010-11-05
00215;189;INDEF - INDEFINIDO;2010;;131010;00215 - PRODUTO DIVERSO II;;;;;;;;UNICA;;2010-10-13
00169;149;INDEF - INDEFINIDO;2010;;00001;00169 - PRODUTO DIVERSOS;;;;;;;;UNICA;;2010-09-16
00216;191;INDEF - INDEFINIDO;2010;;1310;00216 - PRODUTO DIVERSOS III;;;;;;;;UNICA;;2010-10-13
00002;5;INDEF - INDEFINIDO;2010;;001;00002 - PRODUTO TESTE;;;IND - INDEFINIDO;INDEFINIDO - INDEFINIDO;;;;GRADE P M GG;;2009-09-30
-2147483648;-2147483648;;;;;-2147483648 - PRODUTO WMS;;;;;;;;;;2025-04-16
020566;21602;INDEF - INDEFINIDO;INDEF - INDEFINIDO;;;020566 - PROGRAMA DESENVOLVIMENTO;;;;INDEFINIDO - INDEFINIDO;;;;UNICA;;2025-05-16
CR0001;41557;ATEMPORAL;2027;;CR0001;CR0001 - PULL BONDI;;OUTERWEAR;SWEATER;CRUISE;FEMININO;PRIVATE LABEL;;PP/P/M/G/GG;;2026-06-09
000824;1213;ALTO INVERNO;;;LY 002;000824 - PULL CAPRI LENNY;;;FEMININO;;FEMININO;;;PP/P/M/G/GG;;2012-01-03
0008367;1731;INVERNO;;;0008367;0008367 - PULL CARECA LISTRA LOVE;;TOP;TOP;EVA;FEMININO;;;GRADE P M GG;;2012-09-05
314199;10875;VERÃO;;;314199OFF;314199 - PULL CASHMERE;;;CAMISA;;;;;PP/P/M/G/GG/EXG/EGG/EEGG;;2024-10-21
240016;41634;INVERNO;2027;AW27;240016;240016 - PULLOVER TRICOT;;OUTERWEAR;SWEATER;;MASCULINO;;;PP/P/M/G/GG;;2026-08-17
324015;12152;INVERNO;2023;AW23;324015;324015 - PULSEIRA;;ACESSÓRIOS;FEMININO;EGREY;FEMININO;;;UNICA;;2024-10-21
326116;696;INVERNO;;;326116;326116 - PULSEIRA COPO DE LEITE;;ACESSÓRIOS;JOIAS;EGREY;FEMININO;;;UNICA;;2024-10-15
315224;10229;VERÃO;;;315224PRA;315224 - PULSEIRA CÁLICE ARGOLAS;;ACESSÓRIOS;JOIAS;;;;;UNICA;;2024-10-21
320137;11450;INDEF - INDEFINIDO;;;320137;320137 - PULSEIRA LAVA ELO PEQUENO;;ACESSÓRIOS;JOIAS;;;;;UNICA;;2024-10-21
328154;21151;VERÃO;;;328154;328154 - PULSEIRA ÁGUA SLIM DOURADO;;ACESSÓRIOS;JOIAS;MANECA;FEMININO;;;UNICA;;2024-12-18
15046LI12;1315;INVERNO;;;15046LI12;15046LI12 - PUUL CAPRI;;OUTERWEAR;CASACO;LENNY;FEMININO;;;GRADE P M GG;;2012-02-09
PJE0211-1038-002;1017;VERÃO;;;PJE0211-1038-002;PJE0211-1038-002 - PÓLO RETILÍNEA MC LISTRADA;;TOP;TOP;PRETORIAN;MASCULINO;;;PP/P/M/G/GG;;2011-10-27
323037;12127;INVERNO;;;323037;323037 - RASTEIRA  NÓS;;SAPATOS;FEMININO;EGREY;FEMININO;;;34/35/36/37/38/39/40;;2024-10-21
330086;21450;VERÃO;;;330086;330086 - RASTEIRA DEDO NÓ;;SAPATOS;FEMININO;EGREY;FEMININO;;;34/35/36/37/38/39/40;;2025-04-14
330086M;21612;VERÃO;;;330086;330086M - RASTEIRA DEDO NÓ;;SAPATOS;FEMININO;EGREY;FEMININO;;;UNICA;;2025-05-21
319022;11117;VERÃO;;;319022PRE;319022 - RASTEIRA FRANZIDA;;;CAMISA;;;;;34 AO 48;;2024-10-21
322090;11817;VERÃO;;;322090;322090 - RASTEIRA MEIA CANA;;SAPATOS;FEMININO;EGREY;FEMININO;;;34/35/36/37/38/39/40;;2024-10-21
313199;10553;VERÃO;;;313199AMA;313199 - RASTEIRA NÓ COURO;;;CAMISA;;;;;34/36/38/40/42/44/46/48;;2024-10-21
320088;10556;VERÃO;;;320088PRE;320088 - RASTEIRA NÓ COURO;;;CAMISA;;;;;34/35/36/37/38/39/40;;2024-10-21
322091;11819;VERÃO;;;322091;322091 - RASTEIRA TIRA CAMURÇA;;SAPATOS;FEMININO;EGREY;FEMININO;;;34 AO 48;;2024-10-21
325036;12357;VERÃO;;;325036;325036 - RASTEIRA TIRAS;;ACESSÓRIOS;FEMININO;EGREY;FEMININO;;;34/35/36/37/38/39/40;;2024-10-21
317190;10345;VERÃO;;;317190PRE;317190 - RASTEIRA TIRAS FLAT;;;CAMISA;;;;;34 AO 48;;2024-10-21
321003;11487;INVERNO;;;321003;321003 - RASTEIRA TRIPLO NÓ;;SAPATOS;FEMININO;EGREY;FEMININO;;;34/35/36/37/38/39/40;;2024-10-21
313200;10813;VERÃO;;;313200VER;313200 - RASTEIRINHA DE COURO;;;CAMISA;;;;;34 AO 48;;2024-10-21
312294;10696;VERÃO;;;312294TUR;312294 - REGATA;;;CAMISA;;;;;34/36/38/40/42/44/46/48;;2024-10-21
0001;12984;VERÃO;;;0001;0001 - REGATA;;;;EGREY;;;;PP/P/M/G/GG;;2024-11-06
336002;41103;VERÃO;2027;SS27;336002;336002 - REGATA  CETIM SEDA KIM;;TOP;BLUSA;GK PARA EGREY;FEMININO;PROPRIA;;34/36/38/40/42/44/46/48;;2026-01-12
332067;21799;INVERNO;2026;AW26;332067;332067 - REGATA  RO TRICOT;;TOP;REGATA;EGREY;FEMININO;PROPRIA;;PP/P/M/G/GG;;2025-09-16
328058;818;VERÃO;2024;SS24;328058;328058 - REGATA ALCINHA;;TOP;FEMININO;EGREY;FEMININO;;INDEFINIDO;34/36/38/40/42/44/46/48;;2024-10-15
329015;290;INVERNO;;;329015;329015 - REGATA ALCINHA CROPPED TRICOT;;TOP;FEMININO;EGREY;FEMININO;;INDEFINIDO;PP/P/M/G/GG;;2024-10-14
320044;11329;VERÃO;;;320044DOU;320044 - REGATA ALCINHA METALIZADA;;;CAMISA;;;;;34 AO 48;;2024-10-21
328059;819;VERÃO;2024;SS24;328059;328059 - REGATA ALCINHA SEDA;;TOP;FEMININO;EGREY;FEMININO;;INDEFINIDO;34/36/38/40/42/44/46/48;;2024-10-15
319063;11079;VERÃO;;;319063PRE;319063 - REGATA ALCINHA SONIA;;;CAMISA;;;;;PP/P/M/G/GG/EXG/EGG/EEGG;;2024-10-21
317110;10997;VERÃO;;;317110MAR;317110 - REGATA ALGODÃO MISTO PIMA;;;CAMISA;;;;;PP/P/M/G/GG/EXG/EGG/EEGG;;2024-10-21
319069;11065;VERÃO;;;319069OFF;319069 - REGATA ALÇA MARINA;;;CAMISA;;;;;34 AO 48;;2024-10-21
315161;10199;VERÃO;;;315161;315161 - REGATA AMBER;;;CAMISA;;;;;34/36/38/40/42/44/46/48;;2024-10-21
315039;10120;VERÃO;;;315039OFF;315039 - REGATA AMY;;;CAMISA;;;;;PP/P/M/G/GG/EXG/EGG/EEGG;;2024-10-21
319075;11169;VERÃO;;;319075PRE;319075 - REGATA BAFFO;;;CAMISA;;;;;PP/P/M/G/GG/EXG/EGG/EEGG;;2024-10-21
334009;41120;VERÃO;2027;SS27;334009;334009 - REGATA BARRA CURVADA TRICOT;;TOP;REGATA;EGREY;FEMININO;PROPRIA;;PP/P/M/G/GG;;2026-01-22
314153;9836;VERÃO;;;314153;314153 - REGATA BASQUE;;;CAMISA;;;;;34/36/38/40/42/44/46/48;;2024-10-21
334168;41525;VERÃO;2027;SS27;334168;334168 - REGATA BERLIM LISTRAS TRICOT;;TOP;REGATA;EGREY;FEMININO;PROPRIA;;PP/P/M/G/GG;;2026-05-06
334092;41369;VERÃO;2027;SS27;334092;334092 - REGATA BERLIM TRICOT;;TOP;REGATA;EGREY;FEMININO;PROPRIA;;PP/P/M/G/GG;;2026-03-20
00123;113;VERÃO;2010;SS10;;00123 - REGATA BICOLOR;;;;;;;;GRADE P M GG;;2010-08-02
208067;11453;VERÃO;;;208067PRE;208067 - REGATA BICOLOR TRICOT;;;CAMISA;;;;;PP/P/M/G/GG/EXG/EGG/EEGG;;2024-10-21
301022;1461;VERÃO;;;;301022 - REGATA BIRKIN;;TOP;TOP;;FEMININO;;;PP/P/M/G/GG;BONDUKI LINHAS. FIOS E CONF. LTDA.;2012-05-10
217005;21264;VERÃO;;;217005;217005 - REGATA BOLSO CREPE;;TOP;MASCULINO;EGREY;MASCULINO;;;34/36/38/40/42/44/46/48;;2025-03-12
00025;24;INVERNO;2010;AW10;160024;00025 - REGATA BÁSICA;;;;;;;;GRADE P M GG;;2010-06-02
322086;11797;VERÃO;;;322086;322086 - REGATA BÁSICA BARRA TRICOT;;TOP;FEMININO;EGREY;FEMININO;;;PP/P/M/G/GG/EXG/EGG/EEGG;;2024-10-21
315093;9982;VERÃO;;;315093;315093 - REGATA BÁSICA KATE;;;CAMISA;;;;;34/36/38/40/42/44/46/48;;2024-10-21
320017;11375;VERÃO;;;320017OFF;320017 - REGATA BÁSICA LINHO;;;CAMISA;;;;;34/36/38/40/42/44/46/48;;2024-10-21
322023;11639;VERÃO;;;322023;322023 - REGATA BÁSICA LINHO;;TOP;FEMININO;EGREY;FEMININO;;;34/36/38/40/42/44/46/48;;2024-10-21
332115;22048;INVERNO;2026;AW26;332115;332115 - REGATA BÁSICA LISTRAS;;TOP;REGATA;EGREY;FEMININO;PROPRIA;;PP/P/M/G/GG;;2025-10-17
317033;10421;VERÃO;;;317033BEG;317033 - REGATA CALADA;;;CAMISA;;;;;PP/P/M/G/GG/EXG/EGG/EEGG;;2024-10-21
210044;11717;VERÃO;;;210044;210044 - REGATA CALADA TRICOT;;TOP;MASCULINO;EGREY;MASCULINO;;;PP/P/M/G/GG;;2024-10-21
205046;10263;VERÃO;;;205046PRE;205046 - REGATA CANELADA;;;CAMISA;;;;;PP/P/M/G/GG/EXG/EGG/EEGG;;2024-10-21
311014;11967;VERÃO;;;311014PRE;311014 - REGATA CANELADA;;;CAMISA;;;;;PP/P/M/G/GG/EXG/EGG/EEGG;;2024-10-21
321104;11611;VERÃO;;;321104OFF;321104 - REGATA CANELADA ALGODÃO;;;CAMISA;;;;;PP/P/M/G/GG/EXG/EGG/EEGG;;2024-10-21
209064;11613;VERÃO;;;209064;209064 - REGATA CANELADA ALGODÃO;;TOP;MASCULINO;EGREY;MASCULINO;;;PP/P/M/G/GG/EXG/EGG/EEGG;;2024-10-21
332073;21909;INVERNO;2026;AW26;332073;332073 - REGATA CANELADA ALGODÃO;;TOP;REGATA;EGREY;FEMININO;PROPRIA;;PP/P/M/G/GG;;2025-10-06
325063;12327;VERÃO;;;325063;325063 - REGATA CANELADA DECOTE V;;TOP;FEMININO;EGREY;FEMININO;;;PP/P/M/G/GG;;2024-10-21
334201;41582;VERÃO;2027;SS27;334201;334201 - REGATA CANELADA JUSTA TRICOT;;TOP;REGATA;EGREY;FEMININO;PROPRIA;;PP/P/M/G/GG;;2026-07-08
213048;434;INVERNO;;;213048;213048 - REGATA CANELADA TRICOT;;TOP;MASCULINO;EGREY;MASCULINO;;;PP/P/M/G/GG;;2024-10-15
214009;452;VERÃO;2024;SS24;214009;214009 - REGATA CANELADA TRICOT;;TOP;MASCULINO;EGREY;MASCULINO;;;PP/P/M/G/GG;;2024-10-15
216023;910;INVERNO;;;216023;216023 - REGATA CANELADA TRICOT;;TOP;MASCULINO;EGREY;MASCULINO;;;PP/P/M/G/GG;;2024-10-15
219070;21870;INVERNO;2026;AW26;219070;219070 - REGATA CANELADA TRICOT;;TOP;REGATA;EGREY;MASCULINO;PROPRIA;;PP/P/M/G/GG;;2025-09-19
120011;22082;PERENE;;;120011;120011 - REGATA CANELADA TRICOT;;TOP;REGATA;EGREY;MASCULINO;PROPRIA;;PP/P/M/G/GG;;2025-10-22
329021;298;INVERNO;;;329021;329021 - REGATA CAVA AMERICANA TRICOT;;TOP;FEMININO;EGREY;FEMININO;;INDEFINIDO;PP/P/M/G/GG;;2024-10-14
330004;21509;VERÃO;;;330004;330004 - REGATA CAVA QUADRADA;;TOP;FEMININO;EGREY;FEMININO;;;34/36/38/40/42/44/46/48;;2025-04-18
328039;752;VERÃO;2024;SS24;328039;328039 - REGATA CAVADA DECOTE U;;TOP;FEMININO;EGREY;FEMININO;;;PP/P/M/G/GG;;2024-10-15
320120;11437;VERÃO;;;320120OFF;320120 - REGATA CAVADA FRANZIDA;;;CAMISA;;;;;PP/P/M/G/GG/EXG/EGG/EEGG;;2024-10-21
326054ERRADO;646;INVERNO;;;326054;326054ERRADO - REGATA CAVADA MALHA ALGODÃO;;TOP;FEMININO;EGREY;FEMININO;;;34 AO 44;;2024-10-15
326054;1166;INVERNO;2024;AW24;326054;326054 - REGATA CAVADA MALHA ALGODÃO;;TOP;FEMININO;EGREY;FEMININO;;;PP/P/M/G/GG/EXG/EGG/EEGG;;2024-10-19
210052;11719;VERÃO;;;210052;210052 - REGATA CAVADA TRICOT;;TOP;MASCULINO;EGREY;MASCULINO;;;PP/P/M/G/GG;;2024-10-21
325027;12301;VERÃO;;;325027;325027 - REGATA CAVADA TRICOT;;TOP;FEMININO;EGREY;FEMININO;;;PP/P/M/G/GG;;2024-10-21
322044;12817;INDEF - INDEFINIDO;INDEF - INDEFINIDO;;322044;322044 - REGATA CAVADA TRICOT;;;;EGREY;;;;PP/P/M/G/GG;;2024-10-24
330077;21441;VERÃO;;;330077;330077 - REGATA COM GOLA TWIN7 TRICOT;;TOP;FEMININO;EGREY;FEMININO;;;PP/P/M/G/GG;;2025-04-14
335091;41792;INVERNO;2027;AW27;335091;335091 - REGATA COM TRANSPARÊNCIA TRICOT;;TOP;REGATA;EGREY;;PROPRIA;;PP/P/M/G/GG;;2026-09-16
34.0448;1657;VERÃO;;;34.0448;34.0448 - REGATA CORRENTES;;TOP;TOP;THELURE;FEMININO;;;PP/P/M/G/GG;;2012-07-13
334060;41228;VERÃO;2027;SS27;334060;334060 - REGATA CORSET MB;;TOP;REGATA;EGREY;FEMININO;PROPRIA;;34/36/38/40/42/44/46/48;;2026-02-20
320126;11435;VERÃO;;;320126PRE;320126 - REGATA COSTAS VAZADAS;;;CAMISA;;;;;34/36/38/40/42/44/46/48;;2024-10-21
328122;792;VERÃO;2024;SS24;328122;328122 - REGATA CREPE;;TOP;FEMININO;EGREY;FEMININO;;;34/36/38/40/42/44/46/48;;2024-10-15
313097;10613;VERÃO;;;313097;313097 - REGATA CREPE;;;CAMISA;;;;;34/36/38/40/42/44/46/48;;2024-10-21
216060;21179;INVERNO;;;216060;216060 - REGATA CREPE;;TOP;MASCULINO;EGREY;MASCULINO;;;34/36/38/40/42/44/46/48;;2025-01-09
325040;12403;VERÃO;;;325040;325040 - REGATA CREPE BOLSO;;TOP;FEMININO;EGREY;FEMININO;;;34/36/38/40/42/44/46/48;;2024-10-21
216051;938;INVERNO;;;216051;216051 - REGATA CROPPED TRICOT;;TOP;MASCULINO;EGREY;MASCULINO;;;PP/P/M/G/GG;;2024-10-15
335018;41696;INVERNO;2027;AW27;335018;335018 - REGATA CURVA ASSIMÉTRICA TRICOT;;TOP;REGATA;EGREY;FEMININO;PROPRIA;;PP/P/M/G/GG;;2026-09-01
239004;41137;VERÃO;2027;SS27;239004;239004 - REGATA DE CREPE;;TOP;REGATA;EGREY;MASCULINO;PROPRIA;;34/36/38/40/42/44/46/48;;2026-01-30
305063;41710;INVERNO;2027;AW27;305063;"305063 - REGATA DECOTE ""V"" XADREZ LÃ TRICOT";;OUTERWEAR;COLETE;EGREY;FEMININO;PROPRIA;;PP/P/M/G/GG;;2026-09-01
334081;41299;VERÃO;2027;SS27;334081;334081 - REGATA DECOTE DUPLO U TRICOT;;TOP;REGATA;EGREY;FEMININO;PROPRIA;;PP/P/M/G/GG;;2026-03-09
335040;41706;INVERNO;2027;AW27;335040;335040 - REGATA DECOTE E CAVA PROFUNDO TRICOT;;TOP;REGATA;EGREY;FEMININO;PROPRIA;;PP/P/M/G/GG;;2026-09-01
320073;11289;VERÃO;;;320073LAR;320073 - REGATA DECOTE OVAL;;;CAMISA;;;;;PP/P/M/G/GG/EXG/EGG/EEGG;;2024-10-21
312229;12783;INDEF - INDEFINIDO;INDEF - INDEFINIDO;;312229;312229 - REGATA DECOTE RETO;;;;EGREY;;;;34/36/38/40/42/44/46/48;;2024-10-24
330017;21298;VERÃO;;;330017;330017 - REGATA DECOTE U TRICOT;;TOP;FEMININO;EGREY;FEMININO;;;PP/P/M/G/GG;;2025-03-12
328086;12649;VERÃO;;;328086;328086 - REGATA DECOTE V LINHO;;TOP;FEMININO;EGREY;FEMININO;;;34/36/38/40/42/44/46/48;;2024-10-21
334065;41233;VERÃO;2027;SS27;334065;334065 - REGATA DECOTE V LINHO;;TOP;REGATA;EGREY;FEMININO;PROPRIA;;34/36/38/40/42/44/46/48;;2026-02-20
213041;12509;INVERNO;;;213041;213041 - REGATA DECOTE V MASCULINA;;TOP;MASCULINO;EGREY;MASCULINO;;;PP/P/M/G/GG;;2024-10-21
321095;11479;VERÃO;;;321095MAR;321095 - REGATA DECOTE V TRICOT;;;CAMISA;;;;;PP/P/M/G/GG/EXG/EGG/EEGG;;2024-10-21
325094;12374;VERÃO;;;325094;325094 - REGATA DEGAGÊ;;TOP;FEMININO;EGREY;FEMININO;;;34/36/38/40/42/44/46/48;;2024-10-21
301038;1493;VERÃO;;;;301038 - REGATA DELON;;TOP;TOP;;FEMININO;;;PP/P/M/G/GG;BONDUKI LINHAS. FIOS E CONF. LTDA.;2012-05-10
334020;41150;VERÃO;2027;SS27;334020;334020 - REGATA DETALHES PAETÊ;;TOP;REGATA;EGREY;FEMININO;PROPRIA;;34/36/38/40/42/44/46/48;;2026-02-06
314087;10853;VERÃO;;;314087;314087 - REGATA DEVORE;;TOP;REGATA;;FEMININO;;;34/36/38/40/42/44/46/48;;2024-10-21
326110;688;INVERNO;;;326110;326110 - REGATA DRAPÊ MALHA;;INTEIROS;VESTIDO;EGREY;FEMININO;;;PP/P/M/G/GG;;2024-10-15
301078;1621;INVERNO;;;;301078 - REGATA DÁZUR;;TOP;TOP;;FEMININO;;;GRADE P M GG;;2012-06-13
301059;1535;VERÃO;;;;301059 - REGATA ECLAIR;;TOP;TOP;;FEMININO;;;PP/P/M/G/GG;MINAS LÃ COMÉRCIO DE FIOS LTDA.;2012-05-10
314116;1096;;;;314116;314116 - REGATA ELIANA;;;;;;;;PP/P/M/G/GG;;2024-10-19
313263;10525;VERÃO;;;313263PRE;313263 - REGATA ELIANA;;;CAMISA;;;;;PP/P/M/G/GG/EXG/EGG/EEGG;;2024-10-21
329104;21125;INVERNO;;;329104;329104 - REGATA ELIANA CANELADA;;TOP;FEMININO;EGREY;FEMININO;;;PP/P/M/G/GG;;2024-12-09
100002;21989;PERENE;;;100002;100002 - REGATA ELIANA CLÁSSICA TRICOT;;TOP;REGATA;EGREY;FEMININO;PROPRIA;;PP/P/M/G/GG;;2025-10-15
330106;21533;VERÃO;;;330106;330106 - REGATA ELIANA NEW;;TOP;FEMININO;EGREY;FEMININO;;;PP/P/M/G/GG;;2025-04-25
332109;22034;INVERNO;2026;AW26;332109;332109 - REGATA ELIANA NEW;;TOP;REGATA;EGREY;FEMININO;PROPRIA;;PP/P/M/G/GG;;2025-10-17
314165;10825;VERÃO;;;314165AZU;314165 - REGATA EM TRICô;;;CAMISA;;;;;PP/P/M/G/GG/EXG/EGG/EEGG;;2024-10-21
ES00005;575;VERÃO;2011;SS11;;ES00005 - REGATA FEM ELLUS;;TOP;TOP;ELLUS;FEMININO;;;UNICA;;2011-05-24
311026;12753;INDEF - INDEFINIDO;INDEF - INDEFINIDO;;311026;311026 - REGATA FENDA;;TOP;FEMININO;EGREY;FEMININO;;;34/36/38/40/42/44/46/48;;2024-10-24
312159;11969;VERÃO;;;312159PRE;312159 - REGATA FIVELA;;;CAMISA;;;;;34 AO 48;;2024-10-21
325060;12355;VERÃO;;;325060;325060 - REGATA FIVELA COSTAS;;TOP;FEMININO;EGREY;FEMININO;;;34/36/38/40/42/44/46/48;;2024-10-21
TERREO-02;12875;INDEF - INDEFINIDO;INDEF - INDEFINIDO;;TERREO-02;TERREO-02 - REGATA FLAME;;;;TÉRREO;;;;PP/P/M/G/GG;;2024-10-29
319052;11089;VERÃO;;;319052OFF;319052 - REGATA FLORAL;;;CAMISA;;;;;34 AO 48;;2024-10-21
020224;21106;INVERNO;;;;020224 - REGATA GOLA;;;;INDEFINIDO - INDEFINIDO;;;;PP/P/M/G/GG;;2024-11-29
319061;11093;VERÃO;;;319061PRE;319061 - REGATA GOLA ALTA;;;CAMISA;;;;;PP/P/M/G/GG/EXG/EGG/EEGG;;2024-10-21
310134;12749;INDEF - INDEFINIDO;INDEF - INDEFINIDO;;310134;310134 - REGATA GOLA ALTA CANELADA;;TOP;FEMININO;EGREY;FEMININO;;;PP/P/M/G/GG;;2024-10-24
335085;41724;INVERNO;2027;AW27;335085;335085 - REGATA GOLA ALTA MERINO;;TOP;REGATA;EGREY;FEMININO;PROPRIA;;PP/P/M/G/GG;;2026-09-02
329023;306;INVERNO;;;329023;329023 - REGATA GOLA ALTA TRICOT;;TOP;FEMININO;EGREY;FEMININO;;INDEFINIDO;PP/P/M/G/GG;;2024-10-14
329092;990;INVERNO;;;329092;329092 - REGATA GOLA CREPE;;TOP;FEMININO;EGREY;FEMININO;;;34/36/38/40/42/44/46/48;;2024-10-16
313041;10715;VERÃO;;;313041;313041 - REGATA GRETA;;;CAMISA;;;;;PP/P/M/G/GG/EXG/EGG/EEGG;;2024-10-21
328132;12981;VERÃO;;;328132;328132 - REGATA JERSEY DRAPEADA;;;;EGREY;;;;PP/P/M/G/GG;;2024-11-06
315042;10239;VERÃO;;;315042OFF;315042 - REGATA JOLIE;;;CAMISA;;;;;PP/P/M/G/GG/EXG/EGG/EEGG;;2024-10-21
334055;41215;VERÃO;2027;SS27;334055;334055 - REGATA JUSTA DECOTE U TRICOT;;TOP;REGATA;EGREY;FEMININO;PROPRIA;;PP/P/M/G/GG;;2026-02-19
335093;41794;INVERNO;2027;AW27;335093;335093 - REGATA JUSTA JERSEY ESTAMPADO;;TOP;BLUSA;EGREY;;PROPRIA;;34/36/38/40/42/44/46/48;;2026-09-16
217041;21472;VERÃO;;;217041;217041 - REGATA JUSTA TRICOT;;TOP;MASCULINO;EGREY;MASCULINO;;;PP/P/M/G/GG;;2025-04-14
239002;41135;VERÃO;2027;SS27;239002;239002 - REGATA JUSTA TRICOT;;TOP;REGATA;EGREY;MASCULINO;PROPRIA;;PP/P/M/G/GG;;2026-01-30
329081;304;INVERNO;;;329081;329081 - REGATA JUSTA TUNE TRICOT;;TOP;FEMININO;EGREY;FEMININO;;;PP/P/M/G/GG;;2024-10-14
004ERR;956;INVERNO;;;329092;004ERR - REGATA LAÇO CREPE;;TOP;FEMININO;EGREY;FEMININO;;;UNICA;;2024-10-15
328012;12609;VERÃO;;;328012;328012 - REGATA LENÇO SEDA;;TOP;FEMININO;EGREY;FEMININO;;;34/36/38/40/42/44/46/48;;2024-10-21
329091;204;INVERNO;;;329091;329091 - REGATA LEVE;;TOP;FEMININO;EGREY;FEMININO;;;34/36/38/40/42/44/46/48;;2024-10-14
327013;716;VERÃO;2024;SS24;327013;327013 - REGATA LEVE DECOTE V TRICOT;;TOP;FEMININO;EGREY;FEMININO;;;PP/P/M/G/GG;;2024-10-15
335072;41718;INVERNO;2027;AW27;335072;335072 - REGATA LEVE SEDA E ALGODÃO;;TOP;REGATA;EGREY;FEMININO;PROPRIA;;34/36/38/40/42/44/46/48;;2026-09-02
327012;714;VERÃO;2024;SS24;327012;327012 - REGATA LEVE TRICOT;;INTEIROS;VESTIDO;EGREY;FEMININO;;;PP/P/M/G/GG;;2024-10-15
315121;10122;VERÃO;;;315121CRU;315121 - REGATA LINHO;;;CAMISA;;;;;PP/P/M/G/GG/EXG/EGG/EEGG;;2024-10-21
320015;11373;VERÃO;;;320015MAR;320015 - REGATA LINHO ESTAMPADO;;;CAMISA;;;;;34 AO 48;;2024-10-21
311211;10673;VERÃO;;;311211BLU;311211 - REGATA LISA;;;CAMISA;;;;;PP/P/M/G/GG/EXG/EGG/EEGG;;2024-10-21
322078;11651;VERÃO;;;322078;322078 - REGATA LISTRADA;;TOP;FEMININO;EGREY;FEMININO;;;PP/P/M/G/GG/EXG/EGG/EEGG;;2024-10-21
327022;726;VERÃO;2024;SS24;327022;327022 - REGATA LISTRADA LEVE TRICOT;;INTEIROS;VESTIDO;EGREY;FEMININO;;;PP/P/M/G/GG;;2024-10-15
334019;41148;VERÃO;2027;SS27;334019;334019 - REGATA LISTRAS AMPLA TRICOT;;TOP;REGATA;EGREY;FEMININO;PROPRIA;;PP/P/M/G/GG;;2026-02-04
328129;800;VERÃO;2024;SS24;328129;328129 - REGATA LISTRAS BERLIM;;INTEIROS;VESTIDO;EGREY;FEMININO;;;PP/P/M/G/GG;;2024-10-15
216032;914;INVERNO;;;216032;216032 - REGATA LISTRAS TRICOT;;TOP;MASCULINO;EGREY;MASCULINO;;;PP/P/M/G/GG;;2024-10-15
302015;1837;INVERNO;;;302015;302015 - REGATA LITOVSKI;;TOP;TOP;EGREY;FEMININO;;;PP/P/M/G/GG;;2012-10-12
317123;10441;VERÃO;;;317123PRE;317123 - REGATA LOULOU;;;CAMISA;;;;;34 AO 48;;2024-10-21
00031;32;INVERNO;2010;AW10;150020;00031 - REGATA LUREX;;;;;;;;PP/P/M/G/GG;;2010-06-02
313251;12791;INDEF - INDEFINIDO;INDEF - INDEFINIDO;;313251;313251 - REGATA MALHA DRICA;;;;EGREY;;;;PP/P/M/G/GG;;2024-10-24
310114ERR;11971;VERÃO;;;310114PRE;310114ERR - REGATA MALHA ELô;;;CAMISA;;;;;34 AO 48;;2024-10-21
310114;41078;VERÃO;;;310114;310114 - REGATA MALHA ELô;;;CAMISA;;;;;34/36/38/40/42/44/46/48;;2025-12-15
240005;41688;INVERNO;2027;AW27;240005;240005 - REGATA MALHA SEDA;;TOP;REGATA;EGREY;MASCULINO;PROPRIA;;34/36/38/40/42/44/46/48;;2026-08-31
ES00002;569;VERÃO;2011;SS11;;ES00002 - REGATA MASC ELLUS;;TOP;TOP;ELLUS;MASCULINO;;;UNICA;;2011-05-24
302006 A;1833;INVERNO;;;302006 A;302006 A - REGATA MEDIEVAL;;TOP;TOP;EGREY;FEMININO;;;PP/P/M/G/GG;;2012-10-12
332082;21912;INVERNO;2026;AW26;332082;332082 - REGATA MERINO;;TOP;REGATA;EGREY;FEMININO;PROPRIA;;PP/P/M/G/GG;;2025-10-06
00073;142;INVERNO;2010;AW10;;00073 - REGATA MIX LISTRAS;;;;OSKLEN;;;;PP/P/M/G/GG;;2010-07-06
++++++;1395;VERÃO;;;++++++;++++++ - REGATA MODERNA;;TOP;TOP;EVA;FEMININO;;;UNICA;;2012-04-26
0007195;1399;VERÃO;;;0007195;0007195 - REGATA MODERNA;;TOP;TOP;EVA;FEMININO;;;GRADE P M GG;;2012-04-26
320110;11403;VERÃO;;;320110LAR;320110 - REGATA MULTICOLOR;;;CAMISA;;;;;PP/P/M/G/GG/EXG/EGG/EEGG;;2024-10-21
00037;40;INVERNO;2010;AW10;11002;00037 - REGATA NADADOR MEDIEVAL;;;MASCULINO;;MASCULINO;;;GRADE P M GG;;2010-06-02
334111;41401;VERÃO;2027;SS27;334111;334111 - REGATA NERVURA TRICOT;;TOP;REGATA;EGREY;FEMININO;PROPRIA;;PP/P/M/G/GG;;2026-03-31
334165;41507;VERÃO;2027;SS27;334165;334165 - REGATA NÓ TORCIDO;;TOP;REGATA;EGREY;FEMININO;PROPRIA;;34/36/38/40/42/44/46/48;;2026-04-23
315038;9994;VERÃO;;;315038OFF;315038 - REGATA NÓ TRICOT;;;CAMISA;;;;;PP/P/M/G/GG/EXG/EGG/EEGG;;2024-10-21
328029;746;VERÃO;2024;SS24;328029;328029 - REGATA OMBREIRA TRICOT;;TOP;FEMININO;EGREY;FEMININO;;;PP/P/M/G/GG;;2024-10-15
329083;288;INVERNO;;;329083;329083 - REGATA OMBRO LISTRAS TRICOT;;TOP;FEMININO;EGREY;FEMININO;;;PP/P/M/G/GG;;2024-10-14
317184;10331;VERÃO;;;317184FER;317184 - REGATA OTTOMAN;;;CAMISA;;;;;34/36/38/40/42/44/46/48;;2024-10-21
34.0449;1643;VERÃO;;;34.0449;34.0449 - REGATA PARIS;;TOP;TOP;THELURE;FEMININO;;;PP/P/M/G/GG;;2012-07-13
311275;490;ATEMPORAL;2024;;311275;311275 - REGATA PIMA;;TOP;;EGREY;FEMININO;;;PP/P/M/G/GG;;2024-10-15
301009;1435;VERÃO;;;;301009 - REGATA PLAGE;;INTEIROS;VESTIDO;;FEMININO;;;PP/P/M/G/GG;BONDUKI LINHAS. FIOS E CONF. LTDA.;2012-05-08
313106;10761;VERÃO;;;313106BEG;313106 - REGATA QUADRADA;;;CAMISA;;;;;34/36/38/40/42/44/46/48;;2024-10-21
332017;21758;INVERNO;2026;AW26;332017;332017 - REGATA RECORTES TRICOT;;TOP;REGATA;EGREY;FEMININO;PROPRIA;;PP/P/M/G/GG;;2025-09-16
217042;21473;VERÃO;;;217042;217042 - REGATA REDE TRICOT;;TOP;MASCULINO;EGREY;MASCULINO;;;PP/P/M/G/GG;;2025-04-14
330210;41094;VERÃO;2026;SS26;330210;330210 - REGATA REDE TRICOT;;TOP;REGATA;EGREY;FEMININO;PROPRIA;;PP/P/M/G/GG;;2026-01-08
PJE0211-1038-003;1019;VERÃO;;;PJE0211-1038-003;PJE0211-1038-003 - REGATA RETILÍNEA GOLA V;;TOP;TOP;PRETORIAN;;;;PP/P/M/G/GG;;2011-10-27
314117;9898;VERÃO;;;314117MOS;314117 - REGATA ROMA;;;CAMISA;;;;;PP/P/M/G/GG/EXG/EGG/EEGG;;2024-10-21
332117;41545;INVERNO;2026;AW26;332117;332117 - REGATA ROMA;;TOP;REGATA;EGREY;FEMININO;PROPRIA;;PP/P/M/G/GG;;2026-05-19
100005;21992;PERENE;;;100005;100005 - REGATA ROMA CLÁSSICO;;TOP;REGATA;EGREY;FEMININO;PROPRIA;;PP/P/M/G/GG;;2025-10-15
325086;12385;VERÃO;;;325086;325086 - REGATA ROMA LISTRAS;;TOP;FEMININO;EGREY;FEMININO;;;PP/P/M/G/GG;;2024-10-21
321098;9900;INVERNO;;;321098;321098 - REGATA ROMA TRICOT;;TOP;MASCULINO;EGREY;MASCULINO;;;PP/P/M/G/GG/EXG/EGG/EEGG;;2024-10-21
325106;12375;VERÃO;;;325106;325106 - REGATA ROMA TRICOT;;TOP;FEMININO;EGREY;FEMININO;;;PP/P/M/G/GG;;2024-10-21
335104;41778;INVERNO;2027;AW27;335104;335104 - REGATA ROMA TRICOT LISTRAS;;TOP;REGATA;EGREY;FEMININO;PROPRIA;;PP/P/M/G/GG;;2026-09-14
322022;11687;VERÃO;;;322022;322022 - REGATA SARJA DETALHE COSTAS;;TOP;FEMININO;EGREY;FEMININO;;;34/36/38/40/42/44/46/48;;2024-10-21
312164;10277;VERÃO;;;312164XAD;312164 - REGATA SEDA ESTAMPA;;;CAMISA;;;;;34 AO 48;;2024-10-21
309007;11973;VERÃO;;;309007OFF;309007 - REGATA SEDA SHIBORI;;;CAMISA;;;;;34 AO 48;;2024-10-21
34571;1763;VERÃO;;;34571;34571 - REGATA SLIN METAL;;TOP;TOP;OSKLEN;FEMININO;;;PP/P/M/G/GG;;2012-09-19
301018;1453;VERÃO;;;;301018 - REGATA SOLEIL;;TOP;TOP;;FEMININO;;;PP/P/M/G/GG;MINAS LÃ COMÉRCIO DE FIOS LTDA.;2012-05-10
301018 B;1783;VERÃO;;;301018 B;301018 B - REGATA SOLEIL;;;FEMININO;EGREY;FEMININO;;;PP/P/M/G/GG;;2012-09-26
301019;1455;VERÃO;;;;301019 - REGATA SOLEIL LUREX;;TOP;TOP;;FEMININO;;;PP/P/M/G/GG;MINAS LÃ COMÉRCIO DE FIOS LTDA.;2012-05-10
302008;1823;INVERNO;;;3020008;302008 - REGATA SOVIETE;;TOP;TOP;EGREY;FEMININO;;;GRADE P M GG;;2012-10-12
326091;12531;INVERNO;;;326091;326091 - REGATA SPORT TRICOT;;TOP;FEMININO;EGREY;FEMININO;;;PP/P/M/G/GG;;2024-10-21
334045;41210;VERÃO;2027;SS27;334045;334045 - REGATA SUMMER LINHO;;TOP;REGATA;EGREY;FEMININO;PROPRIA;;34/36/38/40/42/44/46/48;;2026-02-19
334155;41473;VERÃO;2027;SS27;334155;334155 - REGATA SUMMER LINHO MESCLA;;TOP;REGATA;EGREY;FEMININO;PROPRIA;;34/36/38/40/42/44/46/48;;2026-04-16
334048;41220;VERÃO;2027;SS27;334048;334048 - REGATA SUMMER MAPS;;TOP;REGATA;EGREY;FEMININO;PROPRIA;;34/36/38/40/42/44/46/48;;2026-02-19
312289;12787;INDEF - INDEFINIDO;INDEF - INDEFINIDO;;312289;312289 - REGATA TATI MARRIE;;;;EGREY;;;;34/36/38/40/42/44/46/48;;2024-10-24
239055;41384;VERÃO;2027;SS27;239055;239055 - REGATA TELA TRICOT ALGODÃO;;TOP;REGATA;EGREY;MASCULINO;PROPRIA;;PP/P/M/G/GG;;2026-03-30
320077;11249;VERÃO;;;320077PRE;320077 - REGATA TEXTURA TRICOT;;;CAMISA;;;;;PP/P/M/G/GG/EXG/EGG/EEGG;;2024-10-21
315166;10171;VERÃO;;;315166;315166 - REGATA THEA;;;CAMISA;;;;;34/36/38/40/42/44/46/48;;2024-10-21
00122;111;INDEF - INDEFINIDO;2010;;;00122 - REGATA TIJOLINHO;;;;;;;;UNICA;;2010-08-02
334101;41395;VERÃO;2027;SS27;334101;334101 - REGATA TIRAS COSTAS TRICOT;;TOP;REGATA;EGREY;FEMININO;PROPRIA;;PP/P/M/G/GG;;2026-03-31
328081;21123;VERÃO;;;328081;328081 - REGATA TRANSPARENTE TRICOT;;TOP;;EGREY;;;;PP/P/M/G/GG;;2024-12-09
319073;11181;VERÃO;;;319073PRE;319073 - REGATA TRANSPASSE;;;CAMISA;;;;;PP/P/M/G/GG/EXG/EGG/EEGG;;2024-10-21
329010;286;INVERNO;;;329010;329010 - REGATA TRANSPASSE TRICOT;;TOP;FEMININO;EGREY;FEMININO;;;PP/P/M/G/GG;;2024-10-14
332050;21785;INVERNO;2026;AW26;332050;332050 - REGATA TRANÇADA CASHMERE;;TOP;REGATA;EGREY;FEMININO;PROPRIA;;PP/P/M/G/GG;;2025-09-16
020860;21897;INVERNO;2026;AW26;332050;020860 - REGATA TRANÇADA CASHMERE;;TOP;REGATA;EGREY;FEMININO;PROPRIA;;PP/P/M/G/GG;;2025-10-03
332072;21908;INVERNO;2026;AW26;332072;332072 - REGATA TRAPEZIO TRICOT;;TOP;REGATA;EGREY;FEMININO;PROPRIA;;PP/P/M/G/GG;;2025-10-06
322012;11683;VERÃO;;;322012;322012 - REGATA TRICOLINE FRANZIDA;;TOP;FEMININO;EGREY;FEMININO;;;34/36/38/40/42/44/46/48;;2024-10-21
326029;12539;INVERNO;;;326029;326029 - REGATA TRICOLINE PALA;;TOP;FEMININO;EGREY;FEMININO;;;34/36/38/40/42/44/46/48;;2024-10-21
319081;11125;VERÃO;;;319081OFF;319081 - REGATA TRICOT;;;CAMISA;;;;;PP/P/M/G/GG/EXG/EGG/EEGG;;2024-10-21
208051;11407;VERÃO;;;208051PRE;208051 - REGATA TRICOT;;;CAMISA;;;;;PP/P/M/G/GG/EXG/EGG/EEGG;;2024-10-21
326001;12481;INVERNO;;;326001;326001 - REGATA TRICOT ALÇA LISTRA;;TOP;FEMININO;EGREY;FEMININO;;;PP/P/M/G/GG;;2024-10-21
328077;344;VERÃO;2024;SS24;328077;328077 - REGATA TRICOT BASIC;;TOP;FEMININO;EGREY;FEMININO;;;PP/P/M/G/GG;;2024-10-15
325043;12409;VERÃO;;;325043;325043 - REGATA TRICOT BATEAU;;TOP;FEMININO;EGREY;FEMININO;;;PP/P/M/G/GG;;2024-10-21
212027;12263;VERÃO;;;212027;212027 - REGATA TRICOT CANELADA;;TOP;MASCULINO;EGREY;MASCULINO;;;PP/P/M/G/GG;;2024-10-21
326083;12525;INVERNO;;;326083;326083 - REGATA TRICOT DECOTE V;;TOP;FEMININO;EGREY;FEMININO;;;PP/P/M/G/GG;;2024-10-21
326020;12527;INVERNO;;;326020;326020 - REGATA TRICOT ELIANA;;TOP;FEMININO;EGREY;FEMININO;;;PP/P/M/G/GG;;2024-10-21
323033;12128;INVERNO;;;323033;323033 - REGATA TRICOT FAIXA COSTAS;;TOP;FEMININO;EGREY;FEMININO;;;PP/P/M/G/GG/EXG/EGG/EEGG;;2024-10-21
325044;12407;VERÃO;;;325044;325044 - REGATA TRICOT FRISOS;;TOP;FEMININO;EGREY;FEMININO;;;PP/P/M/G/GG;;2024-10-21
323091;12393;INVERNO;2023;AW23;323091;323091 - REGATA TRICOT GOLA ALTA;;TOP;FEMININO;EGREY;FEMININO;;;PP/P/M/G/GG/EXG/EGG/EEGG;;2024-10-21
323082;12203;INVERNO;;;323082;323082 - REGATA TRICOT LIGHT;;TOP;FEMININO;EGREY;FEMININO;;;PP/P/M/G/GG/EXG/EGG/EEGG;;2024-10-21
328056;12635;VERÃO;;;328056;328056 - REGATA TRICOT LISTRAS;;TOP;FEMININO;EGREY;FEMININO;;;PP/P/M/G/GG;;2024-10-21
215016;12643;VERÃO;;;215016;215016 - REGATA TRICOT LISTRAS;;TOP;MASCULINO;EGREY;MASCULINO;;;PP/P/M/G/GG/EXG/EGG/EEGG;;2024-10-21
326014ERRADO;612;INVERNO;;;326014;326014ERRADO - REGATA TRICOT LÃ;;TOP;FEMININO;EGREY;FEMININO;;;34 AO 44;;2024-10-15
326014;1156;INVERNO;;;326014;326014 - REGATA TRICOT LÃ;;BOTTOM;FEMININO;EGREY;FEMININO;;;PP/P/M/G/GG;;2024-10-19
325046;12413;VERÃO;;;325046;325046 - REGATA TRICOT PARIS;;TOP;FEMININO;EGREY;FEMININO;;;PP/P/M/G/GG;;2024-10-21
TR-V13-005;1709;VERÃO;;;TR-V13-005;TR-V13-005 - REGATA TRICOT RAYON;;TOP;TOP;RAQUEL MATTAR;FEMININO;;;GRADE P M GG;;2012-08-28
212044;12735;VERÃO;;;212044;212044 - REGATA TRICOT TIE-DYE;;TOP;MASCULINO;EGREY;MASCULINO;;;PP/P/M/G/GG;;2024-10-24
326068;12513;INVERNO;;;326068;326068 - REGATA TRICOT WAFFLE;;TOP;FEMININO;EGREY;FEMININO;;;PP/P/M/G/GG;;2024-10-21
317208;11021;VERÃO;;;317208OFF;317208 - REGATA TRICô;;;CAMISA;;;;;PP/P/M/G/GG/EXG/EGG/EEGG;;2024-10-21
LS004;21668;INDEF - INDEFINIDO;INDEF - INDEFINIDO;;;LS004 - REGATA TWIN;;;;LA SIRENE;;;;PP/P/M/G/GG;;2025-07-10
329106;21127;INVERNO;;;329106;329106 - REGATA TWIN7;;TOP;FEMININO;EGREY;FEMININO;;;PP/P/M/G/GG;;2024-12-09
315040;10154;VERÃO;;;315040OFF;315040 - REGATA TWINS;;;CAMISA;;;;;PP/P/M/G/GG/EXG/EGG/EEGG;;2024-10-21
317039;10415;VERÃO;;;317039BEG;317039 - REGATA TWINSET;;;CAMISA;;;;;PP/P/M/G/GG/EXG/EGG/EEGG;;2024-10-21
326097ERRADO;674;INVERNO;;;326097;326097ERRADO - REGATA UNDERWEAR;;TOP;FEMININO;EGREY;FEMININO;;;34 AO 44;;2024-10-15
326097;1176;INVERNO;;;326097;326097 - REGATA UNDERWEAR;;TOP;FEMININO;EGREY;FEMININO;;;34/36/38/40/42/44/46/48;;2024-10-19
212042;12583;VERÃO;;;212042;212042 - REGATA VAZADA TRICOT;;TOP;MASCULINO;EGREY;MASCULINO;;;PP/P/M/G/GG;;2024-10-21
020226;21108;INVERNO;;;;020226 - REGATA VICTORIA;;;;INDEFINIDO - INDEFINIDO;;;;PP/P/M/G/GG;;2024-11-29
326023;12523;INVERNO;;;326023;326023 - REGATA XADREZ TRICOT;;TOP;FEMININO;EGREY;FEMININO;;;PP/P/M/G/GG;;2024-10-21
335002;41692;INVERNO;2027;AW27;335002;335002 - REGATA XADREZ VICHY LÃ TRICOT;;TOP;REGATA;EGREY;FEMININO;PROPRIA;;PP/P/M/G/GG;;2026-09-01
309032;11975;VERÃO;;;309032NUD;309032 - REGATA ZíPER;;;CAMISA;;;;;34/36/38/40/42/44/46/48;;2024-10-21
213047;21093;INVERNO;;;213047;213047 - REGATÃO MALHA;;;;EGREY;;;;PP/P/M/G/GG;;2024-11-26
212041;396;VERÃO;2024;SS24;212041;212041 - REGATÃO SEDA;;TOP;MASCULINO;EGREY;MASCULINO;;;34/36/38/40/42/44/46/48;;2024-10-15
215040;12683;VERÃO;;;215040;215040 - REGATÃO TRICOT;;TOP;MASCULINO;EGREY;MASCULINO;;;PP/P/M/G/GG;;2024-10-21
239017;41252;VERÃO;2027;SS27;239017;239017 - REGATÃO TRICOT;;TOP;REGATA;EGREY;MASCULINO;PROPRIA;;PP/P/M/G/GG;;2026-02-23
210067;11801;VERÃO;;;210067;210067 - REGATÃO TRICOT VAZADO;;TOP;MASCULINO;EGREY;MASCULINO;;;PP/P/M/G/GG;;2024-10-21
327019;724;VERÃO;2024;SS24;327019;327019 - RIB CINTURA;;INTEIROS;VESTIDO;EGREY;FEMININO;;;UNICA;;2024-10-15
140012;41092;INVERNO;2026;AW26;140012;140012 - ROBE CASHMERE;;INTEIROS;CHEMISE;EGREY;HOME;PROPRIA;;PP/P/M/G/GG;;2026-01-06
140013;41093;INVERNO;2026;AW26;140013;140013 - ROBE TRICOLINE;;INTEIROS;CHEMISE;EGREY;HOME;PROPRIA;;34/36/38/40/42/44/46/48;;2026-01-06
16.18.0050;1385;VERÃO;;;16.18.0050;16.18.0050 - SA HEAVEN;CURTO;BOTTOM;SAIA;BOBÔ;FEMININO;;;GRADE P M GG;;2012-04-17
600010;41567;;;;600010;600010 - SABONETE LÍQUIDO CLERICOT;;;;MONOCHROMA;;;;UNICA;MONOCHROMA COMÉRCIO DE PRESENTES LTDA;2026-06-11
600007;41564;;;;600007;600007 - SABONETE LÍQUIDO SAND & SALT;;;;MONOCHROMA;;;;UNICA;MONOCHROMA COMÉRCIO DE PRESENTES LTDA;2026-06-11
322089;556;INVERNO;;;322089;322089 - SACOLA EGREY;;ACESSÓRIOS;FEMININO;EGREY;FEMININO;;;UNICA;;2024-10-15
TE000059;979;INVERNO;;;;TE000059 - SAI COURO LONGA;LONGO;BOTTOM;SAIA;THELURE;FEMININO;;;PP/P/M/G/GG;;2011-10-17
332044;21801;INVERNO;2026;AW26;332044;332044 - SAIA  MAXI VELUDO;;BOTTOM;SAIA;EGREY;FEMININO;PROPRIA;;34/36/38/40/42/44/46/48;;2025-09-16
301003;1421;VERÃO;;;;301003 - SAIA ALAN;CURTO;BOTTOM;SAIA;;FEMININO;;;PP/P/M/G/GG;BONDUKI LINHAS. FIOS E CONF. LTDA.;2012-05-08
322020;11635;VERÃO;;;322020;322020 - SAIA ALGODÃO PREGAS;;BOTTOM;FEMININO;EGREY;FEMININO;;;34/36/38/40/42/44/46/48;;2024-10-21
329073;248;INVERNO;;;329073;329073 - SAIA AMPLA;;BOTTOM;FEMININO;EGREY;FEMININO;;;34/36/38/40/42/44/46/48;;2024-10-14
319037;11145;VERÃO;;;319037OFF;319037 - SAIA AMPLA FLORAL;;;CAMISA;;;;;34 AO 48;;2024-10-21
320014;11347;VERÃO;;;320014OFF;320014 - SAIA AMPLA LINHO TENCEL;;;CAMISA;;;;;34 AO 48;;2024-10-21
332057;21791;INVERNO;2026;AW26;332057;332057 - SAIA AMPLA VELUDO LEVE;;BOTTOM;SAIA;EGREY;FEMININO;PROPRIA;;34/36/38/40/42/44/46/48;;2025-09-16
314137;10491;VERÃO;;;314137OFF;314137 - SAIA ANA CREPE;;;CAMISA;;;;;34 AO 48;;2024-10-21
318037;10935;VERÃO;;;318037PRE;318037 - SAIA ANNA;;;CAMISA;;;;;34 AO 48;;2024-10-21
317118;10937;VERÃO;;;317118MOS;317118 - SAIA ANNA;;;CAMISA;;;;;34/36/38/40/42/44/46/48;;2024-10-21
315160;10052;VERÃO;;;315160;315160 - SAIA ASSIMÉTRICA AMBER;;;CAMISA;;;;;34/36/38/40/42/44/46/48;;2024-10-21
335066;41715;INVERNO;2027;AW27;335066;335066 - SAIA ASSIMÉTRICA LÃ FRIA;;BOTTOM;SAIA;EGREY;FEMININO;PROPRIA;;34/36/38/40/42/44/46/48;;2026-09-02
325003;12289;VERÃO;;;325003;325003 - SAIA ASSIMÉTRICA TECNOLÓGICA;;BOTTOM;FEMININO;EGREY;FEMININO;;;PP/P/M/G/GG;;2024-10-21
317141;10427;VERÃO;;;317141MAR;317141 - SAIA BETTY;;;CAMISA;;;;;34 AO 48;;2024-10-21
328105;21095;VERÃO;;;328105;328105 - SAIA BOLSO FOLE;LONGO;BOTTOM;SAIA;EGREY;;;;34/36/38/40/42/44/46/48;;2024-11-26
317025;10869;VERÃO;;;317025MAR;317025 - SAIA BOTÕES;;;CAMISA;;;;;PP/P/M/G/GG/EXG/EGG/EEGG;;2024-10-21
315139;12803;INDEF - INDEFINIDO;INDEF - INDEFINIDO;;315139;315139 - SAIA CALÇA TERESA;;;;EGREY;;;;34/36/38/40/42/44/46/48;;2024-10-24
329047;200;INVERNO;;;329047;329047 - SAIA CAMADAS LEVE CREPE;;BOTTOM;FEMININO;EGREY;FEMININO;;;34/36/38/40/42/44/46/48;;2024-10-14
329046;198;INVERNO;;;329046;329046 - SAIA CAMADAS LEVE FLORAL;;BOTTOM;FEMININO;EGREY;FEMININO;;;34/36/38/40/42/44/46/48;;2024-10-14
329048;202;INVERNO;;;329048;329048 - SAIA CAMADAS LEVE LISTRAS;;BOTTOM;FEMININO;EGREY;FEMININO;;;34/36/38/40/42/44/46/48;;2024-10-14
322027;11653;VERÃO;;;322027;322027 - SAIA CAMISA LINHO;;BOTTOM;FEMININO;EGREY;FEMININO;;;34/36/38/40/42/44/46/48;;2024-10-21
328030;748;VERÃO;2024;SS24;328030;328030 - SAIA CANELADA MAXI TRICOT;;TOP;FEMININO;EGREY;FEMININO;;;PP/P/M/G/GG;;2024-10-15
314073;10989;VERÃO;;;314073;314073 - SAIA CATHERINE;;;CAMISA;;;;;34/36/38/40/42/44/46/48;;2024-10-21
00068;132;VERÃO;2010;SS10;27180;00068 - SAIA CINTURA ALTA TRICOT RAYON PLISSADA;;;;OSKLEN;;;;PP/P/M/G/GG;;2010-07-02
332060;21793;INVERNO;2026;AW26;332060;332060 - SAIA CLOCHARD;;BOTTOM;SAIA;EGREY;FEMININO;PROPRIA;;34/36/38/40/42/44/46/48;;2025-09-16
319006;11075;VERÃO;;;319006OFF;319006 - SAIA CLÁSSICA;;;CAMISA;;;;;34 AO 48;;2024-10-21
320013;11281;VERÃO;;;320013OFF;320013 - SAIA CLÁSSICA;;;CAMISA;;;;;34 AO 48;;2024-10-21
EYV003;689;VERÃO;2011;SS11;;EYV003 - SAIA COBRA;CURTO;BOTTOM;SAIA;;FEMININO;;;GRADE P M GG;BONDUKI LINHAS. FIOS E CONF. LTDA.;2011-06-14
TE000056;973;INVERNO;;;;TE000056 - SAIA COBRA;CURTO;BOTTOM;SAIA;THELURE;FEMININO;;;PP/P/M/G/GG;;2011-10-17
EYV029;993;VERÃO;2011;SS11;;EYV029 - SAIA COLORS;CURTO;BOTTOM;SAIA;;FEMININO;;;GRADE P M GG;BONDUKI LINHAS. FIOS E CONF. LTDA.;2011-10-24
307058;10647;VERÃO;;;307058OFF;307058 - SAIA COM BABADOS;;;CAMISA;;;;;PP/P/M/G/GG/EXG/EGG/EEGG;;2024-10-21
330041;21321;VERÃO;;;330041;330041 - SAIA COPACABANA MB;;BOTTOM;FEMININO;EGREY;FEMININO;;;34/36/38/40/42/44/46/48;;2025-03-13
00130;127;;2010;;;00130 - SAIA COURO;;;;;;;;GRADE P M GG;;2010-09-02
EY0004;363;INVERNO;;;;EY0004 - SAIA COURO;CURTO;BOTTOM;SAIA;;FEMININO;;;GRADE P M GG;MINAS LÃ COMÉRCIO DE FIOS LTDA.;2011-01-13
317158;10461;VERÃO;;;317158PRE;317158 - SAIA COURO;;;CAMISA;;;;;34 AO 48;;2024-10-21
311270;11977;VERÃO;;;311270PRE;311270 - SAIA COURO CHAMOIS;;;CAMISA;;;;;34 AO 48;;2024-10-21
314100;10471;VERÃO;;;314100PRE;314100 - SAIA COURO DUBLADO;;;CAMISA;;;;;34 AO 48;;2024-10-21
321016;11529;VERÃO;;;321016;321016 - SAIA CREPE BORDADA;;BOTTOM;FEMININO;EGREY;FEMININO;;;34/36/38/40/42/44/46/48;;2024-10-21
321013;11543;VERÃO;;;321013;321013 - SAIA CREPE BOTÕES;;BOTTOM;FEMININO;EGREY;FEMININO;;;34/36/38/40/42/44/46/48;;2024-10-21
313149;10785;VERÃO;;;313149MAR;313149 - SAIA DE COURO ENVERNIZADA;;;CAMISA;;;;;34 AO 48;;2024-10-21
307040;10645;VERÃO;;;307040OFF;307040 - SAIA DE CROCHET;;;CAMISA;;;;;PP/P/M/G/GG/EXG/EGG/EEGG;;2024-10-21
313010;10971;VERÃO;;;313010ROX;313010 - SAIA DE TRICô COM BOLSOS;;;CAMISA;;;;;PP/P/M/G/GG/EXG/EGG/EEGG;;2024-10-21
301041;1499;VERÃO;;;;301041 - SAIA DELON;CURTO;BOTTOM;SAIA;;FEMININO;;;PP/P/M/G/GG;BONDUKI LINHAS. FIOS E CONF. LTDA.;2012-05-10
301043;1503;VERÃO;;;;301043 - SAIA DELON 2;CURTO;BOTTOM;SAIA;;FEMININO;;;PP/P/M/G/GG;BONDUKI LINHAS. FIOS E CONF. LTDA.;2012-05-10
320006;11231;VERÃO;;;320006OFF;320006 - SAIA DIAGONAL ALGODÃO;;;CAMISA;;;;;34/36/38/40/42/44/46/48;;2024-10-21
313096;10597;VERÃO;;;313096PRE;313096 - SAIA DIDI;;;CAMISA;;;;;34 AO 48;;2024-10-21
315176;10183;VERÃO;;;315176MIL;315176 - SAIA DIJON LISA;;;CAMISA;;;;;34 AO 48;;2024-10-21
314130;10823;VERÃO;;;314130MAR;314130 - SAIA DOTS;;;CAMISA;;;;;34 AO 48;;2024-10-21
314053;9878;VERÃO;;;314053PRE;314053 - SAIA ELENA;;;CAMISA;;;;;34/36/38/40/42/44/46/48;;2024-10-21
314038;9872;VERÃO;;;314038MAN;314038 - SAIA ENCONTROS;;;CAMISA;;;;;PP/P/M/G/GG/EXG/EGG/EEGG;;2024-10-21
332024;21765;INVERNO;2026;AW26;332024;332024 - SAIA ENVELOPE;;BOTTOM;SAIA;EGREY;FEMININO;PROPRIA;;34/36/38/40/42/44/46/48;;2025-09-16
326036;12471;INVERNO;;;326036;326036 - SAIA ENVELOPE XADREZ;;BOTTOM;FEMININO;EGREY;FEMININO;;;34/36/38/40/42/44/46/48;;2024-10-21
315089;9980;VERÃO;;;315089PRE;315089 - SAIA ERIN;;;CAMISA;;;;;34/36/38/40/42/44/46/48;;2024-10-21
TR-V13-003;1765;VERÃO;;;TR-V13-003;TR-V13-003 - SAIA ETNICA;CURTO;BOTTOM;SAIA;RAQUEL MATTAR;FEMININO;;;34 AO 44;;2012-09-21
321042;11455;VERÃO;;;321042ROX;321042 - SAIA EVASÊ PALA;;;CAMISA;;;;;PP/P/M/G/GG/EXG/EGG/EEGG;;2024-10-21
313016;10707;VERÃO;;;313016;313016 - SAIA FAIXA II;;;CAMISA;;;;;PP/P/M/G/GG/EXG/EGG/EEGG;;2024-10-21
315047;11979;VERÃO;;;315047PRE;315047 - SAIA FAIXAS BARRA;;;CAMISA;;;;;PP/P/M/G/GG/EXG/EGG/EEGG;;2024-10-21
330093;21493;VERÃO;;;330093;330093 - SAIA FAIXAS TRICOT;;BOTTOM;FEMININO;EGREY;FEMININO;;;PP/P/M/G/GG;;2025-04-16
321063;11567;VERÃO;;;321063PRE;321063 - SAIA FENDA DIAGONAL COURO;;;CAMISA;;;;;34 AO 48;;2024-10-21
315048;10010;VERÃO;;;315048MAR;315048 - SAIA FENDAS JACQUARD;;;CAMISA;;;;;PP/P/M/G/GG/EXG/EGG/EEGG;;2024-10-21
311290;12771;INDEF - INDEFINIDO;INDEF - INDEFINIDO;;311290;311290 - SAIA GENEVE CREPE;;;;EGREY;;;;34/36/38/40/42/44/46/48;;2024-10-24
312162;11981;VERÃO;;;312162PIE;312162 - SAIA GENEVE LÃ FRIA;;;CAMISA;;;;;34 AO 48;;2024-10-21
307314;10651;VERÃO;;;307314PRE;307314 - SAIA GODÊ CINTURA ALTA;;;CAMISA;;;;;PP/P/M/G/GG/EXG/EGG/EEGG;;2024-10-21
310076;12747;INDEF - INDEFINIDO;INDEF - INDEFINIDO;;310076;310076 - SAIA HELENA II;;BOTTOM;FEMININO;EGREY;FEMININO;;;34/36/38/40/42/44/46/48;;2024-10-24
336000;41101;VERÃO;2027;SS27;336000;336000 - SAIA IBIZA;;BOTTOM;SAIA;EGREY;FEMININO;PROPRIA;;34/36/38/40/42/44/46/48;;2026-01-12
00292;317;INVERNO;;;;00292 - SAIA JACQUARD;CURTO;BOTTOM;SAIA;;FEMININO;;;GRADE P M GG;;2010-12-09
301076;1587;VERÃO;;;;301076 - SAIA JEAN;CURTO;BOTTOM;SAIA;;FEMININO;;;PP/P/M/G/GG;BONDUKI LINHAS. FIOS E CONF. LTDA.;2012-05-13
TE000052;965;INVERNO;;;;TE000052 - SAIA JEE COURO C1;;;FEMININO;THELURE;FEMININO;;;PP/P/M/G/GG;;2011-10-17
TE000063;987;INVERNO;;;;TE000063 - SAIA JEE COURO C2;CURTO;BOTTOM;SAIA;THELURE;FEMININO;;;PP/P/M/G/GG;;2011-10-19
315184;10167;VERÃO;;;315184MIL;315184 - SAIA KATE;;;CAMISA;;;;;34/36/38/40/42/44/46/48;;2024-10-21
313181;10799;VERÃO;;;313181BEG;313181 - SAIA KUMARI;;;CAMISA;;;;;34 AO 48;;2024-10-21
334026;41161;VERÃO;2027;SS27;334026;334026 - SAIA LAISE;;BOTTOM;SAIA;EGREY;FEMININO;PROPRIA;;34/36/38/40/42/44/46/48;;2026-02-11
324006;12215;INVERNO;;;324006;324006 - SAIA LAÇO CETIM;;BOTTOM;FEMININO;EGREY;FEMININO;;;34/36/38/40/42/44/46/48;;2024-10-21
322014;11759;VERÃO;;;322014;322014 - SAIA LENÇO CREPE;;BOTTOM;FEMININO;EGREY;FEMININO;;;34/36/38/40/42/44/46/48;;2024-10-21
326112;21186;INVERNO;;;326112;326112 - SAIA LENÇO LÃ FRIA;;;;EGREY;;;;34/36/38/40/42/44/46/48;;2025-01-15
326075;12545;INVERNO;;;326075;326075 - SAIA LENÇO RISCA DE GIZ;;BOTTOM;FEMININO;EGREY;FEMININO;;;34/36/38/40/42/44/46/48;;2024-10-21
321022;11459;VERÃO;;;321022;321022 - SAIA LENÇO SARJA FINA ALGODÃO;;BOTTOM;FEMININO;EGREY;FEMININO;;;34/36/38/40/42/44/46/48;;2024-10-21
00289;311;INVERNO;;;;00289 - SAIA LEOPARDO;CURTO;BOTTOM;SAIA;BOBÔ;FEMININO;;;PP/P/M/G/GG;;2010-12-07
334163;41496;VERÃO;2027;SS27;334163;334163 - SAIA LEVE DELHI;;BOTTOM;SAIA;EGREY;FEMININO;PROPRIA;;34/36/38/40/42/44/46/48;;2026-04-21
318031;10959;VERÃO;;;318031MOS;318031 - SAIA LIBERTY;;;CAMISA;;;;;34 AO 48;;2024-10-21
320085;11423;VERÃO;;;320085AZU;320085 - SAIA LISTRAS ALGODÃO;;;CAMISA;;;;;34 AO 48;;2024-10-21
313145;11983;VERÃO;;;313145OFF;313145 - SAIA LISTRAS SOLAR;;;CAMISA;;;;;34/36/38/40/42/44/46/48;;2024-10-21
314055;9826;VERÃO;;;314055UVA;314055 - SAIA LIV;;;CAMISA;;;;;34 AO 48;;2024-10-21
0000071;1007;INVERNO;;;0000071;0000071 - SAIA LONGA PLISSADA;LONGO;BOTTOM;SAIA;RESERVA;FEMININO;;;PP/P/M/G/GG;;2011-10-25
335001;41691;INVERNO;2027;AW27;335001;335001 - SAIA LONGA XADREZ VICHY LÃ TRICOT;;BOTTOM;SAIA;EGREY;FEMININO;PROPRIA;;PP/P/M/G/GG;;2026-09-01
TE000066;1671;VERÃO;;;TE000066;TE000066 - SAIA LOSANGO;CURTO;BOTTOM;SAIA;THELURE;FEMININO;;;34 AO 44;;2012-07-16
317116;10351;VERÃO;;;317116PRE;317116 - SAIA LOULOU;;;CAMISA;;;;;34 AO 48;;2024-10-21
00298;341;INVERNO;;;TA 000001;00298 - SAIA LTRAS TRANSP;CURTO;BOTTOM;SAIA;TECA;FEMININO;;;GRADE P M GG;;2010-12-22
EY0021;397;INVERNO;;;;EY0021 - SAIA LUREX;CURTO;BOTTOM;SAIA;;FEMININO;;;GRADE P M GG;MINAS LÃ COMÉRCIO DE FIOS LTDA.;2011-01-13
0008364;1725;INVERNO;;;0008364;0008364 - SAIA LUREX;CURTO;BOTTOM;SAIA;EVA;FEMININO;;;GRADE P M GG;;2012-09-05
323029;12131;INVERNO;;;323029;323029 - SAIA LUREX;;BOTTOM;FEMININO;EGREY;FEMININO;;;34/36/38/40/42/44/46/48;;2024-10-21
330075;21439;VERÃO;;;330075;330075 - SAIA MAXI FENDA LISTRAS TRICOT;;BOTTOM;FEMININO;EGREY;FEMININO;;;PP/P/M/G/GG;;2025-04-14
330076;21440;VERÃO;;;330076;330076 - SAIA MAXI FENDA TRICOT;;BOTTOM;FEMININO;EGREY;FEMININO;;;PP/P/M/G/GG;;2025-04-14
330120;22073;VERÃO;2026;SS26;330120;330120 - SAIA MAXI FENDA TRICOT;;BOTTOM;SAIA;EGREY;FEMININO;PROPRIA;;PP/P/M/G/GG;;2025-10-21
313224;10833;VERÃO;;;313224PRE;313224 - SAIA MEDIA PESPONTOS;;;CAMISA;;;;;34/36/38/40/42/44/46/48;;2024-10-21
00115;95;VERÃO;2010;SS10;;00115 - SAIA MEDIEVAL;;;;;;;;PP/P/M/G/GG;;2010-07-23
302005 A;1705;INVERNO;;;302005 A;302005 A - SAIA MEDIEVAL;CURTO;BOTTOM;SAIA;EGREY;FEMININO;;;PP/P/M/G/GG;;2012-08-10
305057;41734;INVERNO;2027;AW27;305057;305057 - SAIA MIDI AJUSTE FIVELA;;BOTTOM;SAIA;EGREY;FEMININO;PROPRIA;;34/36/38/40/42/44/46/48;;2026-09-02
329027;8;INVERNO;;;329027;329027 - SAIA MIDI ALGODÃO;;BOTTOM;FEMININO;EGREY;FEMININO;;;34/36/38/40/42/44/46/48;;2024-10-14
330051;21332;VERÃO;;;330051;330051 - SAIA MIDI AMPLA LINHO;;INTEIROS;VESTIDO;EGREY;FEMININO;;;34/36/38/40/42/44/46/48;;2025-03-13
310029;11985;VERÃO;;;310029BEG;310029 - SAIA MIDI AMSTERDÃ;;;CAMISA;;;;;PP/P/M/G/GG/EXG/EGG/EEGG;;2024-10-21
311117;11987;VERÃO;;;311117MAR;311117 - SAIA MIDI BARBARA SARJA;;;CAMISA;;;;;34 AO 48;;2024-10-21
314095;9888;VERÃO;;;314095PRE;314095 - SAIA MIDI CHAMOIS;;;CAMISA;;;;;34 AO 48;;2024-10-21
313191;10807;VERÃO;;;313191BEG;313191 - SAIA MIDI COM CINTO;;;CAMISA;;;;;34 AO 48;;2024-10-21
313143;10782;VERÃO;;;313143GOI;313143 - SAIA MIDI COM FAIXA;;;CAMISA;;;;;34 AO 48;;2024-10-21
312161;10970;VERÃO;;;312161BER;312161 - SAIA MIDI COM FAIXA;;;CAMISA;;;;;34 AO 48;;2024-10-21
311172;10671;VERÃO;;;311172PRE;311172 - SAIA MIDI CREPE AMARRAÇÃO;;;CAMISA;;;;;PP/P/M/G/GG/EXG/EGG/EEGG;;2024-10-21
313059;10841;VERÃO;;;313059OFF;313059 - SAIA MIDI DE TRICô;;;CAMISA;;;;;34 AO 48;;2024-10-21
306024;10641;VERÃO;;;306024VER;306024 - SAIA MIDI GODE LONDON;;;CAMISA;;;;;PP/P/M/G/GG/EXG/EGG/EEGG;;2024-10-21
334073;41266;VERÃO;2027;SS27;334073;334073 - SAIA MIDI GODÊ NERVURAS TRICOT;;BOTTOM;SAIA;EGREY;FEMININO;PROPRIA;;PP/P/M/G/GG;;2026-02-25
335094;41795;INVERNO;2027;AW27;335094;335094 - SAIA MIDI JERSEY ESTAMPADO;;BOTTOM;SAIA;EGREY;FEMININO;PROPRIA;;34/36/38/40/42/44/46/48;;2026-09-16
334034;41198;VERÃO;2027;SS27;334034;334034 - SAIA MIDI NÓ;;BOTTOM;SAIA;EGREY;FEMININO;PROPRIA;;34/36/38/40/42/44/46/48;;2026-02-18
334072;41199;VERÃO;2027;SS27;334072;334072 - SAIA MIDI NÓ PAETÊ;;BOTTOM;SAIA;EGREY;FEMININO;PROPRIA;;34/36/38/40/42/44/46/48;;2026-02-18
330001;21283;VERÃO;;;330001;330001 - SAIA MIDI PAETÊ;;BOTTOM;FEMININO;EGREY;FEMININO;;;34/36/38/40/42/44/46/48;;2025-03-12
319086;11083;VERÃO;;;319086CIN;319086 - SAIA MIDI PALA;;;CAMISA;;;;;34 AO 48;;2024-10-21
330032;21312;VERÃO;;;330032;330032 - SAIA MIDI PREGAS CREPE;;BOTTOM;FEMININO;EGREY;FEMININO;;;34/36/38/40/42/44/46/48;;2025-03-12
325004;12291;VERÃO;;;325004;325004 - SAIA MIDI RENDA;;BOTTOM;FEMININO;EGREY;FEMININO;;;34/36/38/40/42/44/46/48;;2024-10-21
334097;41379;VERÃO;2027;SS27;334097;334097 - SAIA MIDI RETA CREPE;;BOTTOM;SAIA;EGREY;FEMININO;PROPRIA;;34/36/38/40/42/44/46/48;;2026-03-25
335037;41705;INVERNO;2027;AW27;335037;335037 - SAIA MIDI RETA TRICOT;;BOTTOM;SAIA;EGREY;FEMININO;PROPRIA;;PP/P/M/G/GG;;2026-09-01
330069;21433;VERÃO;;;330069;330069 - SAIA MIDI SARJA IKAT;;BOTTOM;FEMININO;EGREY;FEMININO;;;34/36/38/40/42/44/46/48;;2025-04-14
313241;11989;VERÃO;;;313241MAR;313241 - SAIA MIDI SARJA ZEBRA;;;CAMISA;;;;;34 AO 48;;2024-10-21
334046;41211;VERÃO;2027;SS27;334046;334046 - SAIA MIDI SUMMER LINHO;;BOTTOM;SAIA;EGREY;FEMININO;PROPRIA;;34/36/38/40/42/44/46/48;;2026-02-19
334161;41491;VERÃO;2027;SS27;334161;334161 - SAIA MIDI SUMMER LINHO MESCLA;;BOTTOM;SAIA;EGREY;FEMININO;PROPRIA;;34/36/38/40/42/44/46/48;;2026-04-20
334049;41221;VERÃO;2027;SS27;334049;334049 - SAIA MIDI SUMMER MAPS;;BOTTOM;SAIA;EGREY;FEMININO;PROPRIA;;34/36/38/40/42/44/46/48;;2026-02-19
334051;41223;VERÃO;2027;SS27;334051;334051 - SAIA MIDI SUMMER TILE;;BOTTOM;SAIA;EGREY;FEMININO;PROPRIA;;34/36/38/40/42/44/46/48;;2026-02-19
325006;12416;VERÃO;;;325006;325006 - SAIA MIDI TAFETÁ;;BOTTOM;FEMININO;EGREY;FEMININO;;;34/36/38/40/42/44/46/48;;2024-10-21
330059;21423;VERÃO;;;330059;330059 - SAIA MIDI TECNOLÓGICO;;INTEIROS;VESTIDO;EGREY;FEMININO;;;34/36/38/40/42/44/46/48;;2025-04-14
329099;12687;INVERNO;;;329099;329099 - SAIA MIDI TRICOT;;BOTTOM;FEMININO;EGREY;FEMININO;;;PP/P/M/G/GG;;2024-10-21
335097;41752;INVERNO;2027;AW27;335097;335097 - SAIA MIDI VELUDO 5 POCKETS;;BOTTOM;SAIA;EGREY;FEMININO;PROPRIA;;34/36/38/40/42/44/46/48;;2026-09-03
334095;41372;VERÃO;2027;SS27;334095;334095 - SAIA MIDI VICHY TRICOT;;BOTTOM;SAIA;EGREY;FEMININO;PROPRIA;;PP/P/M/G/GG;;2026-03-20
35.0461;1661;VERÃO;;;35.0461;35.0461 - SAIA MISS ATENAS;LONGO;BOTTOM;SAIA;THELURE;FEMININO;;;34 AO 44;;2012-07-13
332040;21778;INVERNO;2026;AW26;332040;332040 - SAIA MOSAICO VELUDO;;BOTTOM;SAIA;EGREY;FEMININO;PROPRIA;;34/36/38/40/42/44/46/48;;2025-09-16
TE000007;555;VERÃO;2011;SS11;;TE000007 - SAIA MOULAY;CURTO;BOTTOM;SAIA;THELURE;FEMININO;;;PP/P/M/G/GG;;2011-04-26
307099;10547;VERÃO;;;307099PRE;307099 - SAIA MUSSELINE;;;CAMISA;;;;;PP/P/M/G/GG/EXG/EGG/EEGG;;2024-10-21
35.0460;1649;VERÃO;;;35.0460;35.0460 - SAIA MYKONOS;LONGO;BOTTOM;SAIA;THELURE;FEMININO;;;PP/P/M/G/GG;;2012-07-13
315201;10123;VERÃO;;;315201PRE;315201 - SAIA MÉDIA LIV;;;CAMISA;;;;;34/36/38/40/42/44/46/48;;2024-10-21
318027;10939;VERÃO;;;318027MAR;318027 - SAIA MôNICA;;;CAMISA;;;;;34 AO 48;;2024-10-21
316017;10271;VERÃO;;;316017VER;316017 - SAIA NIX;;;CAMISA;;;;;34 AO 48;;2024-10-21
316030;10281;VERÃO;;;316030PRE;316030 - SAIA NIX;;;CAMISA;;;;;34 AO 48;;2024-10-21
316008;10303;VERÃO;;;316008PRE;316008 - SAIA NIX;;;CAMISA;;;;;34 AO 48;;2024-10-21
315168;12805;INDEF - INDEFINIDO;INDEF - INDEFINIDO;;315168;315168 - SAIA PAREO JOLIE ESTAMPA ONDAS;;;;EGREY;;;;PP/P/M/G/GG;;2024-10-24
314042;21620;VERÃO;;;314042;314042 - SAIA PAREO LISA;;;;EGREY;;;;PP/P/M/G/GG;;2025-05-21
334054;41214;VERÃO;2027;SS27;334054;334054 - SAIA PAREO TECNOLOGICA NEW;;BOTTOM;SAIA;EGREY;FEMININO;PROPRIA;;34/36/38/40/42/44/46/48;;2026-02-19
328002;12601;VERÃO;;;328002;328002 - SAIA PAREO TECNOLÓGICA;;BOTTOM;FEMININO;EGREY;FEMININO;;;PP/P/M/G/GG/EXG/EGG/EEGG;;2024-10-21
330079;21443;VERÃO;;;330079;330079 - SAIA PAREÔ LISTRAS;;BOTTOM;FEMININO;EGREY;FEMININO;;;PP/P/M/G/GG;;2025-04-14
334166;41541;VERÃO;2027;SS27;334166;334166 - SAIA PAREÔ LISTRAS;;BOTTOM;SAIA;EGREY;FEMININO;PROPRIA;;34/36/38/40/42/44/46/48;;2026-05-13
334170;41544;VERÃO;2027;SS27;334170;334170 - SAIA PAREÔ MAPS;;BOTTOM;SAIA;EGREY;FEMININO;PROPRIA;;34/36/38/40/42/44/46/48;;2026-05-18
330080;21444;VERÃO;;;330080;330080 - SAIA PAREÔ NEW;;BOTTOM;FEMININO;EGREY;FEMININO;;;PP/P/M/G/GG;;2025-04-14
328003;12603;VERÃO;;;328003;328003 - SAIA PAREÔ TECNOLÓGICA TIE-DYE;;BOTTOM;FEMININO;EGREY;FEMININO;;;PP/P/M/G/GG;;2024-10-21
315053;10173;VERÃO;;;315053ROS;315053 - SAIA PAREô;;;CAMISA;;;;;PP/P/M/G/GG/EXG/EGG/EEGG;;2024-10-21
320045;11325;VERÃO;;;320045DOU;320045 - SAIA PAREô;;;CAMISA;;;;;34 AO 48;;2024-10-21
326085;12549;INVERNO;;;326085;326085 - SAIA PAREô POIS;;BOTTOM;FEMININO;EGREY;FEMININO;;;34/36/38/40/42/44/46/48;;2024-10-21
325101;12387;VERÃO;;;325101;325101 - SAIA PAREô SEDA;;BOTTOM;FEMININO;EGREY;FEMININO;;;34/36/38/40/42/44/46/48;;2024-10-21
325050;12561;VERÃO;;;325050;325050 - SAIA PARÊO LINHO;;BOTTOM;FEMININO;EGREY;FEMININO;;;34/36/38/40/42/44/46/48;;2024-10-21
310258;11991;VERÃO;;;310258PRE;310258 - SAIA PIAVE II;;;CAMISA;;;;;PP/P/M/G/GG/EXG/EGG/EEGG;;2024-10-21
314102;10465;VERÃO;;;314102PRE;314102 - SAIA PLISSADA ASSIMÉTRICA;;;CAMISA;;;;;34 AO 48;;2024-10-21
00429;541;VERÃO;2011;SS11;;00429 - SAIA PLISSADA CURTA;CURTO;BOTTOM;SAIA;THELURE;FEMININO;;;PP/P/M/G/GG;;2011-04-26
315091;10034;VERÃO;;;315091VER;315091 - SAIA PLISSADA DEGRADÉ;;;CAMISA;;;;;34 AO 48;;2024-10-21
315050;10062;VERÃO;;;315050MAR;315050 - SAIA PLISSADA LISTRADA;;;CAMISA;;;;;PP/P/M/G/GG/EXG/EGG/EEGG;;2024-10-21
TE000017;545;VERÃO;2011;SS11;TE000017;TE000017 - SAIA PLISSADA LONGA;CURTO;BOTTOM;SAIA;THELURE;FEMININO;;;PP/P/M/G/GG;;2011-04-26
307115;10649;VERÃO;;;307115OFF;307115 - SAIA POINT CURTA;;;CAMISA;;;;;PP/P/M/G/GG/EXG/EGG/EEGG;;2024-10-21
317026;10437;VERÃO;;;317026MAR;317026 - SAIA PONTILHADA;;;CAMISA;;;;;PP/P/M/G/GG/EXG/EGG/EEGG;;2024-10-21
322100;11835;VERÃO;;;322100;322100 - SAIA PONTO VAZADO TRICOT;;BOTTOM;FEMININO;EGREY;FEMININO;;;PP/P/M/G/GG/EXG/EGG/EEGG;;2024-10-21
315133;10257;VERÃO;;;315133VER;315133 - SAIA PRAIA ONDAS;;;CAMISA;;;;;34 AO 48;;2024-10-21
332056;21790;INVERNO;2026;AW26;332056;332056 - SAIA PREGA PROFUNDA;;BOTTOM;SAIA;EGREY;FEMININO;PROPRIA;;34/36/38/40/42/44/46/48;;2025-09-16
321071;11495;INVERNO;;;321071;321071 - SAIA PREGAS FLORAL;;BOTTOM;FEMININO;EGREY;FEMININO;;;34/36/38/40/42/44/46/48;;2024-10-21
334105;41399;VERÃO;2027;SS27;334105;334105 - SAIA PREGAS PROFUNDA ALGODÃO;;BOTTOM;SAIA;EGREY;FEMININO;PROPRIA;;34/36/38/40/42/44/46/48;;2026-03-31
323079;12143;INVERNO;;;323079;323079 - SAIA PRINCE ANARRUGA;;BOTTOM;FEMININO;EGREY;FEMININO;;;34/36/38/40/42/44/46/48;;2024-10-21
319080;11143;VERÃO;;;319080;319080 - SAIA PÉROLA TRICOT;;;CAMISA;;;;;PP/P/M/G/GG/EXG/EGG/EEGG;;2024-10-21
00127;121;VERÃO;2010;SS10;;00127 - SAIA RAYON LUREX;;;;;;;;GRADE P M GG;;2010-08-12
311253;10675;VERÃO;;;311253PRE;311253 - SAIA RECORTE LISA;;;CAMISA;;;;;PP/P/M/G/GG/EXG/EGG/EEGG;;2024-10-21
315118;10205;VERÃO;;;315118;315118 - SAIA RECORTES THEA;;;CAMISA;;;;;34 AO 48;;2024-10-21
TE000015;659;VERÃO;2011;SS11;TE000015;TE000015 - SAIA RENDA;CURTO;BOTTOM;SAIA;THELURE;FEMININO;;;PP/P/M/G/GG;;2011-06-07
313193;10558;VERÃO;;;313193OFF;313193 - SAIA RETA COM AMARRAÇÃO;;;CAMISA;;;;;34 AO 48;;2024-10-21
313110;10767;VERÃO;;;313110GOI;313110 - SAIA RETA COM BOTõES;;;CAMISA;;;;;34 AO 48;;2024-10-21
312034;10679;VERÃO;;;312034MAR;312034 - SAIA RETA COM FIVELAS;;;CAMISA;;;;;34 AO 48;;2024-10-21
332114;22047;INVERNO;2026;AW26;332114;332114 - SAIA RETA COURO;;BOTTOM;SAIA;EGREY;FEMININO;PROPRIA;;34/36/38/40/42/44/46/48;;2025-10-17
328145;12677;VERÃO;;;328145;328145 - SAIA RETA LINHO;;BOTTOM;FEMININO;EGREY;FEMININO;;;34/36/38/40/42/44/46/48;;2024-10-21
312036;10683;VERÃO;;;312036MAR;312036 - SAIA RETA MIDI;;;CAMISA;;;;;34 AO 48;;2024-10-21
338007;41244;INVERNO;2027;AW27;338007;338007 - SAIA RETA MIDI CREPE;;BOTTOM;SAIA;EGREY;FEMININO;PROPRIA;;34/36/38/40/42/44/46/48;;2026-02-23
338006;41243;INVERNO;2027;AW27;338006;338006 - SAIA RETA MIDI LÃ PESADA;;BOTTOM;SAIA;EGREY;FEMININO;PROPRIA;;34/36/38/40/42/44/46/48;;2026-02-23
326030;12459;INVERNO;;;326030;326030 - SAIA RETA PAETÊ;;BOTTOM;FEMININO;EGREY;FEMININO;;;34/36/38/40/42/44/46/48;;2024-10-21
326018;12499;INVERNO;;;326018;326018 - SAIA RETA SARJA;;BOTTOM;FEMININO;EGREY;FEMININO;;;34/36/38/40/42/44/46/48;;2024-10-21
329108;21194;INVERNO;;;329108;329108 - SAIA RETA SARJA;;BOTTOM;FEMININO;EGREY;FEMININO;;;34/36/38/40/42/44/46/48;;2025-01-21
332012;21753;INVERNO;2026;AW26;332012;332012 - SAIA RETA TRICOT;;BOTTOM;SAIA;EGREY;FEMININO;PROPRIA;;PP/P/M/G/GG;;2025-09-16
323023;12089;INVERNO;;;323023;323023 - SAIA RETA VELUDO;;BOTTOM;FEMININO;EGREY;FEMININO;;;34/36/38/40/42/44/46/48;;2024-10-21
301005;1425;VERÃO;;;;301005 - SAIA RIVIERA;;INTEIROS;VESTIDO;;FEMININO;;;PP/P/M/G/GG;SCALINA S.A;2012-05-08
326017;614;INVERNO;;;326017;326017 - SAIA RODADA TECNOLÓGICA;;BOTTOM;FEMININO;EGREY;FEMININO;;;34/36/38/40/42/44/46/48;;2024-10-15
301033;1483;VERÃO;;;;301033 - SAIA ROMY;CURTO;BOTTOM;SAIA;;FEMININO;;;PP/P/M/G/GG;BONDUKI LINHAS. FIOS E CONF. LTDA.;2012-05-10
301033 B;1787;VERÃO;;;301033 B;301033 B - SAIA ROMY;;;FEMININO;EGREY;FEMININO;;;PP/P/M/G/GG;;2012-09-26
312029;12154;VERÃO;;;312029OFF;312029 - SAIA RONDINE;;;CAMISA;;;;;34/36/38/40/42/44/46/48;;2024-10-21
325069;12350;VERÃO;;;325069;325069 - SAIA SARJA CARGO;;BOTTOM;FEMININO;EGREY;FEMININO;;;34/36/38/40/42/44/46/48;;2024-10-21
301028;1473;VERÃO;;;;301028 - SAIA SCHNEIDER;CURTO;BOTTOM;SAIA;;FEMININO;;;PP/P/M/G/GG;BONDUKI LINHAS. FIOS E CONF. LTDA.;2012-05-10
301082;1623;INVERNO;;;;301082 - SAIA SCHNEIDER 2;;TOP;TOP;;FEMININO;;;PP/P/M/G/GG;BONDUKI LINHAS. FIOS E CONF. LTDA.;2012-06-14
301080;1625;INVERNO;;;;301080 - SAIA SCHNEIDER 3;CURTO;BOTTOM;SAIA;;FEMININO;;;PP/P/M/G/GG;BONDUKI LINHAS. FIOS E CONF. LTDA.;2012-06-14
319035;11161;VERÃO;;;319035MAR;319035 - SAIA SHORTS LIV;;;CAMISA;;;;;34 AO 48;;2024-10-21
314049;12155;VERÃO;;;314049OFF;314049 - SAIA SIXTIES;;;CAMISA;;;;;34/36/38/40/42/44/46/48;;2024-10-21
314121;9833;VERÃO;;;314121UVA;314121 - SAIA SOFIA;;;CAMISA;;;;;34 AO 48;;2024-10-21
300079;1325;INVERNO;;;;300079 - SAIA STALIN BRUMA;CURTO;BOTTOM;SAIA;;FEMININO;;;PP/P/M/G/GG;PARAMOUNT TEXTEIS IND. E COMÉRCIO S.A.;2012-02-14
302023;1819;INVERNO;;;302023;302023 - SAIA SUPREME II;CURTO;BOTTOM;SAIA;EGREY;FEMININO;;;PP/P/M/G/GG;;2012-10-04
329032;218;INVERNO;;;329032;329032 - SAIA TECNOLOGICA NEW;;BOTTOM;FEMININO;EGREY;FEMININO;;;34/36/38/40/42/44/46/48;;2024-10-14
313084;10727;VERÃO;;;313084;313084 - SAIA TECNOLOGICA PESPONTO;;;CAMISA;;;;;34/36/38/40/42/44/46/48;;2024-10-21
332038;21776;INVERNO;2026;AW26;332038;332038 - SAIA TECNOLÓGICA BOLSOS FRONTAIS;;BOTTOM;SAIA;EGREY;FEMININO;PROPRIA;;34/36/38/40/42/44/46/48;;2025-09-16
315107;10072;VERÃO;;;315107HOR;315107 - SAIA TERESA;;;CAMISA;;;;;34 AO 48;;2024-10-21
314078;10593;VERÃO;;;314078PRE;314078 - SAIA TRANSPASSADA VELUDO;;;CAMISA;;;;;34 AO 48;;2024-10-21
329094;964;INVERNO;;;329094;329094 - SAIA TRANSPASSE ALGODÃO;;TOP;FEMININO;EGREY;FEMININO;;;34/36/38/40/42/44/46/48;;2024-10-15
323004;12019;INVERNO;;;323004;323004 - SAIA TRANSPASSE BOTõES;;BOTTOM;FEMININO;EGREY;FEMININO;;;34/36/38/40/42/44/46/48;;2024-10-21
329095;968;INVERNO;;;329095;329095 - SAIA TRANSPASSE LÃ FRIA;;BOTTOM;FEMININO;EGREY;FEMININO;;;34/36/38/40/42/44/46/48;;2024-10-15
311066;12157;VERÃO;;;311066MAR;311066 - SAIA TRANSPASSE ORIGAMI;;;CAMISA;;;;;34 AO 48;;2024-10-21
313002;10699;VERÃO;;;313002;313002 - SAIA TRANÇADA EVASE;;;CAMISA;;;;;PP/P/M/G/GG/EXG/EGG/EEGG;;2024-10-21
SB 002;1341;INVERNO;;;SB 002;SB 002 - SAIA TRICOT;;;FEMININO;RAQUEL MATTAR;FEMININO;;;34 AO 44;;2012-02-15
S001V26;22095;;;;S001V26;S001V26 - SAIA TRICOT COM RENDA;;;;ALCHEMYA;;;;32/34/36/38/40;;2025-10-27
324021;12218;INVERNO;;;324021;324021 - SAIA TRICOT FRANJAS;;BOTTOM;FEMININO;EGREY;FEMININO;;;PP/P/M/G/GG;;2024-10-21
322098;11831;VERÃO;;;322098;322098 - SAIA TRICOT LISTRAS ASSIMÉTRICAS;;BOTTOM;FEMININO;EGREY;FEMININO;;;PP/P/M/G/GG/EXG/EGG/EEGG;;2024-10-21
326013;12517;INVERNO;;;326013;326013 - SAIA TRICOT LÃ;;BOTTOM;FEMININO;EGREY;FEMININO;;;PP/P/M/G/GG;;2024-10-21
323025;12063;INVERNO;;;323025;323025 - SAIA TRICOT PESPONTOS;;BOTTOM;FEMININO;EGREY;FEMININO;;;PP/P/M/G/GG/EXG/EGG/EEGG;;2024-10-21
310007;12159;VERÃO;;;310007;310007 - SAIA TRICOT VALENTINA;;;CAMISA;;;;;PP/P/M/G/GG/EXG/EGG/EEGG;;2024-10-21
328144;12675;VERÃO;;;328144;328144 - SAIA TULE BORDADO;;BOTTOM;FEMININO;EGREY;FEMININO;;;34/36/38/40/42/44/46/48;;2024-10-21
315135;10865;VERÃO;;;315135PRE;315135 - SAIA VAZADA;;;CAMISA;;;;;34/36/38/40/42/44/46/48;;2024-10-21
317114;10429;VERÃO;;;317114PRE;317114 - SAIA VELUDO INÊS;;;CAMISA;;;;;34 AO 48;;2024-10-21
315190;10195;VERÃO;;;315190AZU;315190 - SAIA VERSÁTIL;;;CAMISA;;;;;PP/P/M/G/GG/EXG/EGG/EEGG;;2024-10-21
326059;12457;INVERNO;;;326059;326059 - SAIA VIÉS CREPE;;BOTTOM;FEMININO;EGREY;FEMININO;;;34/36/38/40/42/44/46/48;;2024-10-21
326022;12521;INVERNO;;;326022;326022 - SAIA XADREZ TRICOT;;BOTTOM;FEMININO;EGREY;FEMININO;;;PP/P/M/G/GG;;2024-10-21
TE000027;757;VERÃO;2011;SS11;TE000027;TE000027 - SAIA ZIRI;CURTO;BOTTOM;SAIA;THELURE;FEMININO;;;34 AO 44;;2011-07-11
ISHA12;41337;;;;;ISHA12 - SAIA, ADULTO, PARA USO FEMININO, 100% COURO, NOS TAMANHOS PP,;;;;;;;;UNICA;;2026-03-17
ISHA13;41338;;;;;ISHA13 - SAIA, ADULTO, PARA USO FEMININO, 100% COURO, NOS TAMANHOS PP,;;;;;;;;UNICA;;2026-03-17
TRIX 005;1717;VERÃO;;;TRIX 005;TRIX 005 - SAIDA PONTO FLUTUANTE;;TOP;TOP;TRIX;FEMININO;;;PP/P/M/G/GG;;2012-09-03
313196;10811;VERÃO;;;313196BEG;313196 - SALTO CAMURÇA;;;CAMISA;;;;;34 AO 48;;2024-10-21
319023;11157;VERÃO;;;319023PRE;319023 - SALTO FRANZIDO;;;CAMISA;;;;;34 AO 48;;2024-10-21
314160;9924;VERÃO;;;314160CER;314160 - SALTO TIRAS TRICOLOR;;;CAMISA;;;;;34 AO 48;;2024-10-21
308239;12161;VERÃO;;;308239;308239 - SANDALIA ALE;;;CAMISA;;;;;33/34/35/36/37/38/39/40/4;;2024-10-21
334119;41411;VERÃO;2027;SS27;334119;334119 - SANDALIA RASTEIRA TIRAS CRUZADAS CAMURÇA;;SAPATOS;SANDALIA BAIXA;EGREY;FEMININO;PROPRIA;;33/34/35/36/37/38/39/40/4;;2026-04-01
315149;9964;VERÃO;;;315149AZU;315149 - SANDALIA RASTEIRA TIRAS MEIA CANA;;;CAMISA;;;;;34 AO 48;;2024-10-21
314148;9918;VERÃO;;;314148FEN;314148 - SANDALIA RETANGULO SALTO;;;CAMISA;;;;;34/36/38/40/42/44/46/48;;2024-10-21
329075;840;INVERNO;;;329075;329075 - SANDALIA SALTO;;ACESSÓRIOS;FEMININO;EGREY;FEMININO;;;33/34/35/36/37/38/39/40/4;;2024-10-15
315147;9968;VERÃO;;;315147NUD;315147 - SANDALIA SALTO ALTO;;;CAMISA;;;;;34 AO 48;;2024-10-21
334122;41409;VERÃO;2027;SS27;334122;334122 - SANDALIA SALTO FRANJAS;;SAPATOS;SANDALIA SALTO;;FEMININO;;;33/34/35/36/37/38/39/40/4;;2026-04-01
309193;12163;VERÃO;;;309193LAR;309193 - SANDALIA SALTO TIRAS;;;CAMISA;;;;;34 AO 48;;2024-10-21
334121;41410;VERÃO;2027;SS27;334121;334121 - SANDALIA SALTO TIRAS;;SAPATOS;SANDALIA SALTO;;FEMININO;;;33/34/35/36/37/38/39/40/4;;2026-04-01
334120;41412;VERÃO;2027;SS27;334120;334120 - SANDALIA SALTO TIRAS CRUZADAS CAMURÇA;;SAPATOS;SANDALIA SALTO;;FEMININO;;;33/34/35/36/37/38/39/40/4;;2026-04-01
328137;12665;VERÃO;;;328137;328137 - SANDALIA TIRAS;;ACESSÓRIOS;FEMININO;EGREY;FEMININO;;;33/34/35/36/37/38/39/40/4;;2024-10-21
215015;12667;VERÃO;;;215015;215015 - SANDALIA TIRAS;;SAPATOS;MASCULINO;EGREY;MASCULINO;;;33/34/35/36/37/38/39/40/4;;2024-10-21
314146;9914;VERÃO;;;314146MAN;314146 - SANDALIA TIRAS SALTO;;;CAMISA;;;;;34 AO 48;;2024-10-21
336012;41407;VERÃO;2027;SS27;336012;336012 - SANDÁLIA  ROLOTÊ NOZINHOS;;SAPATOS;SANDALIA BAIXA;;FEMININO;;;33/34/35/36/37/38/39/40/4;;2026-03-31
239065;41442;VERÃO;2027;SS27;239065;239065 - SANDÁLIA DE COURO;;SAPATOS;SANDALIA BAIXA;;MASCULINO;;;33/34/35/36/37/38/39/40/4;;2026-04-13
239082;41570;VERÃO;2027;SS27;239082;239082 - SANDÁLIA DE COURO;;SAPATOS;MASCULINO;EGREY;MASCULINO;PROPRIA;;33/34/35/36/37/38/39/40/4;;2026-06-18
324013;12216;INVERNO;;;324013;324013 - SANDÁLIA DE VELUDO;;ACESSÓRIOS;FEMININO;EGREY;FEMININO;;;34/35/36/37/38/39/40;;2024-10-21
326062;12541;INVERNO;;;326062;326062 - SANDÁLIA FLIP-FLOP;;ACESSÓRIOS;FEMININO;EGREY;FEMININO;;;34/35/36/37/38/39/40;;2024-10-21
313201;10815;VERÃO;;;313201VER;313201 - SANDÁLIA GOMOS PRATA;;;CAMISA;;;;;34 AO 48;;2024-10-21
212021;12257;VERÃO;;;212021;212021 - SANDÁLIA PAPETE;;SAPATOS;MASCULINO;EGREY;MASCULINO;;;33/34/35/36/37/38/39/40/4;;2024-10-21
328072;770;VERÃO;2024;SS24;328072;328072 - SANDÁLIA PAPETE ROLOTÊS;;ACESSÓRIOS;FEMININO;EGREY;FEMININO;;;33/34/35/36/37/38/39/40/4;;2024-10-15
332092;22011;INVERNO;2026;AW26;332092;332092 - SANDÁLIA PREGAS;;SAPATOS;SANDALIA SALTO;EGREY;FEMININO;PROPRIA;;33/34/35/36/37/38/39/40/4;;2025-10-16
328070;766;VERÃO;2024;SS24;328070;328070 - SANDÁLIA RASTEIRA ROLOTÊS;;INTEIROS;VESTIDO;EGREY;FEMININO;;;33/34/35/36/37/38/39/40/4;;2024-10-15
330088;21452;VERÃO;;;330088;330088 - SANDÁLIA RASTEIRA TIRAS;;SAPATOS;FEMININO;EGREY;FEMININO;;;34/35/36/37/38/39/40;;2025-04-14
330088M;21614;VERÃO;;;330088;330088M - SANDÁLIA RASTEIRA TIRAS;;SAPATOS;FEMININO;EGREY;FEMININO;;;UNICA;;2025-05-21
325037;12359;VERÃO;;;325037;325037 - SANDÁLIA ROLOTÊS;;ACESSÓRIOS;FEMININO;EGREY;FEMININO;;;34/35/36/37/38/39/40;;2024-10-21
322092;11821;VERÃO;;;322092;322092 - SANDÁLIA SALTO;;SAPATOS;FEMININO;EGREY;FEMININO;;;33/34/35/36/37/38/39/40/4;;2024-10-21
326063;12543;INVERNO;;;326063;326063 - SANDÁLIA SALTO;;ACESSÓRIOS;FEMININO;EGREY;FEMININO;;;34/35/36/37/38/39/40;;2024-10-21
316024;10317;VERÃO;;;316024GIR;316024 - SANDÁLIA SALTO PÊLO;;;CAMISA;;;;;34 AO 48;;2024-10-21
328071;768;VERÃO;2024;SS24;328071;328071 - SANDÁLIA SALTO ROLOTÊS;;ACESSÓRIOS;FEMININO;EGREY;FEMININO;;;33/34/35/36/37/38/39/40/4;;2024-10-15
330087;21451;VERÃO;;;330087;330087 - SANDÁLIA SALTO TIRAS;;SAPATOS;FEMININO;EGREY;FEMININO;;;34/35/36/37/38/39/40;;2025-04-14
330087M;21613;VERÃO;;;330087;330087M - SANDÁLIA SALTO TIRAS;;SAPATOS;FEMININO;EGREY;FEMININO;;;UNICA;;2025-05-21
315150;10018;VERÃO;;;315150VER;315150 - SANDÁLIA TIRA;;;CAMISA;;;;;34 AO 48;;2024-10-21
315151;10013;VERÃO;;;315151PRE;315151 - SANDÁLIA TIRA MEIA CANA FACHETE;;;CAMISA;;;;;34 AO 48;;2024-10-21
210066;11799;VERÃO;;;210066;210066 - SANDÁLIA TIRAS;;SAPATOS;MASCULINO;EGREY;MASCULINO;;;39/40/41/42/43/44/45;;2024-10-21
322097;11825;VERÃO;;;322097;322097 - SANDÁLIA TIRAS FEMININO;;SAPATOS;FEMININO;EGREY;FEMININO;;;34/35/36/37/38/39/40;;2024-10-21
317189;10347;VERÃO;;;317189KAK;317189 - SANDÁLIA TIRAS SALTO FINO;;;CAMISA;;;;;34 AO 48;;2024-10-21
317188;10349;VERÃO;;;317188CIN;317188 - SANDÁLIA TIRAS SALTO MÉDIO;;;CAMISA;;;;;34 AO 48;;2024-10-21
325034;574;VERÃO;2024;SS24;325034;325034 - SANDÁLIA WEDGE TIRAS;;TOP;FEMININO;EGREY;FEMININO;;;34/35/36/37/38/39/40;;2024-10-15
328073ERADO;816;VERÃO;2024;SS24;328073;328073ERADO - SAPATILHA BAILARINA;;SAPATOS;FEMININO;EGREY;FEMININO;;INDEFINIDO;34 AO 44;;2024-10-15
328073;12663;VERÃO;;;328073;328073 - SAPATILHA BAILARINA;;;CAMISA;;;;;34 AO 48;;2024-10-21
324017;12225;INVERNO;;;324017;324017 - SAPATILHA METALIZADA;;ACESSÓRIOS;FEMININO;EGREY;FEMININO;;;34/35/36/37/38/39/40;;2024-10-21
005;21178;INDEF - INDEFINIDO;INDEF - INDEFINIDO;;;005 - SAPATO;;;;EGREY;;;;UNICA;;2024-12-23
008;22157;INDEF - INDEFINIDO;INDEF - INDEFINIDO;;;008 - SAPATO;;;;EGREY;;;;33/34/35/36/37/38/39/40/4;;2025-11-28
329087;918;INVERNO;;;329087;329087 - SAPATO BICO FINO;;ACESSÓRIOS;FEMININO;EGREY;FEMININO;;;33/34/35/36/37/38/39/40/4;;2024-10-15
315146;9966;VERÃO;;;315146CAF;315146 - SAPATO SALTO CAMURÇA;;;CAMISA;;;;;34 AO 48;;2024-10-21
239068ERR;41445;VERÃO;2027;SS27;239068ERR;239068ERR - SAPATO SLIPPER DE CAMURÇA;;SAPATOS;;;MASCULINO;;;34 AO 48;;2026-04-13
334158;41481;VERÃO;2027;SS27;334158;334158 - SAPATO SLIPPER DE CAMURÇA;;SAPATOS;;;FEMININO;;;33/34/35/36/37/38/39/40/4;;2026-04-18
239068;41517;VERÃO;2027;SS27;239068;239068 - SAPATO SLIPPER DE CAMURÇA;;SAPATOS;;;MASCULINO;;;33/34/35/36/37/38/39/40/4;;2026-04-27
239067ERR;41444;VERÃO;2027;SS27;239067;239067ERR - SAPATO SLIPPER DE COURO;;SAPATOS;;EGREY;MASCULINO;PROPRIA;;34 AO 48;;2026-04-13
334157;41480;VERÃO;2027;SS27;334157;334157 - SAPATO SLIPPER DE COURO;;SAPATOS;COURO;EGREY;FEMININO;PROPRIA;;33/34/35/36/37/38/39/40/4;;2026-04-18
239067;41516;VERÃO;2027;SS27;239067;239067 - SAPATO SLIPPER DE COURO;;SAPATOS;;EGREY;MASCULINO;PROPRIA;;33/34/35/36/37/38/39/40/4;;2026-04-27
314147;9916;VERÃO;;;314147PRE;314147 - SAPATO TRIANGULO;;;CAMISA;;;;;34 AO 48;;2024-10-21
BH;849;VERÃO;2011;SS11;BH;BH - SAÍDA DE PRAIA REDE;;INTEIROS;VESTIDO;;FEMININO;;;GRADE P M GG;;2011-08-04
323051;12125;INVERNO;;;323051;323051 - SCARPIN;;SAPATOS;FEMININO;EGREY;FEMININO;;;33/34/35/36/37/38/39/40/4;;2024-10-21
332093;22012;INVERNO;2026;AW26;332093;332093 - SCARPIN CETIM;;SAPATOS;SCARPIN;EGREY;FEMININO;PROPRIA;;33/34/35/36/37/38/39/40/4;;2025-10-16
336013;41408;VERÃO;2027;SS27;336013;336013 - SCARPIN GLÓRIA;;SAPATOS;SCARPIN;EGREY;FEMININO;PROPRIA;;33/34/35/36/37/38/39/40/4;;2026-03-31
239049;41349;VERÃO;2027;SS27;239049;239049 - SHORT AJOUR LINHO;;BOTTOM;SHORT;EGREY;MASCULINO;PROPRIA;;34/36/38/40/42/44/46/48;;2026-03-17
334132;41432;VERÃO;2027;SS27;334132;334132 - SHORT ALFAIATARIA MAPS;;BOTTOM;SHORT;EGREY;FEMININO;PROPRIA;;34/36/38/40/42/44/46/48;;2026-04-09
334053;41213;VERÃO;2027;SS27;334053;334053 - SHORT ALFAIATARIA TECNOLOGICO;;BOTTOM;SHORT;EGREY;FEMININO;PROPRIA;;34/36/38/40/42/44/46/48;;2026-02-19
239034;41312;VERÃO;2027;SS27;239034;239034 - SHORT ALGODÃO MAPS;;BOTTOM;SHORT;EGREY;MASCULINO;PROPRIA;;34/36/38/40/42/44/46/48;;2026-03-16
S002V26;22097;;;;S002V26;S002V26 - SHORT BASIC TRICOT;;;;ALCHEMYA;;;;32/34/36/38/40;;2025-10-27
301084;1675;VERÃO;;;301084;301084 - SHORT D AZUR;;BOTTOM;SHORT;EGREY;FEMININO;;;34 AO 44;;2012-07-17
219110ERR;41075;INVERNO;2026;AW26;219110;219110ERR - SHORT DE PRAIA;;BOTTOM;SHORT;EGREY;MASCULINO;PROPRIA;;34/36/38/40/42/44/46/48;;2025-12-10
219110;41076;INVERNO;2026;AW26;219110;219110 - SHORT DE PRAIA;;BOTTOM;SHORT;EGREY;MASCULINO;PROPRIA;;PP/P/M/G/GG;;2025-12-12
239061;41428;VERÃO;2027;SS27;239061;239061 - SHORT DE PRAIA ANARRUGA;;BOTTOM;SHORT;EGREY;MASCULINO;PROPRIA;;PP/P/M/G/GG;;2026-04-09
217056;21512;VERÃO;;;217056;217056 - SHORT DE PRAIA HIGH-TECH;;BOTTOM;MASCULINO;EGREY;MASCULINO;;;PP/P/M/G/GG;;2025-04-18
334008;41119;VERÃO;2027;SS27;334008;334008 - SHORT EVASÊ TRICOT;;BOTTOM;SHORT;EGREY;FEMININO;PROPRIA;;PP/P/M/G/GG;;2026-01-22
217021;21280;VERÃO;;;217021;217021 - SHORT LINHO;;BOTTOM;MASCULINO;EGREY;MASCULINO;;;34/36/38/40/42/44/46/48;;2025-03-12
239035;41313;VERÃO;2027;SS27;239035;239035 - SHORT LINHO;;BOTTOM;SHORT;EGREY;MASCULINO;PROPRIA;;34/36/38/40/42/44/46/48;;2026-03-16
334064;41232;VERÃO;2027;SS27;334064;334064 - SHORT LINHO EVASE LISTRAS;;BOTTOM;SHORT;EGREY;FEMININO;PROPRIA;;34/36/38/40/42/44/46/48;;2026-02-20
334063;41231;VERÃO;2027;SS27;334063;334063 - SHORT LISTRAS SURF ALGODÃO;;BOTTOM;SHORT;EGREY;FEMININO;PROPRIA;;34/36/38/40/42/44/46/48;;2026-02-20
ON00003;645;VERÃO;2011;SS11;ON00003;ON00003 - SHORT MASCULINO RAYON-10;;BOTTOM;SHORT;OSKLEN;MASCULINO;;;PP/P/M/G/GG;;2011-06-02
207020;11215;VERÃO;;;207020MAR;207020 - SHORT NÓ ESTAMPADO;;;CAMISA;;;;;PP/P/M/G/GG/EXG/EGG/EEGG;;2024-10-21
212006;328;VERÃO;2024;SS24;212006;212006 - SHORT PRAIA CLASSICO;;BOTTOM;SHORT;EGREY;;;INDEFINIDO;PP/P/M/G/GG/EXG/EGG/EEGG;;2024-10-15
216000;844;INVERNO;2026;AW26;216000;216000 - SHORT PRAIA CLÁSSICO;;BOTTOM;SHORT;EGREY;MASCULINO;PROPRIA;;PP/P/M/G/GG;;2024-10-15
217053;21495;VERÃO;;;217053;217053 - SHORT PRAIA ESTAMPA;;BOTTOM;MASCULINO;EGREY;MASCULINO;;;PP/P/M/G/GG;;2025-04-16
212007;12239;VERÃO;;;212007;212007 - SHORT PRAIA FRISO;;BOTTOM;SHORT;EGREY;MASCULINO;;;PP/P/M/G/GG;;2024-10-21
212050;398;VERÃO;2024;SS24;212050;212050 - SHORT PRAIA LISTRAS;;BOTTOM;SHORT;EGREY;MASCULINO;;;PP/P/M/G/GG/EXG/EGG/EEGG;;2024-10-15
239032;41274;VERÃO;2027;SS27;239032;239032 - SHORT PRAIA LISTRAS;;BOTTOM;SHORT;EGREY;MASCULINO;PROPRIA;;PP/P/M/G/GG;;2026-02-25
216045;958;INVERNO;;;216045;216045 - SHORT PREGA ALGODÃO;;BOTTOM;MASCULINO;EGREY;MASCULINO;;;34/36/38/40/42/44/46/48;;2024-10-15
325113;12595;VERÃO;;;325113;325113 - SHORT PREGAS ANARRUGA;;BOTTOM;FEMININO;EGREY;FEMININO;;;34/36/38/40/42/44/46/48;;2024-10-21
00520;677;VERÃO;2012;SS12;31952;00520 - SHORT RAYON COLLECTION-10-PRETO;;;;;;;;PP/P/M/G/GG;;2011-06-13
321078;11505;VERÃO;;;321078ROX;321078 - SHORT SAIA;;;CAMISA;;;;;34 AO 48;;2024-10-21
323020;12081;INVERNO;;;323020;323020 - SHORT SAIA ANARRUGA;;BOTTOM;FEMININO;EGREY;FEMININO;;;34/36/38/40/42/44/46/48;;2024-10-21
312286;10695;VERÃO;;;312286OFF;312286 - SHORT SAIA COM AJUSTE;;;CAMISA;;;;;34 AO 48;;2024-10-21
313164;10791;VERÃO;;;313164PRE;313164 - SHORT SAIA COM AMARRAÇÃO;;;CAMISA;;;;;34 AO 48;;2024-10-21
319036;10687;VERÃO;;;319036XAD;319036 - SHORT SAIA ESTAMPADA;;;CAMISA;;;;;34 AO 48;;2024-10-21
335078;41782;INVERNO;2027;AW27;335078;335078 - SHORT SAIA ESTAMPADO;;BOTTOM;SHORT SAIA;EGREY;FEMININO;PROPRIA;;34/36/38/40/42/44/46/48;;2026-09-15
313161;12165;VERÃO;;;313161PRE;313161 - SHORT SAIA INGRID LINHO;;;CAMISA;;;;;34 AO 48;;2024-10-21
335077;41781;INVERNO;2027;AW27;335077;335077 - SHORT SAIA LÃ;;BOTTOM;SHORT SAIA;EGREY;FEMININO;PROPRIA;;34/36/38/40/42/44/46/48;;2026-09-15
335103;41780;INVERNO;2027;AW27;335103;335103 - SHORT SAIA LÃ XADREZ;;BOTTOM;SHORT SAIA;EGREY;FEMININO;PROPRIA;;34/36/38/40/42/44/46/48;;2026-09-15
317101;508;ATEMPORAL;2024;;317101;317101 - SHORT SLEEVE T SHIRT;;TOP;FEMININO;EGREY;FEMININO;;;PP/P/M/G/GG;;2024-10-15
320060;526;ATEMPORAL;2024;;320060;320060 - SHORT SLEEVE T SHIRT;;TOP;FEMININO;EGREY;FEMININO;;;PP/P/M/G/GG;;2024-10-15
217018;21277;VERÃO;;;217018;217018 - SHORT SURF;;BOTTOM;MASCULINO;EGREY;MASCULINO;;;PP/P/M/G/GG/EXG/EGG/EEGG;;2025-03-12
239031;41273;VERÃO;2027;SS27;239031;239031 - SHORT SURF;;BOTTOM;SHORT;EGREY;MASCULINO;PROPRIA;;PP/P/M/G/GG;;2026-02-25
328004;1088;VERÃO;;;328004;328004 - SHORT SURF TECNOLÓGICO;;BOTTOM;FEMININO;EGREY;FEMININO;;;34/36/38/40/42/44/46/48;;2024-10-18
330083;21447;VERÃO;;;330083;330083 - SHORT SURF TECNOLÓGICO;;BOTTOM;FEMININO;EGREY;FEMININO;;;34/36/38/40/42/44/46/48;;2025-04-14
239037;41315;VERÃO;2027;SS27;239037;239037 - SHORT TRICOLINE;;BOTTOM;SHORT;EGREY;MASCULINO;PROPRIA;;34/36/38/40/42/44/46/48;;2026-03-16
217043;21474;VERÃO;;;217043;217043 - SHORT TRICOT;;BOTTOM;MASCULINO;EGREY;MASCULINO;;;PP/P/M/G/GG;;2025-04-14
239044;41344;VERÃO;2027;SS27;239044;239044 - SHORT TRICOT LISTRAS;;BOTTOM;SHORT;EGREY;MASCULINO;PROPRIA;;PP/P/M/G/GG;;2026-03-17
239081;41524;VERÃO;2027;SS27;239081;239081 - SHORT TRICOT XADREZ;;BOTTOM;SHORT;EGREY;MASCULINO;PROPRIA;;PP/P/M/G/GG;;2026-05-05
LS003;21666;INDEF - INDEFINIDO;INDEF - INDEFINIDO;;LS003;LS003 - SHORTS;;;;LA SIRENE;;;;PP/P/M/G/GG;;2025-07-10
208009;11279;VERÃO;;;208009;208009 - SHORTS ALGODÃO PREGA;;;CAMISA;;;;;34/36/38/40/42/44/46/48;;2024-10-21
320008;11369;VERÃO;;;320008AZU;320008 - SHORTS AMPLO LINHO;;;CAMISA;;;;;34 AO 48;;2024-10-21
322006;11657;VERÃO;;;322006;322006 - SHORTS BOLSO FOLE;;BOTTOM;FEMININO;EGREY;FEMININO;;;34/36/38/40/42/44/46/48;;2024-10-21
ES00006;577;VERÃO;2011;SS11;;ES00006 - SHORTS CURTO FEM ELLUS;;BOTTOM;SHORT;ELLUS;FEMININO;;;UNICA;;2011-05-24
306086;10643;VERÃO;;;306086PRE;306086 - SHORTS DE OXFORD;;;CAMISA;;;;;PP/P/M/G/GG/EXG/EGG/EEGG;;2024-10-21
322070;11173;VERÃO;;;322070;322070 - SHORTS JACQUARD TRICOT;;BOTTOM;FEMININO;EGREY;FEMININO;;;34 AO 48;;2024-10-21
311218;12167;VERÃO;;;311218PRE;311218 - SHORTS JEANS;;;CAMISA;;;;;34 AO 48;;2024-10-21
215013;462;VERÃO;2024;SS24;215013;215013 - SHORTS LINHO VIVO;;TOP;MASCULINO;EGREY;MASCULINO;;;34/36/38/40/42/44/46/48;;2024-10-15
315045;10142;VERÃO;;;315045OFF;315045 - SHORTS LISTRAS;;;CAMISA;;;;;PP/P/M/G/GG/EXG/EGG/EEGG;;2024-10-21
210034;11735;VERÃO;;;210034;210034 - SHORTS MALHA RECORTES;;BOTTOM;MASCULINO;EGREY;MASCULINO;;;34/36/38/40/42/44/46/48;;2024-10-21
ES00001;567;VERÃO;2011;SS11;;ES00001 - SHORTS MASC ELLUS;;BOTTOM;SHORT;ELLUS;FEMININO;;;UNICA;;2011-05-24
202027;9846;VERÃO;;;202027;202027 - SHORTS NÓ;;;CAMISA;;;;;PP/P/M/G/GG/EXG/EGG/EEGG;;2024-10-21
204008;10110;VERÃO;;;204008;204008 - SHORTS NÓ;;;CAMISA;;;;;PP/P/M/G/GG/EXG/EGG/EEGG;;2024-10-21
205006;10385;VERÃO;;;205006;205006 - SHORTS NÓ;;;CAMISA;;;;;PP/P/M/G/GG/EXG/EGG/EEGG;;2024-10-21
205005;10393;VERÃO;;;205005;205005 - SHORTS NÓ;;;CAMISA;;;;;34/36/38/40/42/44/46/48;;2024-10-21
206000;11024;VERÃO;;;206000AMA;206000 - SHORTS NÓ;;;CAMISA;;;;;PP/P/M/G/GG/EXG/EGG/EEGG;;2024-10-21
207021;11213;VERÃO;;;207021AMA;207021 - SHORTS NÓ;;;CAMISA;;;;;PP/P/M/G/GG/EXG/EGG/EEGG;;2024-10-21
208013;11341;VERÃO;;;208013AZU;208013 - SHORTS NÓ;;;CAMISA;;;;;PP/P/M/G/GG/EXG/EGG/EEGG;;2024-10-21
209001;11535;INVERNO;;;209001;209001 - SHORTS NÓ BOLSO;;BOTTOM;SHORT;EGREY;MASCULINO;;;PP/P/M/G/GG/EXG/EGG/EEGG;;2024-10-21
204009;10106;VERÃO;;;204009;204009 - SHORTS NÓ ESTAMPA ONDAS;;;CAMISA;;;;;PP/P/M/G/GG/EXG/EGG/EEGG;;2024-10-21
204010;10893;VERÃO;;;204010;204010 - SHORTS NÓ ESTAMPADO;;;CAMISA;;;;;PP/P/M/G/GG/EXG/EGG/EEGG;;2024-10-21
140003;22110;INVERNO;2026;AW26;140003;140003 - SHORTS PIJAMA;;BOTTOM;SHORT;EGREY;HOME;PROPRIA;;34/36/38/40/42/44/46/48;;2025-11-05
210018;380;VERÃO;2024;SS24;210018;210018 - SHORTS PRAIA CLÁSSICO;;BOTTOM;SHORT;EGREY;MASCULINO;;;PP/P/M/G/GG;;2024-10-15
215004;1036;VERÃO;;;215004;215004 - SHORTS PRAIA ESTAMPA TIE DYE;;BOTTOM;SHORT;EGREY;;;INDEFINIDO;PP/P/M/G/GG/EXG/EGG/EEGG;;2024-10-17
210038;11643;VERÃO;;;210038;210038 - SHORTS PRAIA TRICOLOR;;BOTTOM;SHORT;EGREY;MASCULINO;;;PP/P/M/G/GG/EXG/EGG/EEGG;;2024-10-21
215019ERRADO;468;VERÃO;2024;SS24;215019;215019ERRADO - SHORTS PREGA ALGODÃO;;BOTTOM;SHORT;EGREY;MASCULINO;;;36/38/40/42/44/46;;2024-10-15
215019;1136;VERÃO;;;215019;215019 - SHORTS PREGA ALGODÃO;;BOTTOM;SHORT;EGREY;MASCULINO;;;34/36/38/40/42/44/46/48;;2024-10-19
312245;12169;VERÃO;;;312245;312245 - SHORTS SAIA ROMENIA;;;CAMISA;;;;;34/36/38/40/42/44/46/48;;2024-10-21
204011;10100;VERÃO;;;204011;204011 - SHORTS SURF;;;CAMISA;;;;;PP/P/M/G/GG/EXG/EGG/EEGG;;2024-10-21
208015;11452;VERÃO;;;208015MAR;208015 - SHORTS SURF;;;CAMISA;;;;;PP/P/M/G/GG/EXG/EGG/EEGG;;2024-10-21
204012;10108;VERÃO;;;204012;204012 - SHORTS SURF DEGRADÉ;;;CAMISA;;;;;PP/P/M/G/GG/EXG/EGG/EEGG;;2024-10-21
206003;11047;VERÃO;;;206003;206003 - SHORTS SURF FRISOS;;;CAMISA;;;;;PP/P/M/G/GG/EXG/EGG/EEGG;;2024-10-21
208016;11427;VERÃO;;;208016LAR;208016 - SHORTS SURF RECORTES;;;CAMISA;;;;;PP/P/M/G/GG/EXG/EGG/EEGG;;2024-10-21
210049;11721;VERÃO;;;210049;210049 - SHORTS TEXTURA TRICOT;;TOP;MASCULINO;EGREY;MASCULINO;;;PP/P/M/G/GG;;2024-10-21
320025;11399;VERÃO;;;320025OFF;320025 - SHORTS TRICOT;;;CAMISA;;;;;PP/P/M/G/GG/EXG/EGG/EEGG;;2024-10-21
208030;11419;VERÃO;;;208030LAR;208030 - SHORTS TRICOT JACQUARD;;;CAMISA;;;;;PP/P/M/G/GG/EXG/EGG/EEGG;;2024-10-21
322107;12819;INDEF - INDEFINIDO;INDEF - INDEFINIDO;;322107;322107 - SHORTS TRICOT LISTRAS ASSIMÉTRICAS FEMININO;;;;EGREY;;;;PP/P/M/G/GG;;2024-10-24
210068;11803;VERÃO;;;210068;210068 - SHORTS TRICOT LISTRAS ASSIMÉTRICAS UNISSEX;;TOP;MASCULINO;EGREY;MASCULINO;;;PP/P/M/G/GG;;2024-10-21
ISHA11;41335;;;;;ISHA11 - SHORTS, ADULTO, PARA USO FEMININO, 100% COURO, NOS TAMANHOS;;;;;;;;UNICA;;2026-03-17
ISHA10;41336;;;;;ISHA10 - SHORTS, ADULTO, PARA USO FEMININO, 100% COURO, NOS TAMANHOS;;;;;;;;UNICA;;2026-03-17
310199;12171;VERÃO;;;310199BEG;310199 - SKINNY SARJA;;;CAMISA;;;;;34 AO 48;;2024-10-21
240050;41771;INVERNO;2027;AW27;240050;240050 - SNEAKER DE COURO;;CALÇADOS;;EGREY;MASCULINO;PROPRIA;;33/34/35/36/37/38/39/40/4;;2026-09-14
00039;43;INDEF - INDEFINIDO;2010;;;00039 - SOBRETUDO CANELADO;;;;;;;;UNICA;;2010-07-13
00118;103;INDEF - INDEFINIDO;2010;;;00118 - SOBRETUDO COM CACHECOL;;;;;;;;UNICA;;2010-07-26
320128;11440;VERÃO;;;320128PRA;320128 - SOLITÁRIO LAVA;;ACESSÓRIOS;JOIAS;;;;;UNICA;;2024-10-21
240011;41629;INVERNO;2027;AW27;240011;240011 - SUEDE JACKET;;OUTERWEAR;JAQUETA;EGREY;MASCULINO;PROPRIA;;34/36/38/40/42/44/46/48;;2026-08-17
CASHMERE01;21226;INVERNO;;;;CASHMERE01 - SUETER ADULTO, PARA USO UNISSEX, MANGA LONGA, 100% CASHMERE (CAXEMIRA), DE MALHA, SEM FORRO, NOS TAMANHOS XP, P, M, G E GG;;;;EGREY;;;;UNICA;;2025-02-13
00218;193;INVERNO;2011;AW11;11J04;00218 - SUETER CORAÇÃO;;;;MANDI;;;;PP/P/M/G/GG;;2010-10-14
CASHMERE03;21228;INVERNO;;;;CASHMERE03 - SUETER GOLA V, ADULTO, PARA USO FEMININO, MANGA LONGA, 100% CASHMERE (CAXEMIRA), DE MALHA, SEM FORRO, NOS TAMANHOS XP, P, M, G E GG;;;;EGREY;;;;UNICA;;2025-02-13
00220;197;INVERNO;2011;AW11;11N04SR88;00220 - SUETER OMBREIRA;;;;MANDI;;;;PP/P/M/G/GG;;2010-10-14
301051;1519;VERÃO;;;;301051 - SUETER ST.TROPEZ;;OUTERWEAR;SWEATER;;FEMININO;;;PP/P/M/G/GG;SCALINA S.A;2012-05-10
PACK06;12563;VERÃO;;;PACK06TRI;PACK06 - SUMMER PACK - 3 CAMISETAS;;;CAMISA;;;;;PP/P/M/G/GG/EXG/EGG/EEGG;;2024-10-21
PACK07;12565;VERÃO;;;PACK07TRI;PACK07 - SUMMER PACK - 3 CAMISETAS;;;CAMISA;;;;;PP/P/M/G/GG/EXG/EGG/EEGG;;2024-10-21
PACK08;12567;VERÃO;;;PACK08TRI;PACK08 - SUMMER PACK - 3 CAMISETAS;;;CAMISA;;;;;PP/P/M/G/GG/EXG/EGG/EEGG;;2024-10-21
PACK09;12569;VERÃO;;;PACK09TRI;PACK09 - SUMMER PACK - 3 CAMISETAS;;;CAMISA;;;;;PP/P/M/G/GG/EXG/EGG/EEGG;;2024-10-21
PACK10;12571;VERÃO;;;PACK10TRI;PACK10 - SUMMER PACK - 3 CAMISETAS;;;CAMISA;;;;;PP/P/M/G/GG/EXG/EGG/EEGG;;2024-10-21
PACK11;12573;VERÃO;;;PACK11TRI;PACK11 - SUMMER PACK - 3 CAMISETAS;;;CAMISA;;;;;PP/P/M/G/GG/EXG/EGG/EEGG;;2024-10-21
PACK12;12575;VERÃO;;;PACK12TRI;PACK12 - SUMMER PACK - 3 CAMISETAS;;;CAMISA;;;;;PP/P/M/G/GG/EXG/EGG/EEGG;;2024-10-21
PACK13;12577;VERÃO;;;PACK13TRI;PACK13 - SUMMER PACK - 3 CAMISETAS;;;CAMISA;;;;;PP/P/M/G/GG/EXG/EGG/EEGG;;2024-10-21
PACK14;12579;VERÃO;;;PACK14TRI;PACK14 - SUMMER PACK - 3 CAMISETAS;;;CAMISA;;;;;PP/P/M/G/GG/EXG/EGG/EEGG;;2024-10-21
PACK15;12581;VERÃO;;;PACK15TRI;PACK15 - SUMMER PACK - 3 CAMISETAS;;;CAMISA;;;;;PP/P/M/G/GG/EXG/EGG/EEGG;;2024-10-21
210037;11641;VERÃO;;;210037;210037 - SURF LISTRAS GRAFISMO;;BOTTOM;MASCULINO;EGREY;MASCULINO;;;PP/P/M/G/GG;;2024-10-21
ON00002;643;VERÃO;2011;SS11;ON00002;ON00002 - SUTIA RAYON COLLECTION-10;;TOP;BODY;OSKLEN;FEMININO;;;PP/P/M/G/GG;;2011-06-02
301083;1639;INVERNO;;;;301083 - SUÉTER RONET;;TOP;TOP;EGREY;FEMININO;;;PP/P/M/G/GG;MINAS LÃ COMÉRCIO DE FIOS LTDA.;2012-07-10
SW 205;589;VERÃO;2011;SS11;SW 205;SW 205 - SW 205;;TOP;TOP;RESERVA;MASCULINO;;;PP/P/M/G/GG;;2011-05-27
SW 206;587;VERÃO;2011;SS11;SW 206;SW 206 - SW 206;;TOP;TOP;RESERVA;MASCULINO;;;PP/P/M/G/GG;;2011-05-27
SW 207;591;VERÃO;2011;SS11;SW 207;SW 207 - SW 207;;TOP;TOP;RESERVA;MASCULINO;;;PP/P/M/G/GG;;2011-05-27
SW 208;593;VERÃO;2011;SS11;SW 208;SW 208 - SW 208;;TOP;TOP;RESERVA;MASCULINO;;;PP/P/M/G/GG;;2011-05-27
327028;732;VERÃO;2024;SS24;327028;327028 - SWEATER ALGODÃO TRICOT;;TOP;FEMININO;EGREY;FEMININO;;;PP/P/M/G/GG;;2024-10-15
201148;10493;VERÃO;;;201148;201148 - SWEATER ALPACA;;;CAMISA;;;;;PP/P/M/G/GG/EXG/EGG/EEGG;;2024-10-21
321036;11545;VERÃO;;;321036;321036 - SWEATER ALPACA UNISSEX;;OUTERWEAR;FEMININO;;FEMININO;;;PP/P/M/G/GG/EXG/EGG/EEGG;;2024-10-21
213027;422;INVERNO;;;213027;213027 - SWEATER ALPACA ZÍPER UNISSEX;;OUTERWEAR;MASCULINO;EGREY;MASCULINO;;;EXP/PP/P/M/G/GG/XG;;2024-10-15
329110;21224;INVERNO;;;329110;329110 - SWEATER AMPLO CASHMERE;;OUTERWEAR;FEMININO;EGREY;FEMININO;;;PP/P/M/G/GG;;2025-02-12
332053;21788;INVERNO;2026;AW26;332053;332053 - SWEATER AMPLO CASHMERE;;OUTERWEAR;SWEATER;EGREY;FEMININO;PROPRIA;;PP/P/M/G/GG;;2025-09-16
203038;9852;VERÃO;;;203038;203038 - SWEATER BASIC TONY;;;CAMISA;;;;;PP/P/M/G/GG/EXG/EGG/EEGG;;2024-10-21
323032;12829;INDEF - INDEFINIDO;INDEF - INDEFINIDO;;323032;323032 - SWEATER BICOLOR DECOTE CARECA;;;;EGREY;;;;PP/P/M/G/GG;;2024-10-24
00074;144;INVERNO;2010;AW10;;00074 - SWEATER C/ CAPUZ LISTRA LOCALIZADA MASCULINO;;;;OSKLEN;;;;GRADE P M GG;;2010-07-06
219033;21835;INVERNO;2026;AW26;219033;219033 - SWEATER CANELADO GOLA V;;OUTERWEAR;SWEATER;EGREY;MASCULINO;PROPRIA;;PP/P/M/G/GG;;2025-09-19
217044;21475;VERÃO;;;217044;217044 - SWEATER CANELADO GOLA V TRICOT;;OUTERWEAR;MASCULINO;EGREY;MASCULINO;;;PP/P/M/G/GG;;2025-04-14
216024;916;INVERNO;;;216024;216024 - SWEATER CANELADO TRICOT;;OUTERWEAR;MASCULINO;EGREY;MASCULINO;;;PP/P/M/G/GG;;2024-10-15
4393;769;VERÃO;2011;SS11;4393;4393 - SWEATER CARECA DEGRADEE BICOLOR;;TOP;TOP;RESERVA;MASCULINO;;;PP/P/M/G/GG;;2011-07-18
4417;597;VERÃO;2011;SS11;4417;4417 - SWEATER CARECA ENVIESADO;;TOP;TOP;RESERVA;MASCULINO;;;PP/P/M/G/GG;;2011-05-27
4509;515;VERÃO;2012;SS12;4509;4509 - SWEATER CARECA LISTRADO DUO;;OUTERWEAR;SWEATER;RESERVA;MASCULINO;;;PP/P/M/G/GG;;2011-04-12
0000630;1059;INVERNO;;;0000630;0000630 - SWEATER CARECA SNOW;;OUTERWEAR;CASACO;RESERVA;MASCULINO;;;PP/P/M/G/GG;;2011-11-10
321000;538;ATEMPORAL;2024;;321000;321000 - SWEATER CASHMERE;;TOP;FEMININO;EGREY;FEMININO;;;PP/P/M/G/GG/EXG/EGG/EEGG;;2024-10-15
314004;10467;VERÃO;;;314004CIN;314004 - SWEATER CASHMERE;;;CAMISA;;;;;PP/P/M/G/GG/EXG/EGG/EEGG;;2024-10-21
317001;11132;VERÃO;;;317001UVA;317001 - SWEATER CASHMERE;;;CAMISA;;;;;PP/P/M/G/GG/EXG/EGG/EEGG;;2024-10-21
240003;41684;INVERNO;2027;AW27;240003;240003 - SWEATER CASHMERE;;OUTERWEAR;SWEATER;EGREY;MASCULINO;PROPRIA;;PP/P/M/G/GG;;2026-08-25
216048;866;INVERNO;;;216048;216048 - SWEATER CASHMERE MEN;;OUTERWEAR;MASCULINO;EGREY;MASCULINO;;;PP/P/M/G/GG/EXG/EGG/EEGG;;2024-10-15
326043;626;INVERNO;;;326043;326043 - SWEATER CASHMERE UNISSEX;;TOP;FEMININO;EGREY;FEMININO;;;PP/P/M/G/GG/EXG/EGG/EEGG;;2024-10-15
TRIX 006;1719;VERÃO;;;TRIX 006;TRIX 006 - SWEATER CORES;;TOP;TOP;TRIX;FEMININO;;;PP/P/M/G/GG;;2012-09-03
205052;10361;VERÃO;;;205052MAR;205052 - SWEATER ENTRELAÇADO;;;CAMISA;;;;;PP/P/M/G/GG/EXG/EGG/EEGG;;2024-10-21
34607;1711;VERÃO;;;34607;34607 - SWEATER FEM METAL;;TOP;TOP;OSKLEN;FEMININO;;;PP/P/M/G/GG;;2012-08-28
4408;595;VERÃO;2011;SS11;4408;4408 - SWEATER GOLA ALTA ML;;TOP;TOP;RESERVA;MASCULINO;;;PP/P/M/G/GG;;2011-05-27
209049;11587;VERÃO;;;209049;209049 - SWEATER GOLA ALTA TRICOT;;TOP;MASCULINO;EGREY;MASCULINO;;;PP/P/M/G/GG/EXG/EGG/EEGG;;2024-10-21
216062;21254;INVERNO;;;216062;216062 - SWEATER GOLA ALTA TRICOT;;OUTERWEAR;;EGREY;;;;PP/P/M/G/GG;;2025-03-10
335013;41695;INVERNO;2027;AW27;335013;335013 - SWEATER GOLA AMPLA TRICOT;;OUTERWEAR;SWEATER;EGREY;FEMININO;PROPRIA;;PP/P/M/G/GG;;2026-09-01
209046;11471;VERÃO;;;209046;209046 - SWEATER GOLA CARECA TRICOT;;TOP;MASCULINO;EGREY;MASCULINO;;;PP/P/M/G/GG/EXG/EGG/EEGG;;2024-10-21
219035;21836;INVERNO;2026;AW26;219035;219035 - SWEATER GOLA TRICOT LÃ;;OUTERWEAR;SWEATER;EGREY;MASCULINO;PROPRIA;;PP/P/M/G/GG;;2025-09-19
00266;263;INVERNO;;;;00266 - SWEATER GOLA V ARGYLE;;OUTERWEAR;CARDIGAN;RESERVA;MASCULINO;;;GRADE P M GG;;2010-11-19
329050;4;INVERNO;;;329050;329050 - SWEATER GOLA V CASHMERE;;OUTERWEAR;FEMININO;EGREY;FEMININO;;;PP/P/M/G/GG;;2024-10-14
216061;21253;INVERNO;;;216061;216061 - SWEATER GOLA V CASHMERE;;OUTERWEAR;MASCULINO;EGREY;MASCULINO;;;PP/P/M/G/GG;;2025-03-10
00252;233;INVERNO;;;;00252 - SWEATER GOLA V COLLEGE;;;MASCULINO;SERGIO K;MASCULINO;;;GRADE P M GG;;2010-11-03
0006850;1403;VERÃO;;;0006850;0006850 - SWEATER GOLA V LISTRADO ELETRO;;TOP;TOP;RESERVA;MASCULINO;;;PP/P/M/G/GG;;2012-05-04
239021;41256;VERÃO;2027;SS27;239021;239021 - SWEATER GOLA V TRICOT;;OUTERWEAR;SWEATER;EGREY;MASCULINO;PROPRIA;;PP/P/M/G/GG;;2026-02-23
207004;11177;VERÃO;;;207004MAR;207004 - SWEATER JACQUARD ALGODÃO;;;CAMISA;;;;;PP/P/M/G/GG/EXG/EGG/EEGG;;2024-10-21
209026;11504;VERÃO;;;209026;209026 - SWEATER JACQUARD TRICOT;;TOP;MASCULINO;EGREY;MASCULINO;;;PP/P/M/G/GG/EXG/EGG/EEGG;;2024-10-21
332074;21910;INVERNO;2026;AW26;332074;332074 - SWEATER LEVE ALGODÃO;;OUTERWEAR;SWEATER;EGREY;FEMININO;PROPRIA;;PP/P/M/G/GG;;2025-10-06
334029;41191;VERÃO;2027;SS27;334029;334029 - SWEATER LEVE DECOTE V TRICOT;;OUTERWEAR;SWEATER;EGREY;FEMININO;PROPRIA;;PP/P/M/G/GG;;2026-02-18
332011;21752;INVERNO;2026;AW26;332011;332011 - SWEATER LEVE GOLA V;;OUTERWEAR;SWEATER;EGREY;FEMININO;PROPRIA;;PP/P/M/G/GG;;2025-09-16
219001;21804;INVERNO;2026;AW26;219001;219001 - SWEATER LEVE MERINO;;OUTERWEAR;SWEATER;EGREY;MASCULINO;PROPRIA;;PP/P/M/G/GG;;2025-09-17
214007;448;VERÃO;2024;SS24;214007;214007 - SWEATER LEVE ML TRICOT UNISSEX;;BOTTOM;SHORT;EGREY;MASCULINO;;;PP/P/M/G/GG;;2024-10-15
00075;146;INVERNO;2010;AW10;;00075 - SWEATER LISTRA LOCALIZADA FEMININA;;;;;;;;GRADE P M GG;;2010-07-06
327027;12641;VERÃO;;;327027;327027 - SWEATER LISTRADO TRICOT;;OUTERWEAR;FEMININO;EGREY;FEMININO;;;PP/P/M/G/GG;;2024-10-21
203036;9944;VERÃO;;;203036;203036 - SWEATER LISTRAS;;;CAMISA;;;;;PP/P/M/G/GG/EXG/EGG/EEGG;;2024-10-21
219078;22000;INVERNO;2026;AW26;219078;219078 - SWEATER LISTRAS TRICOT LÃ;;OUTERWEAR;SWEATER;EGREY;MASCULINO;PROPRIA;;PP/P/M/G/GG;;2025-10-15
OS02;503;INVERNO;2011;AW11;28991;OS02 - SWEATER MASC  AVESSO / DIREITO;;;;;;;;PP/P/M/G/GG;;2011-03-22
00072;140;INVERNO;2010;AW10;;00072 - SWEATER MIX LISTRAS;;;;OSKLEN;;;;PP/P/M/G/GG;;2010-07-06
0008313;1723;INVERNO;;;0008313;0008313 - SWEATER PREMIUM TEXTURA ML;;OUTERWEAR;SWEATER;RESERVA;MASCULINO;;;PP/P/M/G/GG;;2012-09-05
216025;920;INVERNO;;;216025;216025 - SWEATER PÉROLA TRICOT LÃ;;OUTERWEAR;MASCULINO;EGREY;MASCULINO;;;PP/P/M/G/GG;;2024-10-15
205053;10377;VERÃO;;;205053BOR;205053 - SWEATER QUADRICULADO;;;CAMISA;;;;;PP/P/M/G/GG/EXG/EGG/EEGG;;2024-10-21
205039;10395;VERÃO;;;205039OFF;205039 - SWEATER RAGLAN;;;CAMISA;;;;;PP/P/M/G/GG/EXG/EGG/EEGG;;2024-10-21
207031;11217;VERÃO;;;207031PRE;207031 - SWEATER RAGLAN GOLA ALTA;;;CAMISA;;;;;PP/P/M/G/GG/EXG/EGG/EEGG;;2024-10-21
216020;926;INVERNO;;;216020;216020 - SWEATER RAGLAN TRICOT;;OUTERWEAR;MASCULINO;EGREY;MASCULINO;;;PP/P/M/G/GG;;2024-10-15
MM21C04SR375;925;INVERNO;;;MANDI;MM21C04SR375 - SWEATER RETILINEA LISTRAS;;TOP;TOP;MANDI;MASCULINO;;;PP/P/M/G/GG;;2011-10-10
317002;11133;VERÃO;;;317002UVA;317002 - SWEATER SCARF CASHMERE;;;CAMISA;;;;;PP/P/M/G/GG/EXG/EGG/EEGG;;2024-10-21
332102;22027;INVERNO;2026;AW26;332102;332102 - SWEATER SLIM CASHMERE;;OUTERWEAR;SWEATER;EGREY;FEMININO;PROPRIA;;PP/P/M/G/GG;;2025-10-17
335086;41725;INVERNO;2027;AW27;335086;335086 - SWEATER SLIM MERINO;;OUTERWEAR;SWEATER;EGREY;FEMININO;PROPRIA;;PP/P/M/G/GG;;2026-09-02
213037;12451;INVERNO;;;213037;213037 - SWEATER SPORT RAGLAN;;TOP;MASCULINO;EGREY;MASCULINO;;;PP/P/M/G/GG;;2024-10-21
219036;21837;INVERNO;2026;AW26;219036;219036 - SWEATER SPORT TRICOLOR LÃ;;OUTERWEAR;SWEATER;EGREY;MASCULINO;PROPRIA;;PP/P/M/G/GG;;2025-09-19
332018;21759;INVERNO;2026;AW26;332018;332018 - SWEATER SPORT TRICOT;;OUTERWEAR;SWEATER;EGREY;FEMININO;PROPRIA;;PP/P/M/G/GG;;2025-09-16
00177;163;INVERNO;2011;AW11;MF11N04SR261;00177 - SWEATER TACHINHAS;;;;;;;;GRADE P M GG;;2010-09-27
00219;195;INVERNO;2011;AW11;11N04;00219 - SWEATER TACHINHAS;;;;MANDI;;;;PP/P/M/G/GG;;2010-10-14
00295;327;INVERNO;;;MAE00000001;00295 - SWEATER TACHINHAS;;OUTERWEAR;SWEATER;ANIMALE;FEMININO;;;GRADE P M GG;;2010-12-14
316005;10297;VERÃO;;;316005PRE;316005 - SWEATER TEMIS;;;CAMISA;;;;;PP/P/M/G/GG/EXG/EGG/EEGG;;2024-10-21
219002;21805;INVERNO;2026;AW26;219002;219002 - SWEATER TRANÇA CASHMERE;;OUTERWEAR;SWEATER;EGREY;MASCULINO;PROPRIA;;PP/P/M/G/GG;;2025-09-17
319084;11129;VERÃO;;;319084TRI;319084 - SWEATER TRICOLOR;;;CAMISA;;;;;PP/P/M/G/GG/EXG/EGG/EEGG;;2024-10-21
216028;932;INVERNO;;;216028;216028 - SWEATER TRICOLOR TRICOT;;TOP;MASCULINO;EGREY;MASCULINO;;;PP/P/M/G/GG;;2024-10-15
332022;21763;INVERNO;2026;AW26;332022;332022 - SWEATER TRICOLOR TRICOT;;OUTERWEAR;SWEATER;EGREY;FEMININO;PROPRIA;;PP/P/M/G/GG;;2025-09-16
314015;10751;VERÃO;;;314015OFF;314015 - SWEATER TRICOT;;;CAMISA;;;;;34 AO 48;;2024-10-21
319028;11191;VERÃO;;;319028AMA;319028 - SWEATER TRICOT;;;CAMISA;;;;;PP/P/M/G/GG/EXG/EGG/EEGG;;2024-10-21
219079;21981;INVERNO;2026;AW26;219079;219079 - SWEATER TRICOT;;OUTERWEAR;SWEATER;EGREY;MASCULINO;PROPRIA;;PP/P/M/G/GG;;2025-10-15
207012;11141;VERÃO;;;207012MAR;207012 - SWEATER TRICOT ALGODÃO;;;CAMISA;;;;;PP/P/M/G/GG/EXG/EGG/EEGG;;2024-10-21
211013;11999;VERÃO;;;211013;211013 - SWEATER TRICOT ALGODÃO MESCLA;;OUTERWEAR;MASCULINO;EGREY;MASCULINO;;;PP/P/M/G/GG;;2024-10-21
211027;12227;INVERNO;;;211027;211027 - SWEATER TRICOT BICOLOR;;OUTERWEAR;MASCULINO;EGREY;MASCULINO;;;PP/P/M/G/GG;;2024-10-21
213009;406;INVERNO;;;213009;213009 - SWEATER TRICOT GOLA ALTA;;TOP;MASCULINO;EGREY;MASCULINO;;;PP/P/M/G/GG;;2024-10-15
319079;11127;VERÃO;;;319079OFF;319079 - SWEATER TRICOT GOLA ALTA;;;CAMISA;;;;;PP/P/M/G/GG/EXG/EGG/EEGG;;2024-10-21
211035;12035;INVERNO;;;211035;211035 - SWEATER TRICOT GOLA ALTA;;TOP;MASCULINO;EGREY;MASCULINO;;;PP/P/M/G/GG;;2024-10-21
323059;12117;INVERNO;;;323059;323059 - SWEATER TRICOT GOLA ALTA PÉROLA;;OUTERWEAR;FEMININO;EGREY;FEMININO;;;PP/P/M/G/GG/EXG/EGG/EEGG;;2024-10-21
211028;12045;INVERNO;;;211028;211028 - SWEATER TRICOT GOLA CARECA;;TOP;MASCULINO;EGREY;MASCULINO;;;PP/P/M/G/GG;;2024-10-21
211040;12209;INVERNO;;;211040;211040 - SWEATER TRICOT JACQUARD;;TOP;MASCULINO;EGREY;MASCULINO;;;PP/P/M/G/GG;;2024-10-21
209007;11625;VERÃO;;;209007;209007 - SWEATER TRICOT PEROLA ALGODÃO;;OUTERWEAR;MASCULINO;EGREY;MASCULINO;;;PP/P/M/G/GG;;2024-10-21
207013;11199;VERÃO;;;207013OFF;207013 - SWEATER TRICOT RAGLAN;;;CAMISA;;;;;PP/P/M/G/GG/EXG/EGG/EEGG;;2024-10-21
209024;11597;VERÃO;;;209024;209024 - SWEATER TRICOT XADREZ;;OUTERWEAR;MASCULINO;EGREY;MASCULINO;;;PP/P/M/G/GG;;2024-10-21
211039;12211;INVERNO;;;211039;211039 - SWEATER TRICOT ZIPER LÃ;;TOP;MASCULINO;EGREY;MASCULINO;;;PP/P/M/G/GG;;2024-10-21
211044;12343;INVERNO;;;211044;211044 - SWEATER TRICOT ZÍPER ALGODÃO;;OUTERWEAR;MASCULINO;EGREY;MASCULINO;;;PP/P/M/G/GG;;2024-10-21
216049;930;INVERNO;;;216049;216049 - SWEATER TUNE TRICOT;;OUTERWEAR;MASCULINO;EGREY;MASCULINO;;;PP/P/M/G/GG;;2024-10-15
240004;41687;INVERNO;2027;AW27;240004;240004 - SWEATER V NECK CASHMERE;;OUTERWEAR;SWEATER;EGREY;MASCULINO;PROPRIA;;PP/P/M/G/GG;;2026-08-31
0006174;1033;INVERNO;;;0006174;0006174 - SWEATER VAZADO COSTAS;;TOP;TOP;RESERVA;FEMININO;;;PP/P/M/G/GG;;2011-10-27
321049;11550;VERÃO;;;321049OFF;321049 - SWEATER XADREZ;;;CAMISA;;;;;PP/P/M/G/GG/EXG/EGG/EEGG;;2024-10-21
240019;41637;INVERNO;2027;AW27;240019;240019 - SWEATER XADREZ TRICOT LÃ;;OUTERWEAR;SWEATER;EGREY;MASCULINO;PROPRIA;;PP/P/M/G/GG;;2026-08-17
321052;11559;VERÃO;;;321052OFF;321052 - SWEATER ZìPER MANGA AMPLA;;;CAMISA;;;;;PP/P/M/G/GG/EXG/EGG/EEGG;;2024-10-21
317000;11130;VERÃO;;;317000AZU;317000 - SWEATER ZíPER CASHMERE;;;CAMISA;;;;;PP/P/M/G/GG/EXG/EGG/EEGG;;2024-10-21
00168;147;INVERNO;2011;AW11;2885;00168 - SWETER GOLA V COLLEGE;;;;RESERVA;;;;GRADE P M GG;;2010-09-16
00253;235;;2010;;;00253 - SWETERN ARGYLE;;;;;;;;GRADE P M GG;;2010-11-03
215032;21080;VERÃO;;;215032;215032 - T SHIRT DESTROYED PIMA;;TOP;TOP;EGREY;;;;PP/P/M/G/GG;;2024-11-21
206020;360;ATEMPORAL;2024;;206020;206020 - T SHIRT OVERSIZED;;BOTTOM;CALÇA;EGREY;MASCULINO;;;PP/P/M/G/GG;;2024-10-15
00286;305;INVERNO;;;;00286 - T SHIRT TRANCOSO;;TOP;TOP;BOBÔ;FEMININO;;;UNICA;;2010-12-07
330003;21285;VERÃO;;;330003;330003 - T-SHIRT AMPLA CREPE;;TOP;FEMININO;EGREY;FEMININO;;;34/36/38/40/42/44/46/48;;2025-03-12
301023;1463;VERÃO;;;;301023 - T-SHIRT BIRKIN;;TOP;TOP;;FEMININO;;;PP/P/M/G/GG;BONDUKI LINHAS. FIOS E CONF. LTDA.;2012-05-10
332077;21905;INVERNO;2026;AW26;332077;332077 - T-SHIRT BORDADA TRICOT;;TOP;CAMISETA;EGREY;FEMININO;PROPRIA;;PP/P/M/G/GG;;2025-10-06
314002;9860;VERÃO;;;314002MOS;314002 - T-SHIRT CASHMERE;;;CAMISA;;;;;PP/P/M/G/GG/EXG/EGG/EEGG;;2024-10-21
239072;41487;VERÃO;2027;SS27;239072;239072 - T-SHIRT CLASSIC PIMA MEN;;TOP;CAMISETA;EGREY;MASCULINO;PROPRIA;;PP/P/M/G/GG;;2026-04-18
120013;41513;PERENE;;;120013;120013 - T-SHIRT CLASSIC PIMA MEN;;TOP;CAMISETA;EGREY;MASCULINO;PROPRIA;;PP/P/M/G/GG;;2026-04-24
334148ERRO;41479;VERÃO;2027;SS27;334148;334148ERRO - T-SHIRT CLASSIC PIMA WOMEN;;TOP;CAMISETA;EGREY;FEMININO;PROPRIA;;34/36/38/40/42/44/46/48;;2026-04-18
100015;41512;PERENE;;;100015;100015 - T-SHIRT CLASSIC PIMA WOMEN;;TOP;CAMISETA;EGREY;;PROPRIA;;PP/P/M/G/GG;;2026-04-24
215035;12763;VERÃO;;;215035;215035 - T-SHIRT DESTROYED PIMA;;TOP;MASCULINO;EGREY;MASCULINO;;;PP/P/M/G/GG;;2024-10-24
315172;9976;VERÃO;;;315172;315172 - T-SHIRT DRICA DECOTE CARECA;;;CAMISA;;;;;PP/P/M/G/GG/EXG/EGG/EEGG;;2024-10-21
311210;12172;VERÃO;;;311210;311210 - T-SHIRT DRICA DECOTE CARECA;;;CAMISA;;;;;PP/P/M/G/GG/EXG/EGG/EEGG;;2024-10-21
313249;12173;VERÃO;;;313249PRE;313249 - T-SHIRT DRICA DECOTE CARECA;;;CAMISA;;;;;PP/P/M/G/GG/EXG/EGG/EEGG;;2024-10-21
315171;9978;VERÃO;;;315171;315171 - T-SHIRT DRICA DECOTE V;;;CAMISA;;;;;PP/P/M/G/GG/EXG/EGG/EEGG;;2024-10-21
311148;12757;INVERNO;2018;AW18;311148;311148 - T-SHIRT ENTRELASSADA TRICOT;;;;EGREY;;;;PP/P/M/G/GG;;2024-10-24
00067;110;VERÃO;2010;SS10;27018;00067 - T-SHIRT FEMININA REDE COLLECTION;;;;;;;;PP/P/M/G/GG;;2010-07-01
330014;21295;VERÃO;;;330014;330014 - T-SHIRT JAPÃO TRICOT;;TOP;FEMININO;EGREY;FEMININO;;;PP/P/M/G/GG;;2025-03-12
334143;41470;VERÃO;2027;SS27;334143;334143 - T-SHIRT LINHO 7/8;;TOP;BLUSA;EGREY;FEMININO;PROPRIA;;34/36/38/40/42/44/46/48;;2026-04-15
329084;282;INVERNO;;;329084;329084 - T-SHIRT LISTRAS TRICOT;;TOP;FEMININO;EGREY;FEMININO;;;PP/P/M/G/GG;;2024-10-14
334005;41115;VERÃO;2027;SS27;334005;334005 - T-SHIRT LISTRAS TRICOT;;TOP;CAMISETA;EGREY;FEMININO;PROPRIA;;PP/P/M/G/GG;;2026-01-14
21.02.0024;741;VERÃO;2011;SS11;21.02.0024;21.02.0024 - T-SHIRT M/C TRICÔ MALHA TELA;;TOP;TOP;REINALDO LOURENÇO;FEMININO;;;PP/P/M/G/GG;;2011-06-30
201162;1100;;;;201162;201162 - T-SHIRT MANGA CURTA PIQUET;;;;;;;;PP/P/M/G/GG;;2024-10-19
330027;21307;INVERNO;2026;AW26;330027;330027 - T-SHIRT OVERSIZED NEW WOMEN;;TOP;CAMISETA;EGREY;FEMININO;PROPRIA;;PP/P/M/G/GG;;2025-03-12
310203;484;ATEMPORAL;2024;;310203;310203 - T-SHIRT PIMA;;TOP;FEMININO;EGREY;FEMININO;;;PP/P/M/G/GG;;2024-10-15
310204;486;ATEMPORAL;2024;;310204;310204 - T-SHIRT PIMA DECOTE V;;TOP;FEMININO;EGREY;FEMININO;;;PP/P/M/G/GG;;2024-10-15
205057;10497;VERÃO;;;205057;205057 - T-SHIRT PIQUET BOLSO;;;CAMISA;;;;;PP/P/M/G/GG/EXG/EGG/EEGG;;2024-10-21
21.02.0025;743;VERÃO;2011;SS11;21.02.0025;21.02.0025 - T-SHIRT REGATA TRICÔ MALHA;;TOP;TOP;REINALDO LOURENÇO;FEMININO;;;PP/P/M/G/GG;;2011-06-30
332006;21747;INVERNO;2026;AW26;332006;332006 - T-SHIRT ROMA;;TOP;CAMISETA;EGREY;FEMININO;PROPRIA;;PP/P/M/G/GG;;2025-09-16
100001;21987;PERENE;;;100001;100001 - T-SHIRT ROMA CLÁSSICA TRICOT;;TOP;CAMISETA;EGREY;FEMININO;PROPRIA;;PP/P/M/G/GG;;2025-10-15
212035;394;VERÃO;2024;SS24;212035;212035 - T-SHIRT STRAIGHT FIT PIMA;;BOTTOM;SHORT;EGREY;MASCULINO;;;PP/P/M/G/GG;;2024-10-15
201133;10485;VERÃO;;;201133;201133 - T-SHIRT STRIPE PIQUET;;;CAMISA;;;;;PP/P/M/G/GG/EXG/EGG/EEGG;;2024-10-21
334129;41469;VERÃO;2027;SS27;334129;334129 - T-SHIRT VICHY 7/8;;TOP;CAMISETA;EGREY;FEMININO;PROPRIA;;34/36/38/40/42/44/46/48;;2026-04-14
00119;105;;2010;;;00119 - TAG C/ 1 FURO;;;;;;;;UNICA;;2010-07-26
330029;21309;VERÃO;;;330029;330029 - TANK TOP;;TOP;FEMININO;EGREY;FEMININO;;;PP/P/M/G/GG;;2025-03-12
-SCOTWC1300;931;INDEF - INDEFINIDO;2011;;RENDA;-SCOTWC1300 - TECIDO 70% ALGODÃO/30%SEDA ORIG CHINA;;;;THELURE;;;;UNICA;;2011-10-11
318066;516;ATEMPORAL;2024;;318066;318066 - TENIS CLOUD;;TOP;FEMININO;EGREY;FEMININO;;;039;;2024-10-15
314149;9920;VERÃO;;;314149;314149 - TENIS COURO;;;FEMININO;;FEMININO;;;34/36/38/40/42/44/46/48;;2024-10-21
318065;514;ATEMPORAL;2024;;318065;318065 - TENIS ROGER;;TOP;FEMININO;EGREY;FEMININO;;;039;;2024-10-15
TESTE01;104;;2010;;;TESTE01 - TESTE;;;IND - INDEFINIDO;;;;;GRADE P M GG;;2010-06-24
-00001;3;INVERNO;2010;AW10;00000000000000000000000000000000000000000000000000;-00001 - TESTE 2;;;FEMININO;;FEMININO;;;UNICA;;2010-06-02
208062;11303;VERÃO;;;208062JUN;208062 - THE ROGER CENTRE COURT;;;CAMISA;;;;;34 AO 48;;2024-10-21
208061;11305;VERÃO;;;208061IND;208061 - THE ROGER CENTRE COURT;;;CAMISA;;;;;34 AO 48;;2024-10-21
208063;11301;VERÃO;;;208063ORA;208063 - THE ROGER CLUBHOUSE;;;CAMISA;;;;;34 AO 48;;2024-10-21
BL002;21396;INDEF - INDEFINIDO;INDEF - INDEFINIDO;;BL002;BL002 - TOP;;;;BETINA DE LUCCA;;;;PP/P/M/G/GG;;2025-04-04
317041;10490;VERÃO;;;317041AÇA;317041 - TOP AMERICAN;;;CAMISA;;;;;PP/P/M/G/GG/EXG/EGG/EEGG;;2024-10-21
ANGELA04;21082;INDEF - INDEFINIDO;INDEF - INDEFINIDO;;ANGELA01;ANGELA04 - TOP ANGELA;;;;ANGELA MOTTA;;;;PP/P/M/G/GG;;2024-11-22
317031;10451;VERÃO;;;317031PRE;317031 - TOP ASSIMÉTRICO TRICOT;;;CAMISA;;;;;PP/P/M/G/GG/EXG/EGG/EEGG;;2024-10-21
328123;794;VERÃO;2024;SS24;328123;328123 - TOP BALONÊ;;TOP;FEMININO;EGREY;FEMININO;;;34/36/38/40/42/44/46/48;;2024-10-15
T002V26;22096;;;;T002V26;T002V26 - TOP BASIC TRICOT;;;;ALCHEMYA;;;;PP/P/M/G/GG;;2025-10-27
322046;11776;VERÃO;;;322046;322046 - TOP BASQUE;;TOP;FEMININO;EGREY;FEMININO;;;PP/P/M/G/GG/EXG/EGG/EEGG;;2024-10-21
322039;11647;VERÃO;;;322039;322039 - TOP CANDY;;TOP;FEMININO;EGREY;FEMININO;;;PP/P/M/G/GG/EXG/EGG/EEGG;;2024-10-21
317032;10501;VERÃO;;;317032PRE;317032 - TOP CANELADO ALÇAS;;;CAMISA;;;;;PP/P/M/G/GG/EXG/EGG/EEGG;;2024-10-21
320123;11425;VERÃO;;;320123OFF;320123 - TOP CAVA AMERICANA CANELADO;;;CAMISA;;;;;PP/P/M/G/GG/EXG/EGG/EEGG;;2024-10-21
315037;10128;VERÃO;;;315037OFF;315037 - TOP CECíLIA;;;CAMISA;;;;;PP/P/M/G/GG/EXG/EGG/EEGG;;2024-10-21
321017;11531;VERÃO;;;321017;321017 - TOP CREPE BORDADO;;TOP;FEMININO;EGREY;FEMININO;;;34/36/38/40/42/44/46/48;;2024-10-21
321097;11585;VERÃO;;;321097PRE;321097 - TOP CRISTAL;;;CAMISA;;;;;34 AO 48;;2024-10-21
311017;12175;VERÃO;;;311017OFF;311017 - TOP CROPPED CANELADO;;;CAMISA;;;;;PP/P/M/G/GG/EXG/EGG/EEGG;;2024-10-21
313049;10975;VERÃO;;;313049OFF;313049 - TOP CROPPED COM AMARRAÇÃO;;;CAMISA;;;;;PP/P/M/G/GG/EXG/EGG/EEGG;;2024-10-21
314184;10621;VERÃO;;;314184PRE;314184 - TOP CROPPED DE TRICô;;;CAMISA;;;;;PP/P/M/G/GG/EXG/EGG/EEGG;;2024-10-21
322069;11123;VERÃO;;;322069;322069 - TOP CROPPED JACQUARD;;TOP;FEMININO;EGREY;FEMININO;;;34 AO 48;;2024-10-21
329062;316;INVERNO;;;329062;329062 - TOP DECOTE CAVADO TRICOT;;;;EGREY;;;INDEFINIDO;PP/P/M/G/GG;;2024-10-14
334078;41296;VERÃO;2027;SS27;334078;334078 - TOP DECOTE QUADRADO;;TOP;TOP;EGREY;FEMININO;PROPRIA;;PP/P/M/G/GG;;2026-03-09
100004;21991;PERENE;;;100004;100004 - TOP FAIXA CLÁSSICO;;TOP;TOP;EGREY;FEMININO;PROPRIA;;PP/P/M/G/GG;;2025-10-15
325019;12415;VERÃO;;;325019;325019 - TOP FAIXA LATERAL TAFETÁ;;TOP;FEMININO;EGREY;FEMININO;;;34/36/38/40/42/44/46/48;;2024-10-21
328138;992;VERÃO;2024;SS24;328138;328138 - TOP FAIXA TRICOT;;TOP;FEMININO;EGREY;FEMININO;;;PP/P/M/G/GG;;2024-10-16
315032;10005;VERÃO;;;315032PRE;315032 - TOP FENDAS AMARRAÇÃO;;;CAMISA;;;;;PP/P/M/G/GG/EXG/EGG/EEGG;;2024-10-21
315043;10141;VERÃO;;;315043AZU;315043 - TOP FIRENZE;;;CAMISA;;;;;PP/P/M/G/GG/EXG/EGG/EEGG;;2024-10-21
315020;10148;VERÃO;;;315020OFF;315020 - TOP FIRENZE LISTRAS;;;CAMISA;;;;;PP/P/M/G/GG/EXG/EGG/EEGG;;2024-10-21
322076;11689;VERÃO;;;322076;322076 - TOP FRANJAS TRICOT;;TOP;FEMININO;EGREY;FEMININO;;;PP/P/M/G/GG/EXG/EGG/EEGG;;2024-10-21
338003;41240;INVERNO;2027;AW27;338003;338003 - TOP FRENTE ÚNICA ANEMÔNAS;;TOP;TOP;EGREY;FEMININO;PROPRIA;;34/36/38/40/42/44/46/48;;2026-02-23
326002;12483;INVERNO;;;326002;326002 - TOP FRENTE ÚNICA TRICOT;;TOP;FEMININO;EGREY;FEMININO;;;PP/P/M/G/GG;;2024-10-21
334002;41112;VERÃO;2027;SS27;334002;334002 - TOP FRENTE ÚNICA TRICOT;;TOP;TOP;EGREY;FEMININO;PROPRIA;;PP/P/M/G/GG;;2026-01-13
326032;12465;INVERNO;2019;AW19;326032;326032 - TOP GOLA ALTA CREPE;;TOP;FEMININO;EGREY;FEMININO;;;34/36/38/40/42/44/46/48;;2024-10-21
326031;12467;INVERNO;;;326031;326031 - TOP GOLA ALTA PAETÊ;;TOP;FEMININO;EGREY;FEMININO;;;34/36/38/40/42/44/46/48;;2024-10-21
320107;12813;INDEF - INDEFINIDO;INDEF - INDEFINIDO;;320107;320107 - TOP GONE;;;;EGREY;;;;PP/P/M/G/GG;;2024-10-24
325047;12417;VERÃO;;;325047;325047 - TOP GONE MANGA CURTA;;TOP;FEMININO;EGREY;FEMININO;;;PP/P/M/G/GG;;2024-10-21
322087;11813;VERÃO;;;322087;322087 - TOP GONE REGATA;;TOP;FEMININO;EGREY;FEMININO;;;PP/P/M/G/GG/EXG/EGG/EEGG;;2024-10-21
325048;12418;VERÃO;;;325048;325048 - TOP GONE REGATA;;TOP;FEMININO;EGREY;FEMININO;;;PP/P/M/G/GG;;2024-10-21
315034;10014;VERÃO;;;315034PRE;315034 - TOP LILAC;;;CAMISA;;;;;PP/P/M/G/GG/EXG/EGG/EEGG;;2024-10-21
330073;21437;VERÃO;;;330073;330073 - TOP LISTRAS TRICOT;;TOP;FEMININO;EGREY;FEMININO;;;PP/P/M/G/GG;;2025-04-14
00240;229;VERÃO;2010;SS10;;00240 - TOP METALICO;;;FEMININO;;FEMININO;;;UNICA;;2010-10-26
322054;11785;VERÃO;;;322054;322054 - TOP RASGO;;TOP;FEMININO;EGREY;FEMININO;;;PP/P/M/G/GG/EXG/EGG/EEGG;;2024-10-21
320101;11257;VERÃO;;;320101OFF;320101 - TOP RECORTES TEXTURA TRICOT;;;CAMISA;;;;;PP/P/M/G/GG/EXG/EGG/EEGG;;2024-10-21
330019;21300;VERÃO;;;330019;330019 - TOP REDE TRICOT;;TOP;FEMININO;EGREY;FEMININO;;;PP/P/M/G/GG;;2025-03-12
330081A;21445;VERÃO;;;330081;330081A - TOP REGATA TECNOLÓGICO;;TOP;FEMININO;EGREY;FEMININO;;;PP/P/M/G/GG;;2025-04-14
330081;21628;VERÃO;;;330081;330081 - TOP REGATA TECNOLÓGICO;;TOP;FEMININO;EGREY;FEMININO;;;34/36/38/40/42/44/46/48;;2025-05-27
330104;21523;VERÃO;;;330104;330104 - TOP REGATA TECNOLÓGICO LISTRAS;;TOP;FEMININO;EGREY;FEMININO;;;34/36/38/40/42/44/46/48;;2025-04-23
325013;12305;VERÃO;;;325013;325013 - TOP RENDA;;TOP;FEMININO;EGREY;FEMININO;;;34/36/38/40/42/44/46/48;;2024-10-21
330031;21311;VERÃO;;;330031;330031 - TOP RETO;;TOP;FEMININO;EGREY;FEMININO;;;PP/P/M/G/GG;;2025-03-12
334013;41132;VERÃO;2027;SS27;334013;334013 - TOP SEM ALÇA TRICOT;;TOP;TOP;EGREY;FEMININO;PROPRIA;;PP/P/M/G/GG;;2026-01-29
326101;676;INVERNO;;;326101;326101 - TOP SOFIA;;TOP;FEMININO;EGREY;FEMININO;;;PP/P/M/G/GG;;2024-10-15
313053;9958;VERÃO;;;313053PRE;313053 - TOP SOFIA;;;CAMISA;;;;;PP/P/M/G/GG/EXG/EGG/EEGG;;2024-10-21
315174;10002;VERÃO;;;315174PRE;315174 - TOP SOFIA;;;CAMISA;;;;;PP/P/M/G/GG/EXG/EGG/EEGG;;2024-10-21
320109;11259;VERÃO;;;320109OFF;320109 - TOP SOFIA;;;CAMISA;;;;;PP/P/M/G/GG/EXG/EGG/EEGG;;2024-10-21
317060;506;ATEMPORAL;2024;;317060;317060 - TOP SOFIA AW20;;INTEIROS;VESTIDO;EGREY;FEMININO;;;PP/P/M/G/GG;;2024-10-15
321096;544;ATEMPORAL;2024;;321096;321096 - TOP SOFIA AW22;;TOP;FEMININO;EGREY;FEMININO;;;PP/P/M/G/GG;;2024-10-15
322051;11781;VERÃO;;;322051;322051 - TOP SOFIA LONGO;;TOP;FEMININO;EGREY;FEMININO;;;PP/P/M/G/GG/EXG/EGG/EEGG;;2024-10-21
315036;10044;VERÃO;;;315036AZU;315036 - TOP SOFIA NERVURAS;;;CAMISA;;;;;PP/P/M/G/GG/EXG/EGG/EEGG;;2024-10-21
315086;10140;VERÃO;;;315086OFF;315086 - TOP SOFIA NERVURAS;;;CAMISA;;;;;PP/P/M/G/GG/EXG/EGG/EEGG;;2024-10-21
330018;21299;VERÃO;;;330018;330018 - TOP SOFIA NEW TRICOT;;TOP;FEMININO;EGREY;FEMININO;;;PP/P/M/G/GG;;2025-03-12
325020;572;VERÃO;2024;SS24;325020;325020 - TOP SOFIA SS24;;TOP;FEMININO;EGREY;FEMININO;;;PP/P/M/G/GG;;2024-10-15
334156;41478;VERÃO;2027;SS27;334156;334156 - TOP TIRAS TRICOT;;TOP;TOP;EGREY;FEMININO;PROPRIA;;PP/P/M/G/GG;;2026-04-18
334075;41269;VERÃO;2027;SS27;334075;334075 - TOP TORÇÃO NERVURA TRICOT;;TOP;TOP;EGREY;FEMININO;PROPRIA;;PP/P/M/G/GG;;2026-02-25
319082;11147;VERÃO;;;319082MIL;319082 - TOP TRICOT;;;CAMISA;;;;;PP/P/M/G/GG/EXG/EGG/EEGG;;2024-10-21
330074;21438;VERÃO;;;330074;330074 - TOP TRICOT;;TOP;FEMININO;EGREY;FEMININO;;;PP/P/M/G/GG;;2025-04-14
325084;12383;VERÃO;;;325084;325084 - TOP TRICOT CAVADO;;TOP;FEMININO;EGREY;FEMININO;;;PP/P/M/G/GG;;2024-10-21
319042;11081;VERÃO;;;319042OFF;319042 - TOP TRICOT DECOTE OVAL;;;CAMISA;;;;;PP/P/M/G/GG/EXG/EGG/EEGG;;2024-10-21
319041;11077;VERÃO;;;319041OFF;319041 - TOP TRICOT DECOTE PROFUNDO;;;CAMISA;;;;;PP/P/M/G/GG/EXG/EGG/EEGG;;2024-10-21
320028;11261;VERÃO;;;320028PRE;320028 - TOP TRICOT DECOTE V;;;CAMISA;;;;;PP/P/M/G/GG/EXG/EGG/EEGG;;2024-10-21
324022;12219;INVERNO;;;324022;324022 - TOP TRICOT FRANJAS;;TOP;FEMININO;EGREY;FEMININO;;;PP/P/M/G/GG;;2024-10-21
322104;11858;VERÃO;;;322104;322104 - TOP TRICOT FRENTE ÚNICA;;TOP;FEMININO;EGREY;FEMININO;;;PP/P/M/G/GG/EXG/EGG/EEGG;;2024-10-21
320108;11415;VERÃO;;;320108LAR;320108 - TOP TRICOT MULTICOLOR;;;CAMISA;;;;;PP/P/M/G/GG/EXG/EGG/EEGG;;2024-10-21
323026;12065;INVERNO;;;323026;323026 - TOP TRICOT PESPONTOS;;TOP;FEMININO;EGREY;FEMININO;;;PP/P/M/G/GG/EXG/EGG/EEGG;;2024-10-21
323052;12101;INVERNO;;;323052;323052 - TOP TRICOT QUADRADO;;TOP;FEMININO;EGREY;FEMININO;;;PP/P/M/G/GG/EXG/EGG/EEGG;;2024-10-21
322049;11777;VERÃO;;;322049;322049 - TOP V TRICOT;;TOP;FEMININO;EGREY;FEMININO;;;PP/P/M/G/GG/EXG/EGG/EEGG;;2024-10-21
315173;10144;VERÃO;;;315173OFF;315173 - TOP VICTORIA;;;CAMISA;;;;;PP/P/M/G/GG/EXG/EGG/EEGG;;2024-10-21
327025;12831;VERÃO;;;327025;327025 - TOTE BAG COURO;;ACESSÓRIOS;UNISSEX;EGREY;UNISSEX;;;UNICA;;2024-10-25
318034;10909;VERÃO;;;318034MAR;318034 - TRENCH COAT;;;CAMISA;;;;;34 AO 48;;2024-10-21
314110;10463;VERÃO;;;314110PRE;314110 - TRENCH COAT LIV;;;CAMISA;;;;;34 AO 48;;2024-10-21
317132;11005;VERÃO;;;317132MAR;317132 - TRENCH COAT SARJA;;;CAMISA;;;;;34 AO 48;;2024-10-21
332225;41500;INVERNO;2027;AW27;332225;332225 - TRENCH COURO;;OUTERWEAR;TRENCH COAT;EGREY;FEMININO;PROPRIA;;34/36/38/40/42/44/46/48;;2026-04-21
00173;155;INVERNO;2011;AW11;MM11N04SR270;00173 - TRICO GOLA CONSTRASTE LISTRADO;;;;;;;;PP/P/M/G/GG;;2010-09-27
00171;151;INVERNO;2011;AW11;MM11U04SR271;00171 - TRICO GOLA DIF. E LISTRA MANGA;;;;;;;;PP/P/M/G/GG;;2010-09-27
00176;161;INVERNO;2011;AW11;MM11U04SR268;00176 - TRICO GOLA V LISTRADO;;;;MANDI;;;;PP/P/M/G/GG;;2010-09-27
00175;159;INVERNO;2011;AW11;MM11N04SR269;00175 - TRICO GOLA V LOSANGO;;;;MANDI;;;;GRADE P M GG;;2010-09-27
00264;259;INVERNO;;;;00264 - TRICO TRANÇADO BLOCK;;TOP;TOP;BRITISH COLONY;MASCULINO;;;PP/P/M/G/GG;;2010-11-19
0007102;1413;VERÃO;;;0007102;0007102 - TRICOT BALA BROKE;;TOP;TOP;BALASARAE;MASCULINO;;;PP/P/M/G/GG;;2012-05-04
0007101;1411;VERÃO;;;0007101;0007101 - TRICOT BALA FLUTE;;TOP;TOP;BALASARAE;MASCULINO;;;PP/P/M/G/GG;;2012-05-04
0007103;1415;VERÃO;;;0007103;0007103 - TRICOT BALA SAILOR;;;MASCULINO;BALASARAE;MASCULINO;;;PP/P/M/G/GG;;2012-05-04
BY00002;465;INVERNO;;;;BY00002 - TRICOT BLOCK TEXTURAS;;TOP;TOP;BRITISH COLONY;FEMININO;;;GRADE P M GG;;2011-02-18
PJE0113-1037-004;1773;INVERNO;;;PJE0113-1037-004;PJE0113-1037-004 - TRICOT CAPUZ;;;MASCULINO;PRETORIAN;MASCULINO;;;PP/P/M/G/GG;;2012-09-26
-00233;215;INVERNO;2011;AW11;90969;-00233 - TRICOT CAPUZ LISTRA LOCALIZADA;;;;MANDI;;;;GRADE P M GG;;2010-10-21
0006852;1407;VERÃO;;;0006852;0006852 - TRICOT CARDIGAN LISTRA DUB;;OUTERWEAR;CARDIGAN;RESERVA;MASCULINO;;;PP/P/M/G/GG;;2012-05-04
00055;82;VERÃO;2010;SS10;00929;00055 - TRICOT CARDIGAN NAVY;;;;BRITISH COLONY;;;;4;;2010-06-10
00056;84;VERÃO;2010;SS10;00935;00056 - TRICOT CARDIGAN NAVY TIE DIE;;;;BRITISH COLONY;;;;4;;2010-06-10
PJE0113-1037-006;1775;INVERNO;;;PJE0113-1037-006;PJE0113-1037-006 - TRICOT COM BOTÕES E CAPUZ;;TOP;TOP;PRETORIAN;MASCULINO;;;PP/P/M/G/GG;;2012-09-26
LP0001;995;INVERNO;;;LP0001;LP0001 - TRICOT COM PASSANTE EM COURO E FAIXA;;TOP;TOP;THELURE;FEMININO;;;PP/P/M/G/GG;;2011-10-24
TR 001;1349;INVERNO;;;TR 001;TR 001 - TRICOT DECOTE E GOLA;;;FEMININO;RAQUEL MATTAR;FEMININO;;;GRADE P M GG;;2012-02-15
TR 003;1351;INVERNO;;;TR 003;TR 003 - TRICOT FRENTE BORDADA;;TOP;TOP;RAQUEL MATTAR;FEMININO;;;GRADE P M GG;;2012-02-15
TR- V13-008;1707;VERÃO;;;TR- V13-008;TR- V13-008 - TRICOT FURINHO;;TOP;TOP;RAQUEL MATTAR;FEMININO;;;GRADE P M GG;;2012-08-27
AM0004;21247;INDEF - INDEFINIDO;INDEF - INDEFINIDO;;AM0004;AM0004 - TRICOT GOLA ALTA;;;;ANGELA MOTTA;;;;PP/P/M/G/GG;;2025-02-27
00195;169;INVERNO;2011;AW11;10;00195 - TRICOT GOLA CARECA LOSANGO MANGAS;;;;MANDI;;;;GRADE P M GG;;2010-09-29
00224;205;INVERNO;2011;AW11;11N04SR270;00224 - TRICOT GOLA CONTRASTE LISTRADO;;;;MANDI;;;;GRADE P M GG;;2010-10-14
00223;203;INVERNO;2011;AW11;11U04SR271;00223 - TRICOT GOLA DIF E LISTRA MANGA;;;;MANDI;;;;GRADE P M GG;;2010-10-14
00234;217;;2010;;89408;00234 - TRICOT GOLA V LISTRADO;;;;MANDI;;;;GRADE P M GG;;2010-10-21
TR 0034;1613;VERÃO;;;TR 0034;TR 0034 - TRICOT HARPA;;TOP;TOP;KORDA;MASCULINO;;;GRADE P M GG;;2012-06-13
TR 0035;1615;VERÃO;;;TR 0035;TR 0035 - TRICOT HELGA;;TOP;TOP;KORDA;MASCULINO;;;GRADE P M GG;;2012-06-13
0006853;1409;VERÃO;;;0006853;0006853 - TRICOT HOODIE LISTRA DUB;;TOP;TOP;RESERVA;MASCULINO;;;PP/P/M/G/GG;;2012-05-04
TR 004;1345;INVERNO;;;TR 004;TR 004 - TRICOT LARGUINHO;;TOP;TOP;RAQUEL MATTAR;FEMININO;;;GRADE P M GG;;2012-02-15
70033;1391;VERÃO;;;70033;70033 - TRICOT LUREX;;TOP;TOP;RICHARDS;FEMININO;;;1 AO 5;;2012-04-23
TR-V13-001;1703;VERÃO;;;TR-V13-001;TR-V13-001 - TRICOT MANGA RENDA;;TOP;TOP;RAQUEL MATTAR;FEMININO;;;GRADE P M GG;;2012-08-10
15.01.0709;1013;INVERNO;;;15.01.0709;15.01.0709 - TRICOT MAXI PUNHO;;TOP;TOP;ANIMALE;FEMININO;;;PP/P/M/G/GG;;2011-10-25
15.01.0708;1015;INVERNO;;;15.01.0708;15.01.0708 - TRICOT METALIZADO VAZADO;;TOP;TOP;ANIMALE;FEMININO;;;PP/P/M/G/GG;;2011-10-25
LT0003;1045;INVERNO;;;LT0003;LT0003 - TRICOT MIA;;TOP;TOP;LEFT;FEMININO;;;PP/P/M/G/GG;;2011-10-27
0000665;1063;INVERNO;;;0000665;0000665 - TRICOT MINI RAGLAN TINTO MANGAS LISTRADA;;TOP;TOP;RESERVA;MASCULINO;;;18M AO 14A;;2011-11-16
00164;135;INVERNO;2010;AW10;2144;00164 - TRICOT MOLETOM CAPUZ;;OUTERWEAR;CARDIGAN;RESERVA;MASCULINO;;;PP/P/M/G/GG;FIAÇÃO FIDES LTDA.;2010-09-14
15047LI12;1313;INVERNO;;;15047LI12;15047LI12 - TRICOT NEW;;;;LENNY;;;;GRADE P M GG;;2012-02-09
15.01.0727;1389;VERÃO;;;15.01.0727;15.01.0727 - TRICOT PONTO RENDA;;TOP;TOP;ANIMALE;FEMININO;;;GRADE P M GG;;2012-04-18
TR-V13- 001;1713;VERÃO;;;TR-V13- 001;TR-V13- 001 - TRICOT PONTOS DE FLOR;;TOP;TOP;RAQUEL MATTAR;FEMININO;;;PP/P/M/G/GG;;2012-08-30
0006849;1401;VERÃO;;;0006849;0006849 - TRICOT RAGLAN LISTRADO ELETRO;;TOP;TOP;RESERVA;MASCULINO;;;PP/P/M/G/GG;;2012-05-04
0000613;1029;INVERNO;;;0000613;0000613 - TRICOT RAGLAN LISTRADO KINKS;;TOP;TOP;RESERVA;MASCULINO;;;PP/P/M/G/GG;;2011-10-27
0000614;1023;INVERNO;;;0000614;0000614 - TRICOT RAGLAN TINTO MANGAS LISTRADO BE COOL;;TOP;TOP;RESERVA;MASCULINO;;;PP/P/M/G/GG;;2011-10-27
TR 0030;1619;VERÃO;;;TR 0030;TR 0030 - TRICOT STRIKE;;TOP;TOP;KORDA;MASCULINO;;;GRADE P M GG;;2012-06-13
70037;1393;VERÃO;;;70037;70037 - TRICOT TEIA;;TOP;TOP;RICHARDS;FEMININO;;;1 AO 5;;2012-04-23
JL090;21379;INDEF - INDEFINIDO;INDEF - INDEFINIDO;;JL090;JL090 - TRICOT TOP CASAQUINHO;;;;JULIANA LENZ;;;;PP/P/M/G/GG;;2025-03-26
JL066;21232;INDEF - INDEFINIDO;INDEF - INDEFINIDO;;JL066;JL066 - TRICOT TOP MAXI;;TOP;FEMININO;JULIANA LENZ;FEMININO;;;PP/P/M/G/GG;;2025-02-18
00172;153;INVERNO;2011;AW11;MM11U04SR272;00172 - TRICOT TRANÇADO GOLA V;;;;;;;;GRADE P M GG;;2010-09-27
MM14J04SR363;507;VERÃO;2011;SS11;;MM14J04SR363 - TRICOT TYE DYE;;TOP;TOP;MANDI;MASCULINO;;;PP/P/M/G/GG;;2011-04-11
00262;253;INVERNO;;;;00262 - TRICOT V ESPINHA DE PEIXE;;TOP;TOP;BRITISH COLONY;MASCULINO;;;GRADE P M GG;;2010-11-08
00054;80;VERÃO;2010;SS10;00928;00054 - TRICOT V LIGHT;;;;BRITISH COLONY;;;;4;;2010-06-10
217020;21279;VERÃO;;;217020;217020 - TSHIRT CLASSIC;;TOP;MASCULINO;EGREY;MASCULINO;;;PP/P/M/G/GG/EXG/EGG/EEGG;;2025-03-12
330028;21308;VERÃO;;;330028;330028 - TSHIRT CLASSIC;;TOP;FEMININO;EGREY;FEMININO;;;PP/P/M/G/GG;;2025-03-12
328119;12669;VERÃO;;;328119;328119 - TSHIRT DESTROYED PIMA;;TOP;;EGREY;;;;PP/P/M/G/GG/EXG/EGG/EEGG;;2024-10-21
314183;12801;INDEF - INDEFINIDO;INDEF - INDEFINIDO;;314183;314183 - TSHIRT DRICA DECOTE CARECA;;;;EGREY;;;;PP/P/M/G/GG;;2024-10-24
314185;12827;INDEF - INDEFINIDO;INDEF - INDEFINIDO;;314185;314185 - TSHIRT DRICA DECOTE V;;;;EGREY;;;;PP/P/M/G/GG;;2024-10-24
322002;11623;VERÃO;;;322002;322002 - TSHIRT ISABELLA;;TOP;FEMININO;EGREY;FEMININO;;;PP/P/M/G/GG/EXG/EGG/EEGG;;2024-10-21
322000;546;INVERNO;;;322000;322000 - TSHIRT MANGA 3/4;;TOP;FEMININO;EGREY;FEMININO;;;PP/P/M/G/GG;;2024-10-15
217019;21278;INVERNO;2026;AW26;217019;217019 - TSHIRT OVERSIZED NEW MEN;;TOP;CAMISETA;EGREY;MASCULINO;PROPRIA;;PP/P/M/G/GG/EXG/EGG/EEGG;;2025-03-12
120009;22078;PERENE;;;;120009 - TSHIRT OVERSIZED NEW MEN;;TOP;CAMISETA;EGREY;MASCULINO;PROPRIA;;PP/P/M/G/GG;;2025-10-22
322001;201;INVERNO;;;322001;322001 - TSHIRT OVERSIZED WOMEN;;TOP;FEMININO;EGREY;FEMININO;;;PP/P/M/G/GG/EXG/EGG/EEGG;;2024-10-14
215033;21104;VERÃO;;;215033;215033 - TSHIRT PESPONTO PIMA;;TOP;MASCULINO;EGREY;MASCULINO;;;PP/P/M/G/GG;;2024-11-29
210000;11621;VERÃO;;;210000;210000 - TSHIRT RAGLAN BICOLOR;;TOP;MASCULINO;EGREY;MASCULINO;;;PP/P/M/G/GG/EXG/EGG/EEGG;;2024-10-21
332100;22050;INVERNO;2026;AW26;332100;332100 - TSHIRT SPORT;;TOP;CAMISETA;EGREY;FEMININO;PROPRIA;;PP/P/M/G/GG;;2025-10-17
219054;21855;INVERNO;2026;AW26;219054;219054 - TSHIRT THIN COLLAR MEN PIMA;;TOP;CAMISETA;EGREY;MASCULINO;PROPRIA;;PP/P/M/G/GG;;2025-09-19
332033;21878;INVERNO;2026;AW26;332033;332033 - TSHIRT THIN COLLAR WOMEN;;TOP;CAMISETA;EGREY;FEMININO;PROPRIA;;PP/P/M/G/GG;;2025-09-22
AP0002;21234;INDEF - INDEFINIDO;INDEF - INDEFINIDO;;AP0002;AP0002 - TUNICA (CONJUNTO);;;;APARATTO;;;;PP/P/M/G/GG;;2025-02-19
328094;13027;VERÃO;;;328094;328094 - TUNICA C/ MANGA TRICOT LUREX;;TUNICA;;EGREY;;;;PP/P/M/G/GG;;2024-11-11
313122;10771;VERÃO;;;313122;313122 - TUNICA EYES;;;CAMISA;;;;;34/36/38/40/42/44/46/48;;2024-10-21
328120;788;VERÃO;2024;SS24;328120;328120 - TUNICA GOLA V TRICOT;;TOP;FEMININO;EGREY;FEMININO;;;PP/P/M/G/GG;;2024-10-15
VERVE05;1579;INVERNO;;;VERVE;VERVE05 - TUNICA GOLÃO;;TOP;TOP;VERVE;FEMININO;;;UNICA;;2012-05-11
317125;10444;VERÃO;;;317125;317125 - TUNICA LILI;;;CAMISA;;;;;34/36/38/40/42/44/46/48;;2024-10-21
328093;262;VERÃO;2024;SS24;328093;328093 - TUNICA REGATA TRICOT;;TOP;FEMININO;EGREY;FEMININO;;INDEFINIDO;PP/P/M/G/GG;;2024-10-14
328069;13021;VERÃO;;;328069;328069 - TUNICA REGATA TRICOT LUREX;;;;EGREY;;;;PP/P/M/G/GG;;2024-11-08
313133;10777;VERÃO;;;313133;313133 - TUNICA TECNOLOGICA;;;CAMISA;;;;;34/36/38/40/42/44/46/48;;2024-10-21
313134;10779;VERÃO;;;313134;313134 - TUNICA TECNOLOGICA LISTRADA;;;CAMISA;;;;;34/36/38/40/42/44/46/48;;2024-10-21
314000;10477;VERÃO;;;314000AZU;314000 - TURTLE NECK CASHMERE BOTõES;;;CAMISA;;;;;PP/P/M/G/GG/EXG/EGG/EEGG;;2024-10-21
317068;11187;VERÃO;;;317068UVA;317068 - TURTLE NECK CASHMERE BOTõES;;;CAMISA;;;;;PP/P/M/G/GG/EXG/EGG/EEGG;;2024-10-21
329111;21634;INVERNO;;;329111;329111 - TWINSET UNI TRICOT;;TOP;FEMININO;EGREY;FEMININO;;;PP/P/M/G/GG;;2025-05-28
205066;10479;VERÃO;;;205066MAR;205066 - TÊNIS ARAGANA;;;CAMISA;;;;;34 AO 48;;2024-10-21
219063;21865;INVERNO;2026;AW26;219063;219063 - TÊNIS CAMURÇA;;CALÇADOS;TENIS;EGREY;MASCULINO;PROPRIA;;33/34/35/36/37/38/39/40/4;;2025-09-19
204071;10077;VERÃO;;;204071RAT;204071 - TÊNIS COURO;;;CAMISA;;;;;34 AO 48;;2024-10-21
217047;21478;VERÃO;;;217047;217047 - TÊNIS DE COURO;;SAPATOS;MASCULINO;EGREY;MASCULINO;;;33/34/35/36/37/38/39/40/4;;2025-04-14
211019;12015;VERÃO;;;211019;211019 - TÊNIS SARJA;;SAPATOS;MASCULINO;EGREY;MASCULINO;;;39/40/41/42/43/44/45;;2024-10-21
219064;21866;INVERNO;2026;AW26;219064;219064 - TÊNIS SPORT;;CALÇADOS;TENIS;EGREY;MASCULINO;PROPRIA;;33/34/35/36/37/38/39/40/4;;2025-09-19
332110;22036;INVERNO;2026;AW26;332110;332110 - TÊNIS SPORT;;CALÇADOS;TENIS;EGREY;FEMININO;PROPRIA;;33/34/35/36/37/38/39/40/4;;2025-10-17
219065;21867;INVERNO;2026;AW26;219065;219065 - TÊNIS SPORT COURO;;CALÇADOS;TENIS;EGREY;MASCULINO;PROPRIA;;33/34/35/36/37/38/39/40/4;;2025-09-19
315005;10245;VERÃO;;;315005AZU;315005 - TÚNICA JOLIE;;;CAMISA;;;;;PP/P/M/G/GG/EXG/EGG/EEGG;;2024-10-21
328024;12615;VERÃO;;;328024;328024 - TÚNICA LINHO LISTRAS;;INTEIROS;VESTIDO;EGREY;FEMININO;;;34/36/38/40/42/44/46/48;;2024-10-21
334114;41403;VERÃO;2027;SS27;334114;334114 - TÚNICA ML CANELADA TRICOT;;TOP;CAMISETA;EGREY;FEMININO;PROPRIA;;PP/P/M/G/GG;;2026-03-31
334145;41485;VERÃO;2027;SS27;334145;334145 - TÚNICA ML LISTRAS TRICOT;;TUNICA;;;FEMININO;PROPRIA;;PP/P/M/G/GG;;2026-04-18
334133;41467;VERÃO;2027;SS27;334133;334133 - TÚNICA TRICOT;;TUNICA;;;FEMININO;;;PP/P/M/G/GG;;2026-04-14
326008;12497;INVERNO;;;326008;326008 - TÚNICA TRICOT CANELADA;;INTEIROS;VESTIDO;EGREY;FEMININO;;;PP/P/M/G/GG;;2024-10-21
329101;12719;INVERNO;;;329101;329101 - TÚNICA TRICOT MANGA 3/4;;TOP;FEMININO;EGREY;FEMININO;;;PP/P/M/G/GG;;2024-10-23
334074;41267;VERÃO;2027;SS27;334074;334074 - TÚNICA VICHY TRICOT;;TUNICA;;EGREY;FEMININO;PROPRIA;;PP/P/M/G/GG;;2026-02-25
315105;10074;VERÃO;;;315105OFF;315105 - TúNICA JOLIE;;;CAMISA;;;;;PP/P/M/G/GG/EXG/EGG/EEGG;;2024-10-21
315207;10070;VERÃO;;;315207VER;315207 - TúNICA LONGA AMBER;;;CAMISA;;;;;34 AO 48;;2024-10-21
311057;12177;VERÃO;;;311057PRE;311057 - TúNICA ORIGAMI;;;CAMISA;;;;;34 AO 48;;2024-10-21
314001;500;ATEMPORAL;2024;;314001;314001 - V NECK CASHMERE;;INTEIROS;VESTIDO;EGREY;FEMININO;;;PP/P/M/G/GG;;2024-10-15
239083;41572;VERÃO;2027;SS27;239083;239083 - V NECK PIMA MEN;;TOP;CAMISETA;EGREY;MASCULINO;PROPRIA;;34/36/38/40/42/44/46/48;;2026-06-23
317102;510;ATEMPORAL;2024;;317102;317102 - V NECK T SHIRT;;TOP;FEMININO;EGREY;FEMININO;;;PP/P/M/G/GG;;2024-10-15
320059;524;ATEMPORAL;2024;;320059;320059 - V NECK T SHIRT;;TOP;FEMININO;EGREY;FEMININO;;;PP/P/M/G/GG;;2024-10-15
000958;1433;INDEF - INDEFINIDO;;;;000958 - VALOR COMPLEMENTAR A NF-E DE Nº 515 DE 15/02/2012 REFERENTE A VARIAÇÃO CAMBIAL-EXP 1120-CRY-JAPÃO;;;;;;;;UNICA;;2012-05-08
15.18.0172;1221;INVERNO;;;15.18.0172;15.18.0172 - VE WATERFALL;;INTEIROS;VESTIDO;BOBÔ;FEMININO;;;GRADE P M GG;;2012-01-09
600004;12851;INDEF - INDEFINIDO;INDEF - INDEFINIDO;;600004;600004 - VELA BLACK CHAMOMILE;;;;MONOCHROMA;;;;UNICA;;2024-10-28
600003;12850;;;;600003;600003 - VELA BLACK FIG;;;;MONOCHROMA;;;;UNICA;;2024-10-28
600005;12853;INDEF - INDEFINIDO;INDEF - INDEFINIDO;;600005;600005 - VELA BLACK LAVENDER;;ACESSÓRIOS;;MONOCHROMA;HOME;CONSIGNADO;;UNICA;;2024-10-28
600001;12847;INDEF - INDEFINIDO;INDEF - INDEFINIDO;;600001;600001 - VELA WHITE CITRUS;;;;MONOCHROMA;;;;UNICA;;2024-10-28
600002;12849;VERÃO;INDEF - INDEFINIDO;;600002;600002 - VELA WHITE CLERICOT;;ACESSÓRIOS;;MONOCHROMA;HOME;CONSIGNADO;;UNICA;;2024-10-28
600000;12845;INDEF - INDEFINIDO;INDEF - INDEFINIDO;;600000;600000 - VELA WHITE SAND & SALT;;;;MONOCHROMA;;;;UNICA;;2024-10-28
001;12605;VERÃO;;;;001 - VESTIDO;;TOP;FEMININO;EGREY;FEMININO;;;34 AO 48;;2024-10-21
AP0005;21237;INDEF - INDEFINIDO;INDEF - INDEFINIDO;;AP0005;AP0005 - VESTIDO;;;;APARATTO;;;;PP/P/M/G/GG;;2025-02-19
BL001;21395;INDEF - INDEFINIDO;INDEF - INDEFINIDO;;BL001;BL001 - VESTIDO;;;;BETINA DE LUCCA;;;;PP/P/M/G/GG;;2025-04-04
007;21642;VERÃO;;;;007 - VESTIDO;;TOP;FEMININO;EGREY;FEMININO;;;UNICA;;2025-05-30
334134;41459;VERÃO;2027;SS27;334134;334134 - VESTIDO  DETALHE PAETÊ;;INTEIROS;VESTIDO;EGREY;FEMININO;PROPRIA;;34/36/38/40/42/44/46/48;;2026-04-14
334067;41235;VERÃO;2027;SS27;334067;334067 - VESTIDO  FLOR;;INTEIROS;VESTIDO;EGREY;FEMININO;PROPRIA;;34/36/38/40/42/44/46/48;;2026-02-20
00302;351;INVERNO;;;;00302 - VESTIDO 1 OMBRO LUREX;;INTEIROS;VESTIDO;LEELOO;FEMININO;;;GRADE P M GG;;2011-01-04
EY0016;387;INVERNO;;;;EY0016 - VESTIDO 60;;INTEIROS;VESTIDO;;FEMININO;;;GRADE P M GG;MINAS LÃ COMÉRCIO DE FIOS LTDA.;2011-01-13
328047;754;VERÃO;2024;SS24;328047;328047 - VESTIDO AJUSTE QUADRIL;;INTEIROS;VESTIDO;EGREY;FEMININO;;;34/36/38/40/42/44/46/48;;2024-10-15
301002;1419;VERÃO;;;;301002 - VESTIDO ALAN;;INTEIROS;VESTIDO;;FEMININO;;;PP/P/M/G/GG;BONDUKI LINHAS. FIOS E CONF. LTDA.;2012-05-08
336008;41109;VERÃO;2027;SS27;336008;336008 - VESTIDO ALCINHA CETIM SEDA MAY;;INTEIROS;VESTIDO;EGREY;FEMININO;PROPRIA;;34/36/38/40/42/44/46/48;;2026-01-13
313001;10698;VERÃO;;;313001;313001 - VESTIDO ALCINHA TRANÇADO;;;CAMISA;;;;;PP/P/M/G/GG/EXG/EGG/EEGG;;2024-10-21
314177;9844;VERÃO;;;314177AZP;314177 - VESTIDO ALDA;;;CAMISA;;;;;34 AO 48;;2024-10-21
332224;22126;INVERNO;2026;AW26;332224;332224 - VESTIDO ALEXANDRA GOLA ALTA LÃ TRICOT;;INTEIROS;VESTIDO;EGREY;FEMININO;PROPRIA;;PP/P/M/G/GG;;2025-11-06
332221;22125;INVERNO;2026;AW26;332221;332221 - VESTIDO ALEXANDRA GOLA ALTA TRICOT;;INTEIROS;VESTIDO;EGREY;FEMININO;PROPRIA;;PP/P/M/G/GG;;2025-11-05
330053;21334;VERÃO;;;330053;330053 - VESTIDO ALEXANDRA TRICOT;;INTEIROS;VESTIDO;EGREY;FEMININO;;;PP/P/M/G/GG;;2025-03-13
BOBO001;1205;INVERNO;;;BOBO001;BOBO001 - VESTIDO ALÇA;;INTEIROS;VESTIDO;BOBÔ;FEMININO;;;PP/P/M/G/GG;;2011-12-23
318040;10919;VERÃO;;;318040OFF;318040 - VESTIDO ALÇAS;;;CAMISA;;;;;34 AO 48;;2024-10-21
320055;11381;VERÃO;;;320055BEG;320055 - VESTIDO ALÇAS;;;CAMISA;;;;;34 AO 48;;2024-10-21
323030;12133;INVERNO;;;323030;323030 - VESTIDO ALÇAS LUREX;;INTEIROS;VESTIDO;EGREY;FEMININO;;;34/36/38/40/42/44/46/48;;2024-10-21
318041;10905;VERÃO;;;318041VER;318041 - VESTIDO ALÇAS SEDA;;;CAMISA;;;;;34 AO 48;;2024-10-21
328010;736;VERÃO;2024;SS24;328010;328010 - VESTIDO AMARRAÇÃO TECNOLÓGICO;;INTEIROS;VESTIDO;EGREY;FEMININO;;;34/36/38/40/42/44/46/48;;2024-10-15
330049;21329;VERÃO;;;330049;330049 - VESTIDO AMPLO PREGAS;;INTEIROS;VESTIDO;EGREY;FEMININO;;;34/36/38/40/42/44/46/48;;2025-03-13
310032;12178;VERÃO;;;310032OFF;310032 - VESTIDO AMSTERDÃ;;;CAMISA;;;;;PP/P/M/G/GG/EXG/EGG/EEGG;;2024-10-21
315012;10118;VERÃO;;;315012OFF;315012 - VESTIDO AMY;;;CAMISA;;;;;PP/P/M/G/GG/EXG/EGG/EEGG;;2024-10-21
314198;10575;VERÃO;;;314198PRE;314198 - VESTIDO ANGELA JERSEY;;;CAMISA;;;;;34 AO 48;;2024-10-21
314134;9834;VERÃO;;;314134VIN;314134 - VESTIDO ASSIMETRICO DOTS;;;CAMISA;;;;;34 AO 48;;2024-10-21
314126;10822;VERÃO;;;314126PRE;314126 - VESTIDO ASSIMETRICO ENVELOPE;;;CAMISA;;;;;34 AO 48;;2024-10-21
315136;10012;VERÃO;;;315136PRE;315136 - VESTIDO ASSIMÉTRICO VAZADO;;;CAMISA;;;;;34 AO 48;;2024-10-21
46.1330;1645;VERÃO;;;46.1330;46.1330 - VESTIDO ATENAS BASIC;;INTEIROS;VESTIDO;THELURE;FEMININO;;;PP/P/M/G/GG;;2012-07-13
46.1329;1647;VERÃO;;;46.1329;46.1329 - VESTIDO ATENAS COSTAS;;INTEIROS;VESTIDO;THELURE;FEMININO;;;PP/P/M/G/GG;;2012-07-13
328101;21116;VERÃO;;;328101;328101 - VESTIDO ATOALHADO;;INTEIROS;VESTIDO;EGREY;FEMININO;;;PP/P/M/G/GG;;2024-12-05
00437;551;VERÃO;2011;SS11;;00437 - VESTIDO BABADO SEDA;;INTEIROS;VESTIDO;THELURE;FEMININO;;;PP/P/M/G/GG;;2011-04-26
318001;10944;VERÃO;;;318001PRE;318001 - VESTIDO BABADO TRICô;;;CAMISA;;;;;PP/P/M/G/GG/EXG/EGG/EEGG;;2024-10-21
TE000028;529;VERÃO;2011;SS11;;TE000028 - VESTIDO BASICO PAINEL;;INTEIROS;VESTIDO;THELURE;FEMININO;;;PP/P/M/G/GG;;2011-04-26
322045;11775;VERÃO;;;322045;322045 - VESTIDO BASQUE TRICOT;;INTEIROS;VESTIDO;EGREY;FEMININO;;;PP/P/M/G/GG/EXG/EGG/EEGG;;2024-10-21
328128;798;VERÃO;2024;SS24;328128;328128 - VESTIDO BERLIM;;INTEIROS;VESTIDO;EGREY;FEMININO;;;PP/P/M/G/GG;;2024-10-15
315220;10136;VERÃO;;;315220OFF;315220 - VESTIDO BERLIM;;;CAMISA;;;;;PP/P/M/G/GG/EXG/EGG/EEGG;;2024-10-21
100008;21995;PERENE;;;100008;100008 - VESTIDO BERLIM CLÁSSICO;;INTEIROS;VESTIDO;EGREY;FEMININO;PROPRIA;;PP/P/M/G/GG;;2025-10-15
315008;10054;VERÃO;;;315008MAR;315008 - VESTIDO BERLIM JACQUARD;;;CAMISA;;;;;PP/P/M/G/GG/EXG/EGG/EEGG;;2024-10-21
317070;10873;VERÃO;;;317070LIS;317070 - VESTIDO BERLIM LISTRADO;;;CAMISA;;;;;PP/P/M/G/GG/EXG/EGG/EEGG;;2024-10-21
334039;41204;VERÃO;2027;SS27;334039;334039 - VESTIDO BERLIM LISTRAS TRICOT;;INTEIROS;VESTIDO;EGREY;FEMININO;PROPRIA;;PP/P/M/G/GG;;2026-02-18
330103;21518;VERÃO;2027;SS27;330103;330103 - VESTIDO BERLIM NEW;;INTEIROS;VESTIDO;EGREY;FEMININO;;;PP/P/M/G/GG;;2025-04-21
EY0015;385;INVERNO;;;;EY0015 - VESTIDO BICOLOR;;INTEIROS;VESTIDO;;FEMININO;;;GRADE P M GG;MINAS LÃ COMÉRCIO DE FIOS LTDA.;2011-01-13
301026;1469;VERÃO;;;;301026 - VESTIDO BIRKIN;;INTEIROS;VESTIDO;;FEMININO;;;PP/P/M/G/GG;BONDUKI LINHAS. FIOS E CONF. LTDA.;2012-05-10
301064;1545;VERÃO;;;;301064 - VESTIDO BLEU;;INTEIROS;VESTIDO;;FEMININO;;;PP/P/M/G/GG;MINAS LÃ COMÉRCIO DE FIOS LTDA.;2012-05-10
313175;12179;VERÃO;;;313175PRE;313175 - VESTIDO BLOCK;;;CAMISA;;;;;34 AO 48;;2024-10-21
332076;21903;INVERNO;2026;AW26;332076;332076 - VESTIDO BONECA TRICOT;;INTEIROS;VESTIDO;EGREY;FEMININO;PROPRIA;;PP/P/M/G/GG;;2025-10-03
332078;21906;INVERNO;2026;AW26;332078;332078 - VESTIDO BORDADO TRICOT;;INTEIROS;VESTIDO;EGREY;FEMININO;PROPRIA;;PP/P/M/G/GG;;2025-10-06
00197;173;INVERNO;;;;00197 - VESTIDO BÁSICO COM LUREX;;INTEIROS;VESTIDO;THELURE;;;;PP/P/M/G/GG;;2010-09-30
312232;10691;VERÃO;;;312232;312232 - VESTIDO CAMADAS MINI;;;CAMISA;;;;;34/36/38/40/42/44/46/48;;2024-10-21
301070;1557;VERÃO;;;;301070 - VESTIDO CAPE;;INTEIROS;VESTIDO;;FEMININO;;;PP/P/M/G/GG;BONDUKI LINHAS. FIOS E CONF. LTDA.;2012-05-10
328008ERR;12712;VERÃO;;;328008;328008ERR - VESTIDO CAPUZ TECNOLÓGICO;;TOP;FEMININO;EGREY;FEMININO;;;UNICA;;2024-10-23
328008;12715;VERÃO;;;328008;328008 - VESTIDO CAPUZ TECNOLÓGICO;;TOP;FEMININO;EGREY;FEMININO;;;34/36/38/40/42/44/46/48;;2024-10-23
325031;12325;VERÃO;;;325031;325031 - VESTIDO CAPUZ TECNOLÓGICO;;INTEIROS;VESTIDO;EGREY;FEMININO;;;PP/P/M/G/GG;;2024-10-21
328009;12607;VERÃO;;;328009;328009 - VESTIDO CAPUZ TECNOLÓGICO TIE-DYE;;INTEIROS;VESTIDO;EGREY;FEMININO;;;34/36/38/40/42/44/46/48;;2024-10-21
TE000008;523;VERÃO;2011;SS11;;TE000008 - VESTIDO CASABLANCA;;INTEIROS;VESTIDO;THELURE;FEMININO;;;PP/P/M/G/GG;;2011-04-26
TE000011;525;VERÃO;2011;SS11;;TE000011 - VESTIDO CASABLANCA DRAPE;;INTEIROS;VESTIDO;THELURE;FEMININO;;;PP/P/M/G/GG;;2011-04-26
326044;628;INVERNO;;;326044;326044 - VESTIDO CASHMERE;;INTEIROS;VESTIDO;EGREY;FEMININO;;;PP/P/M/G/GG/EXG/EGG/EEGG;;2024-10-15
330100;21514;VERÃO;;;330100;330100 - VESTIDO CASULO CREPE;;INTEIROS;VESTIDO;EGREY;FEMININO;;;34/36/38/40/42/44/46/48;;2025-04-21
322011;11681;VERÃO;;;322011;322011 - VESTIDO CAVA AMERICANA TRICOLINE;;INTEIROS;VESTIDO;EGREY;FEMININO;;;34/36/38/40/42/44/46/48;;2024-10-21
320140;11433;VERÃO;;;320140MAR;320140 - VESTIDO CAVADO FRANZIDO;;;CAMISA;;;;;PP/P/M/G/GG/EXG/EGG/EEGG;;2024-10-21
320122;11429;VERÃO;;;320122PRA;320122 - VESTIDO CAVADO FRANZIDO LUREX;;;CAMISA;;;;;PP/P/M/G/GG/EXG/EGG/EEGG;;2024-10-21
335010;41739;INVERNO;2027;AW27;335010;335010 - VESTIDO CAZULO JERSEY;;INTEIROS;VESTIDO;EGREY;FEMININO;PROPRIA;;34/36/38/40/42/44/46/48;;2026-09-02
313032;10864;VERÃO;;;313032OFF;313032 - VESTIDO CECILIA PLISSADO;;;CAMISA;;;;;PP/P/M/G/GG/EXG/EGG/EEGG;;2024-10-21
320041;11343;VERÃO;;;320041LAR;320041 - VESTIDO CHEMISE;;;CAMISA;;;;;34 AO 48;;2024-10-21
320050;11323;VERÃO;;;320050TUR;320050 - VESTIDO CHEMISE SEDA;;;CAMISA;;;;;34 AO 48;;2024-10-21
313112;12181;VERÃO;;;313112LAR;313112 - VESTIDO CHEMISIER KATE;;;CAMISA;;;;;34 AO 48;;2024-10-21
315153;12183;VERÃO;;;315153VER;315153 - VESTIDO CHEMISIER ONDAS;;;CAMISA;;;;;34 AO 48;;2024-10-21
315123;10032;VERÃO;;;315123VER;315123 - VESTIDO CHEMISIER SATINE;;;CAMISA;;;;;34 AO 48;;2024-10-21
EYV004;691;VERÃO;2011;SS11;;EYV004 - VESTIDO COBRA;;INTEIROS;VESTIDO;;FEMININO;;;GRADE P M GG;BONDUKI LINHAS. FIOS E CONF. LTDA.;2011-06-14
TE000057;975;INVERNO;;;;TE000057 - VESTIDO COBRA;;INTEIROS;VESTIDO;THELURE;FEMININO;;;PP/P/M/G/GG;;2011-10-17
EYV020;827;VERÃO;2011;SS11;;EYV020 - VESTIDO COLETE RENDA;;INTEIROS;VESTIDO;;FEMININO;;;GRADE P M GG;SCALINA S.A;2011-07-25
EYV021;829;VERÃO;2011;SS11;;EYV021 - VESTIDO COM MANGA RENDA;;INTEIROS;VESTIDO;;FEMININO;;;GRADE P M GG;SCALINA S.A;2011-07-25
330042;21322;VERÃO;;;330042;330042 - VESTIDO COPACABANA MB;;INTEIROS;VESTIDO;EGREY;FEMININO;;;34/36/38/40/42/44/46/48;;2025-03-13
00021;20;INVERNO;2010;AW10;140017;00021 - VESTIDO COURO;;;FEMININO;;FEMININO;;;GRADE P M GG;;2010-06-02
EY0017;389;INVERNO;;;;EY0017 - VESTIDO COURO;;INTEIROS;VESTIDO;;FEMININO;;;GRADE P M GG;MINAS LÃ COMÉRCIO DE FIOS LTDA.;2011-01-13
335012;41741;INVERNO;2027;AW27;335012;335012 - VESTIDO CREPE  COSTAS CAPA;;INTEIROS;VESTIDO;EGREY;FEMININO;PROPRIA;;34/36/38/40/42/44/46/48;;2026-09-02
334021;41151;VERÃO;2027;SS27;334021;334021 - VESTIDO CREPE RECORTES;;INTEIROS;VESTIDO;EGREY;FEMININO;PROPRIA;;34/36/38/40/42/44/46/48;;2026-02-06
320127;11492;VERÃO;;;320127AMA;320127 - VESTIDO CREPE TRANSPASSE;;;CAMISA;;;;;34 AO 48;;2024-10-21
314020;9866;VERÃO;;;314020MOS;314020 - VESTIDO CURTO FRANZIDO;;;CAMISA;;;;;PP/P/M/G/GG/EXG/EGG/EEGG;;2024-10-21
329070;300;INVERNO;;;329070;329070 - VESTIDO CURTO OMBREIRA TRICOT;;INTEIROS;VESTIDO;EGREY;FEMININO;;;PP/P/M/G/GG;;2024-10-14
314011;1090;;;;314011;314011 - VESTIDO CURTO SNOW;;;;;;;;GRADE P M GG;;2024-10-18
323022;12057;INVERNO;;;323022;323022 - VESTIDO CURTO TRICOT DECOTE LACE;;INTEIROS;VESTIDO;EGREY;FEMININO;;;PP/P/M/G/GG/EXG/EGG/EEGG;;2024-10-21
335007;41694;INVERNO;2027;AW27;335007;335007 - VESTIDO CURVA ASSIMÉTRICO TRICOT;;INTEIROS;VESTIDO;EGREY;FEMININO;PROPRIA;;PP/P/M/G/GG;;2026-09-01
PIMA05;21137;VERÃO;;;;PIMA05 - VESTIDO DE MALHA, 100% ALGODAO, LONGO ABAIXO DO JOELHOS, MANGA CURTA, SEM FORRO, NOS TAMANHOS PP, P, M E G, NA COR PRETO, MARCA EGREY, REF. 330050;;;;EGREY;;;;UNICA;;2024-12-12
00071;138;VERÃO;2010;SS10;5VE013;00071 - VESTIDO DE TRICOT BLOUSE COM DECOTE V;;;;;;;;GRADE P M GG;;2010-07-06
313055;10723;VERÃO;;;313055PRE;313055 - VESTIDO DE TRICô AMPLO;;;CAMISA;;;;;PP/P/M/G/GG/EXG/EGG/EEGG;;2024-10-21
313026;10559;VERÃO;;;313026MAR;313026 - VESTIDO DE TRICô FENDA;;;CAMISA;;;;;PP/P/M/G/GG/EXG/EGG/EEGG;;2024-10-21
334085;41357;VERÃO;2027;SS27;334085;334085 - VESTIDO DECOTE CANOA TRICOT;;INTEIROS;VESTIDO;EGREY;FEMININO;PROPRIA;;PP/P/M/G/GG;;2026-03-17
320080;11411;VERÃO;;;320080PRE;320080 - VESTIDO DECOTE COSTAS;;;CAMISA;;;;;PP/P/M/G/GG/EXG/EGG/EEGG;;2024-10-21
330030;21310;VERÃO;;;330030;330030 - VESTIDO DECOTE COSTAS;;INTEIROS;VESTIDO;EGREY;FEMININO;;;PP/P/M/G/GG;;2025-03-12
338002;41239;INVERNO;2027;AW27;338002;338002 - VESTIDO DECOTE COSTAS PROFUNDO TRICOT;;INTEIROS;VESTIDO;EGREY;FEMININO;PROPRIA;;PP/P/M/G/GG;;2026-02-23
334135;41472;VERÃO;2027;SS27;334135;334135 - VESTIDO DECOTE FRANZIDO;;INTEIROS;VESTIDO;EGREY;FEMININO;PROPRIA;;34/36/38/40/42/44/46/48;;2026-04-15
322007;11747;VERÃO;;;322007;322007 - VESTIDO DECOTE FRANZIDO DETALHE;;INTEIROS;VESTIDO;EGREY;FEMININO;;;34/36/38/40/42/44/46/48;;2024-10-21
322004;11743;VERÃO;;;322004;322004 - VESTIDO DECOTE V ALGODÃO;;INTEIROS;VESTIDO;EGREY;FEMININO;;;34/36/38/40/42/44/46/48;;2024-10-21
325005;41585;;;;325005;325005 - VESTIDO DECOTE V ALÇA;;;;;;;;36 AO 44;;2026-07-14
325041;12405;VERÃO;;;325041VER;325041 - VESTIDO DECOTE V TAFETÁ;;;CAMISA;;;;;34 AO 48;;2024-10-21
330024;21304;VERÃO;;;330024;330024 - VESTIDO DECOTE V TRICOT;;INTEIROS;VESTIDO;EGREY;FEMININO;;;PP/P/M/G/GG;;2025-03-12
332043;21781;INVERNO;2026;AW26;332043;332043 - VESTIDO DECOTE V VELUDO;;INTEIROS;VESTIDO;EGREY;FEMININO;PROPRIA;;34/36/38/40/42/44/46/48;;2025-09-16
325033;12361;VERÃO;;;325033;325033 - VESTIDO DEGAGÊ;;INTEIROS;VESTIDO;EGREY;FEMININO;;;34/36/38/40/42/44/46/48;;2024-10-21
325078;12363;VERÃO;;;325078;325078 - VESTIDO DEGAGÊ CREPE;;INTEIROS;VESTIDO;EGREY;FEMININO;;;34/36/38/40/42/44/46/48;;2024-10-21
328063;12759;VERÃO;;;328063;328063 - VESTIDO DEGAGÊ CURTO;;INTEIROS;VESTIDO;EGREY;FEMININO;;;34/36/38/40/42/44/46/48;;2024-10-24
330009;21290;VERÃO;;;330009;330009 - VESTIDO DEGAGÊ PALA LINHO;;INTEIROS;VESTIDO;EGREY;FEMININO;;;34/36/38/40/42/44/46/48;;2025-03-12
330119;22006;VERÃO;2025;SS25;330119;330119 - VESTIDO DEGAGÊ SEDA;;INTEIROS;VESTIDO;EGREY;FEMININO;PROPRIA;;34/36/38/40/42/44/46/48;;2025-10-16
334082;41300;VERÃO;2027;SS27;334082;334082 - VESTIDO DEGAGÊ TRICOT;;INTEIROS;VESTIDO;EGREY;FEMININO;PROPRIA;;PP/P/M/G/GG;;2026-03-09
301039;1495;VERÃO;;;;301039 - VESTIDO DELON;;INTEIROS;VESTIDO;;FEMININO;;;PP/P/M/G/GG;BONDUKI LINHAS. FIOS E CONF. LTDA.;2012-05-10
301040;1497;VERÃO;;;;301040 - VESTIDO DELON 2;;INTEIROS;VESTIDO;;FEMININO;;;PP/P/M/G/GG;BONDUKI LINHAS. FIOS E CONF. LTDA.;2012-05-10
320019;11229;VERÃO;;;320019LAR;320019 - VESTIDO DIAGONAL;;;CAMISA;;;;;34 AO 48;;2024-10-21
320005;11227;VERÃO;;;320005OFF;320005 - VESTIDO DIAGONAL ALGODÃO;;;CAMISA;;;;;34 AO 48;;2024-10-21
316013;10265;VERÃO;;;316013VER;316013 - VESTIDO DIANA;;;CAMISA;;;;;34 AO 48;;2024-10-21
316018;10272;VERÃO;;;316018OFF;316018 - VESTIDO DIANA;;;CAMISA;;;;;34 AO 48;;2024-10-21
317165;10431;VERÃO;;;317165PRE;317165 - VESTIDO DIDI;;;CAMISA;;;;;34 AO 48;;2024-10-21
315175;10042;VERÃO;;;315175VER;315175 - VESTIDO DIJON LISO;;;CAMISA;;;;;34 AO 48;;2024-10-21
00179;167;INVERNO;2011;AW11;;00179 - VESTIDO DOURADO E PRATA;;;;;;;;GRADE P M GG;;2010-09-27
329072;246;INVERNO;;;329072;329072 - VESTIDO DRAPEADO;LONGO;INTEIROS;VESTIDO;EGREY;;;;34/36/38/40/42/44/46/48;;2024-10-14
307068;12184;VERÃO;;;307068OFF;307068 - VESTIDO DRAPED;;;CAMISA;;;;;PP/P/M/G/GG/EXG/EGG/EEGG;;2024-10-21
313184;10571;VERÃO;INDEF - INDEFINIDO;;313184;313184 - VESTIDO ELô;;;CAMISA;EGREY;;;;34 AO 48;;2024-10-21
301055;1527;VERÃO;;;;301055 - VESTIDO EMILIE;;INTEIROS;VESTIDO;;FEMININO;;;PP/P/M/G/GG;MINAS LÃ COMÉRCIO DE FIOS LTDA.;2012-05-10
315006;10056;VERÃO;;;315006MAR;315006 - VESTIDO ENVELOPE JACQUARD;;;CAMISA;;;;;PP/P/M/G/GG/EXG/EGG/EEGG;;2024-10-21
315007;10254;VERÃO;;;315007PRE;315007 - VESTIDO ENVELOPE LISO;;;CAMISA;;;;;PP/P/M/G/GG/EXG/EGG/EEGG;;2024-10-21
313033;10713;VERÃO;;;313033OFF;313033 - VESTIDO ENVELOPE PLISSADO;;;CAMISA;;;;;PP/P/M/G/GG/EXG/EGG/EEGG;;2024-10-21
315106;10016;VERÃO;;;315106CRU;315106 - VESTIDO ERIN;;;CAMISA;;;;;34 AO 48;;2024-10-21
319057;11151;VERÃO;;;319057MAR;319057 - VESTIDO ESSENCIAL CREPE;;;CAMISA;;;;;34 AO 48;;2024-10-21
313137;10781;VERÃO;;;313137OFF;313137 - VESTIDO EVASÊ COM AMARRAÇÃO;;;CAMISA;;;;;34 AO 48;;2024-10-21
310077;12185;VERÃO;;;310077BEG;310077 - VESTIDO FAIXA ALFAIATARIA;;;CAMISA;;;;;34 AO 48;;2024-10-21
319055;11109;VERÃO;;;319055VER;319055 - VESTIDO FENDA OMBRO VAZADO;;;CAMISA;;;;;PP/P/M/G/GG/EXG/EGG/EEGG;;2024-10-21
330097;21499;VERÃO;;;330097;330097 - VESTIDO FESTA FRANJA TRICOT;;TOP;FEMININO;EGREY;FEMININO;;;PP/P/M/G/GG;;2025-04-16
335036;41704;INVERNO;2027;AW27;335036;335036 - VESTIDO FESTA TRICOT;;INTEIROS;VESTIDO;EGREY;FEMININO;PROPRIA;;PP/P/M/G/GG;;2026-09-01
327014;718;VERÃO;2024;SS24;327014;327014 - VESTIDO FRANJAS TRICOT;;INTEIROS;VESTIDO;EGREY;FEMININO;;;PP/P/M/G/GG;;2024-10-15
322075;11679;VERÃO;;;322075;322075 - VESTIDO FRANJAS TRICOT;;INTEIROS;VESTIDO;EGREY;FEMININO;;;PP/P/M/G/GG/EXG/EGG/EEGG;;2024-10-21
326082;12524;INVERNO;;;326082;326082 - VESTIDO FRANZIDO MANGA;;INTEIROS;VESTIDO;EGREY;FEMININO;;;PP/P/M/G/GG;;2024-10-21
332223;22124;INVERNO;2026;AW26;332223;332223 - VESTIDO FRENTE ÚNICA TRICOT;;INTEIROS;VESTIDO;EGREY;FEMININO;PROPRIA;;PP/P/M/G/GG;;2025-11-05
00293;319;INVERNO;;;;00293 - VESTIDO GATINHOS;;INTEIROS;VESTIDO;MANDI;FEMININO;;;PP/P/M/G/GG;;2010-12-09
EYV027;853;VERÃO;2011;SS11;;EYV027 - VESTIDO GEOMETRICO;;INTEIROS;VESTIDO;;FEMININO;;;UNICA;EE - ADATEX S/A INDL. E COML.;2011-08-05
EYV028;855;VERÃO;2011;SS11;;EYV028 - VESTIDO GEOMETRICO TULE;;INTEIROS;VESTIDO;;FEMININO;;;GRADE P M GG;EE - ADATEX S/A INDL. E COML.;2011-08-05
00096;182;INDEF - INDEFINIDO;2010;;;00096 - VESTIDO GEOMÉTRICO;;;;;;;;PP/P/M/G/GG;;2010-07-08
325068;12341;VERÃO;;;325068;325068 - VESTIDO GLÓRIA;;INTEIROS;VESTIDO;EGREY;FEMININO;;;PP/P/M/G/GG;;2024-10-21
332007;21748;INVERNO;2026;AW26;332007;332007 - VESTIDO GOLA CAVADO  TRICOT;;INTEIROS;VESTIDO;EGREY;FEMININO;PROPRIA;;PP/P/M/G/GG;;2025-09-16
321054;11473;VERÃO;;;321054PRE;321054 - VESTIDO GOLA MÉDIA SARJA;;;CAMISA;;;;;34 AO 48;;2024-10-21
332004;21745;INVERNO;2026;AW26;332004;332004 - VESTIDO GOLA POLO TRICOT;;INTEIROS;VESTIDO;EGREY;FEMININO;PROPRIA;;PP/P/M/G/GG;;2025-09-16
323015;12055;INVERNO;;;323015;323015 - VESTIDO GOLA TRICOT RAGLAN;;INTEIROS;VESTIDO;EGREY;FEMININO;;;PP/P/M/G/GG/EXG/EGG/EEGG;;2024-10-21
00092;180;INDEF - INDEFINIDO;2010;;;00092 - VESTIDO GOLA V MANGA CURTA PLISSADA;;;;;;;;GRADE P M GG;;2010-07-08
00121;109;VERÃO;2010;SS10;15.19.0037;00121 - VESTIDO GOLD;;;;;;;;GRADE P M GG;;2010-08-02
00258;245;INVERNO;;;;00258 - VESTIDO GOLONA;;INTEIROS;VESTIDO;KOSII;FEMININO;;;GRADE P M GG;;2010-11-05
314197;12186;VERÃO;;;314197PRA;314197 - VESTIDO HALLOGEN;;;CAMISA;;;;;34 AO 48;;2024-10-21
MADRIH 002;1289;INVERNO;;;MADRIH 002;MADRIH 002 - VESTIDO HELO;;INTEIROS;VESTIDO;MADRIH;FEMININO;;;34 AO 44;;2012-01-30
311223;12187;VERÃO;;;311223PRE;311223 - VESTIDO JACARD ONDAS;;;CAMISA;;;;;PP/P/M/G/GG/EXG/EGG/EEGG;;2024-10-21
00020;18;INVERNO;2010;AW10;12008;00020 - VESTIDO JACKIE BRICK;;;;;;;;GRADE P M GG;;2010-06-02
301035;1487;VERÃO;;;;301035 - VESTIDO JANE;;INTEIROS;VESTIDO;;FEMININO;;;PP/P/M/G/GG;SCALINA S.A;2012-05-10
301077;1589;VERÃO;;;;301077 - VESTIDO JEAN;;INTEIROS;VESTIDO;;FEMININO;;;PP/P/M/G/GG;BONDUKI LINHAS. FIOS E CONF. LTDA.;2012-05-13
TE000045;951;INVERNO;;;;TE000045 - VESTIDO JEE COURO;;INTEIROS;VESTIDO;THELURE;FEMININO;;;PP/P/M/G/GG;;2011-10-17
336006;41107;VERÃO;2027;SS27;336006;336006 - VESTIDO JERSEY BABADO JANE;;INTEIROS;VESTIDO;EGREY;FEMININO;PROPRIA;;34/36/38/40/42/44/46/48;;2026-01-12
336004;41105;VERÃO;2027;SS27;336004;336004 - VESTIDO JERSEY DRAPEADO VERA;;INTEIROS;VESTIDO;GK PARA EGREY;FEMININO;PROPRIA;;34/36/38/40/42/44/46/48;;2026-01-12
328109;12979;VERÃO;;;328109;328109 - VESTIDO JERSEY FRANZIDO;;INTEIROS;VESTIDO;EGREY;;;;36 AO 42;;2024-11-06
00167;145;INVERNO;2011;AW11;0002;00167 - VESTIDO JESSY;;;;THELURE;;;;GRADE P M GG;;2010-09-16
320054;11355;VERÃO;;;320054LAR;320054 - VESTIDO KAFTAN;;;CAMISA;;;;;34 AO 48;;2024-10-21
322016;11675;VERÃO;;;322016;322016 - VESTIDO KAFTAN CREPE;;INTEIROS;VESTIDO;EGREY;FEMININO;;;UNICA;;2024-10-21
330107;21610;VERÃO;;;330107;330107 - VESTIDO KORFU TRICOT;;INTEIROS;VESTIDO;EGREY;FEMININO;;;PP/P/M/G/GG;;2025-05-20
313182;10801;VERÃO;;;313182BEG;313182 - VESTIDO KUMARI;;;CAMISA;;;;;34 AO 48;;2024-10-21
00015;12;INVERNO;2010;AW10;130010;00015 - VESTIDO L.A;;;;;;;;GRADE P M GG;;2010-06-02
301001;1417;VERÃO;;;;301001 - VESTIDO LA PISCINE;;INTEIROS;VESTIDO;;FEMININO;;;PP/P/M/G/GG;SCALINA S.A;2012-05-08
334024;41159;VERÃO;2027;SS27;334024;334024 - VESTIDO LAISE;;INTEIROS;VESTIDO;EGREY;FEMININO;PROPRIA;;34/36/38/40/42/44/46/48;;2026-02-11
EY0018;391;INVERNO;;;;EY0018 - VESTIDO LAÇO;;INTEIROS;VESTIDO;;FEMININO;;;GRADE P M GG;MINAS LÃ COMÉRCIO DE FIOS LTDA.;2011-01-13
320018;11377;VERÃO;;;320018MAR;320018 - VESTIDO LAÇO LINHO ESTAMPADO;;;CAMISA;;;;;34 AO 48;;2024-10-21
320000;11349;VERÃO;;;320000OFF;320000 - VESTIDO LAÇO LINHO TENCEL;;;CAMISA;;;;;34 AO 48;;2024-10-21
322015;11761;VERÃO;;;322015;322015 - VESTIDO LENÇO CREPE;;INTEIROS;VESTIDO;EGREY;FEMININO;;;34/36/38/40/42/44/46/48;;2024-10-21
328014;330;VERÃO;2024;SS24;328014;328014 - VESTIDO LENÇO SEDA;;INTEIROS;VESTIDO;EGREY;FEMININO;;;34/36/38/40/42/44/46/48;;2024-10-15
328015;12611;VERÃO;;;328015;328015 - VESTIDO LENÇO SEDA TIE-DYE;;INTEIROS;VESTIDO;;FEMININO;;;34/36/38/40/42/44/46/48;;2024-10-21
00290;313;INVERNO;;;;00290 - VESTIDO LEOPARDO;;INTEIROS;VESTIDO;BOBÔ;FEMININO;;;PP/P/M/G/GG;;2010-12-07
330066;21430;VERÃO;;;330066;330066 - VESTIDO LEVE CASULO;;INTEIROS;VESTIDO;EGREY;FEMININO;;;34/36/38/40/42/44/46/48;;2025-04-14
330067;21431;VERÃO;;;330067;330067 - VESTIDO LEVE CASULO IKAT;;INTEIROS;VESTIDO;EGREY;FEMININO;;;34/36/38/40/42/44/46/48;;2025-04-14
327018;1028;VERÃO;;;327018;327018 - VESTIDO LEVE DECOTE RETO;;INTEIROS;VESTIDO;EGREY;FEMININO;;;PP/P/M/G/GG;;2024-10-16
327017;722;VERÃO;2024;SS24;327017;327017 - VESTIDO LEVE DECOTE V;;INTEIROS;VESTIDO;EGREY;FEMININO;;;PP/P/M/G/GG;;2024-10-15
335074;41737;INVERNO;2027;AW27;335074;335074 - VESTIDO LEVE SEDA E ALGODÃO;;INTEIROS;VESTIDO;EGREY;FEMININO;PROPRIA;;34/36/38/40/42/44/46/48;;2026-09-02
321004;11501;INVERNO;;;321004;321004 - VESTIDO LEVE TECNOLÓGICO;;INTEIROS;VESTIDO;EGREY;FEMININO;;;34/36/38/40/42/44/46/48;;2024-10-21
327006;710;VERÃO;2024;SS24;327006;327006 - VESTIDO LISTRADO LEVE TRICOT;;INTEIROS;VESTIDO;EGREY;FEMININO;;;PP/P/M/G/GG;;2024-10-15
334125;41471;VERÃO;2027;SS27;334125;334125 - VESTIDO LISTRAS (SAIDA DE PRAIA);;INTEIROS;VESTIDO;EGREY;FEMININO;PROPRIA;;34/36/38/40/42/44/46/48;;2026-04-15
320086;11421;VERÃO;;;320086AZU;320086 - VESTIDO LISTRAS ALGODÃO ORGâNICO;;;CAMISA;;;;;34 AO 48;;2024-10-21
-00019;29;INDEF - INDEFINIDO;2010;;;-00019 - VESTIDO LISTRAS MANGA CURTA;;;;;;;;PP/P/M/G/GG;;2010-07-13
320139;11503;VERÃO;;;320139LIS;320139 - VESTIDO LISTRAS TECNOLÓGICO;;;CAMISA;;;;;34 AO 48;;2024-10-21
315076;10523;VERÃO;;;315076PRE;315076 - VESTIDO LIV;;;CAMISA;;;;;34 AO 48;;2024-10-21
329065;936;INVERNO;;;329065;329065 - VESTIDO LONGO ALÇA;LONGO;INTEIROS;VESTIDO;EGREY;FEMININO;;;34/36/38/40/42/44/46/48;;2024-10-15
329064;324;INVERNO;;;329064;329064 - VESTIDO LONGO ALÇA CREPE;LONGO;INTEIROS;VESTIDO;EGREY;FEMININO;;;34/36/38/40/42/44/46/48;;2024-10-14
328068;764;VERÃO;2024;SS24;328068;328068 - VESTIDO LONGO CAPUZ TRICOT;;INTEIROS;VESTIDO;EGREY;FEMININO;;;PP/P/M/G/GG;;2024-10-15
329034;78;INVERNO;;;329034;329034 - VESTIDO LONGO CREPE;LONGO;INTEIROS;VESTIDO;EGREY;;;;34/36/38/40/42/44/46/48;;2024-10-14
326094;12453;INVERNO;;;326094;326094 - VESTIDO LONGO CREPE;;INTEIROS;VESTIDO;EGREY;FEMININO;;;34/36/38/40/42/44/46/48;;2024-10-21
328019;740;VERÃO;2024;SS24;328019;328019 - VESTIDO LONGO CRUZADO ALGODÃO;;INTEIROS;VESTIDO;EGREY;FEMININO;;;34/36/38/40/42/44/46/48;;2024-10-15
313207;10857;VERÃO;;;313207LAR;313207 - VESTIDO LONGO DE SEDA;;;CAMISA;;;;;34 AO 48;;2024-10-21
313274;10749;VERÃO;;;313274PRE;313274 - VESTIDO LONGO DE TRICô;;;CAMISA;;;;;PP/P/M/G/GG/EXG/EGG/EEGG;;2024-10-21
338004;41241;INVERNO;2027;AW27;338004;338004 - VESTIDO LONGO DEGAGE;;INTEIROS;VESTIDO;EGREY;FEMININO;PROPRIA;;34/36/38/40/42/44/46/48;;2026-02-23
335028;41742;INVERNO;2027;AW27;335028;335028 - VESTIDO LONGO DRAPEADO;;INTEIROS;VESTIDO;EGREY;FEMININO;PROPRIA;;34/36/38/40/42/44/46/48;;2026-09-02
326006;12491;INVERNO;;;326006;326006 - VESTIDO LONGO DRAPEADO TRICOT;;INTEIROS;VESTIDO;EGREY;FEMININO;;;PP/P/M/G/GG;;2024-10-21
322073;11677;VERÃO;;;322073;322073 - VESTIDO LONGO FRANJAS TRICOT;;INTEIROS;VESTIDO;EGREY;FEMININO;;;PP/P/M/G/GG/EXG/EGG/EEGG;;2024-10-21
001ER;264;INVERNO;;;329000;001ER - VESTIDO LONGO GALOES TRICOT;LONGO;INTEIROS;VESTIDO;EGREY;FEMININO;;;34/36/38/40/42/44/46/48;;2024-10-14
329000;984;INVERNO;;;329000;329000 - VESTIDO LONGO GALÕES TRICOT;LONGO;INTEIROS;VESTIDO;EGREY;FEMININO;;;PP/P/M/G/GG;;2024-10-16
328111;12983;VERÃO;;;328111;328111 - VESTIDO LONGO JERSEY;LONGO;INTEIROS;VESTIDO;EGREY;;;;36 AO 42;;2024-11-06
334102;41396;VERÃO;2027;SS27;334102;334102 - VESTIDO LONGO JERSEY;;INTEIROS;VESTIDO;EGREY;FEMININO;PROPRIA;;34/36/38/40/42/44/46/48;;2026-03-31
335092;41793;INVERNO;2027;AW27;335092;335092 - VESTIDO LONGO JERSEY ESTAMPADO;;INTEIROS;VESTIDO;EGREY;;PROPRIA;;34/36/38/40/42/44/46/48;;2026-09-16
313233;10589;VERÃO;;;313233AMA;313233 - VESTIDO LONGO KATE;;;CAMISA;;;;;34 AO 48;;2024-10-21
315125;10251;VERÃO;;;315125;315125 - VESTIDO LONGO LYS;;;CAMISA;;;;;34/36/38/40/42/44/46/48;;2024-10-21
313118;10835;VERÃO;;;313118PRE;313118 - VESTIDO LONGO MARGOT;;;CAMISA;;;;;34 AO 48;;2024-10-21
329035;320;INVERNO;;;329035;329035 - VESTIDO LONGO PAETE;LONGO;INTEIROS;VESTIDO;EGREY;FEMININO;;;34/36/38/40/42/44/46/48;;2024-10-14
334103;41397;VERÃO;2027;SS27;334103;334103 - VESTIDO LONGO PAETÊ;;INTEIROS;VESTIDO;EGREY;FEMININO;PROPRIA;;34/36/38/40/42/44/46/48;;2026-03-31
323024;12059;INVERNO;;;323024;323024 - VESTIDO LONGO TRICOT DECOTE LACE;;INTEIROS;VESTIDO;EGREY;FEMININO;;;PP/P/M/G/GG/EXG/EGG/EEGG;;2024-10-21
323081;12201;INVERNO;;;323081;323081 - VESTIDO LONGO TRICOT LIGHT;;INTEIROS;VESTIDO;EGREY;FEMININO;;;PP/P/M/G/GG/EXG/EGG/EEGG;;2024-10-21
332099;22038;INVERNO;2026;AW26;332099;332099 - VESTIDO LONGO VELUDO;;INTEIROS;VESTIDO;EGREY;FEMININO;PROPRIA;;34/36/38/40/42/44/46/48;;2025-10-17
TE000065;1669;VERÃO;;;TE000065;TE000065 - VESTIDO LOSANGO;;INTEIROS;VESTIDO;THELURE;FEMININO;;;PP/P/M/G/GG;;2012-07-16
313173;10797;VERÃO;;;313173;313173 - VESTIDO LOULOU;;;CAMISA;;;;;34/36/38/40/42/44/46/48;;2024-10-21
00300;345;INVERNO;;;TA0000002;00300 - VESTIDO LTRAS TRANSP;;INTEIROS;VESTIDO;TECA;FEMININO;;;GRADE P M GG;;2010-12-22
EY0022;399;INVERNO;;;;EY0022 - VESTIDO LUREX;;INTEIROS;VESTIDO;;FEMININO;;;GRADE P M GG;MINAS LÃ COMÉRCIO DE FIOS LTDA.;2011-01-13
330050;21331;VERÃO;;;330050;330050 - VESTIDO MALHA PIMA;;INTEIROS;VESTIDO;EGREY;FEMININO;;;PP/P/M/G/GG;;2025-03-13
100016;41518;VERÃO;;;100016;100016 - VESTIDO MALHA PIMA CLASSICO;;INTEIROS;VESTIDO;EGREY;FEMININO;PROPRIA;;PP/P/M/G/GG;;2026-04-28
15.05.0025;557;VERÃO;2011;SS11;;15.05.0025 - VESTIDO MANGA LONGA;;INTEIROS;VESTIDO;ANIMALE;FEMININO;;;GRADE P M GG;;2011-04-27
305061;41708;INVERNO;2027;AW27;305061;305061 - VESTIDO MANGA PERA TRICOT;;INTEIROS;VESTIDO;EGREY;FEMININO;PROPRIA;;PP/P/M/G/GG;;2026-09-01
334058;41218;VERÃO;2027;SS27;334058;334058 - VESTIDO MANGA PÊRA;;INTEIROS;VESTIDO;EGREY;FEMININO;PROPRIA;;34/36/38/40/42/44/46/48;;2026-02-19
317168;10337;VERÃO;;;317168AZU;317168 - VESTIDO MARINA;;;CAMISA;;;;;34 AO 48;;2024-10-21
00117;101;VERÃO;2010;SS10;;00117 - VESTIDO MARINHEIRO;;;;;;;;PP/P/M/G/GG;;2010-07-23
313212;12189;VERÃO;;;313212MAR;313212 - VESTIDO MARROCOS OLHOS;;;CAMISA;;;;;34 AO 48;;2024-10-21
46.1331;1663;VERÃO;;;46.1331;46.1331 - VESTIDO MASTER;;INTEIROS;VESTIDO;THELURE;FEMININO;;;PP/P/M/G/GG;;2012-07-13
335071;41717;INVERNO;2027;AW27;335071;335071 - VESTIDO MAXI  MANGA ASSIMÉTRICA CREPE;;INTEIROS;VESTIDO;EGREY;FEMININO;PROPRIA;;34/36/38/40/42/44/46/48;;2026-09-02
334088;41359;VERÃO;2027;SS27;334088;334088 - VESTIDO MAXI DELHI;;INTEIROS;VESTIDO;EGREY;FEMININO;PROPRIA;;34/36/38/40/42/44/46/48;;2026-03-17
334124;41414;VERÃO;2027;SS27;334123;334124 - VESTIDO MAXI DELHI SEDA;;INTEIROS;VESTIDO;EGREY;FEMININO;PROPRIA;;34/36/38/40/42/44/46/48;;2026-04-01
325056;12423;VERÃO;;;325056;325056 - VESTIDO MAXI PRAIA REDE;;INTEIROS;VESTIDO;EGREY;FEMININO;;;PP/P/M/G/GG;;2024-10-21
TE000042;945;INVERNO;;;;TE000042 - VESTIDO MED;;INTEIROS;VESTIDO;THELURE;FEMININO;;;PP/P/M/G/GG;;2011-10-14
00059;92;INVERNO;2010;AW10;11003;00059 - VESTIDO MEDIEVAL;;;MASCULINO;;MASCULINO;;;GRADE P M GG;;2010-06-16
EYV010;739;VERÃO;2011;SS11;;EYV010 - VESTIDO MEDIEVAL;;INTEIROS;VESTIDO;;FEMININO;;;GRADE P M GG;MINAS LÃ COMÉRCIO DE FIOS LTDA.;2011-06-22
301007;1429;VERÃO;;;;301007 - VESTIDO MER;;INTEIROS;VESTIDO;;FEMININO;;;PP/P/M/G/GG;MINAS LÃ COMÉRCIO DE FIOS LTDA.;2012-05-08
314084;9830;VERÃO;;;314084MRF;314084 - VESTIDO MIA;;;CAMISA;;;;;34 AO 48;;2024-10-21
317109;10995;VERÃO;;;317109MAR;317109 - VESTIDO MIDI ALGODÃO MISTO PIMA;;;CAMISA;;;;;PP/P/M/G/GG/EXG/EGG/EEGG;;2024-10-21
313262;10747;VERÃO;;;313262MAR;313262 - VESTIDO MIDI BABADO;;;CAMISA;;;;;PP/P/M/G/GG/EXG/EGG/EEGG;;2024-10-21
315000;10015;VERÃO;;;315000PRE;315000 - VESTIDO MIDI BICOLOR;;;CAMISA;;;;;PP/P/M/G/GG/EXG/EGG/EEGG;;2024-10-21
313162;10981;VERÃO;;;313162BEG;313162 - VESTIDO MIDI COM FENDA;;;CAMISA;;;;;34 AO 48;;2024-10-21
313261;10745;VERÃO;;;313261OFF;313261 - VESTIDO MIDI DE TRICô;;;CAMISA;;;;;34 AO 48;;2024-10-21
334006;41116;VERÃO;2027;SS27;334006;334006 - VESTIDO MIDI DECOTE COSTAS TRICOT;;INTEIROS;VESTIDO;EGREY;FEMININO;PROPRIA;;PP/P/M/G/GG;;2026-01-16
317015;10409;VERÃO;;;317015TER;317015 - VESTIDO MIDI FAIXA LATERAL;;;CAMISA;;;;;PP/P/M/G/GG/EXG/EGG/EEGG;;2024-10-21
319059;11087;VERÃO;;;319059PRE;319059 - VESTIDO MIDI FLORAL;;;CAMISA;;;;;34 AO 48;;2024-10-21
315094;10020;VERÃO;;;315094OFF;315094 - VESTIDO MIDI KATE;;;CAMISA;;;;;34 AO 48;;2024-10-21
319058;11067;VERÃO;;;319058BOR;319058 - VESTIDO MIDI MANGA PÊRA;;;CAMISA;;;;;34 AO 48;;2024-10-21
309132;12743;INDEF - INDEFINIDO;INDEF - INDEFINIDO;;309132;309132 - VESTIDO MIDI PLISSADO;;INTEIROS;VESTIDO;EGREY;FEMININO;;;PP/P/M/G/GG;;2024-10-24
314012;10843;VERÃO;;;314012PRE;314012 - VESTIDO MIDI SNOW;;;CAMISA;;;;;PP/P/M/G/GG/EXG/EGG/EEGG;;2024-10-21
319068;11095;VERÃO;;;319068OFF;319068 - VESTIDO MIDI TRICOT;;;CAMISA;;;;;PP/P/M/G/GG/EXG/EGG/EEGG;;2024-10-21
321060;11571;VERÃO;;;321060OFF;321060 - VESTIDO MINI CANELADO;;;CAMISA;;;;;PP/P/M/G/GG/EXG/EGG/EEGG;;2024-10-21
315182;10022;VERÃO;;;315182OFF;315182 - VESTIDO MINI CREPPON;;;CAMISA;;;;;34 AO 48;;2024-10-21
330117;22162;VERÃO;2026;SS26;330117;330117 - VESTIDO MINI PRAIA;;INTEIROS;VESTIDO;EGREY;FEMININO;PROPRIA;;PP/P/M/G/GG;;2025-12-02
330070;21434;VERÃO;;;330070;330070 - VESTIDO MINI SARJA IKAT;;INTEIROS;VESTIDO;EGREY;FEMININO;;;34/36/38/40/42/44/46/48;;2025-04-14
330118;21888;VERÃO;;;330118;330118 - VESTIDO MINI TECNOLOGICO;;INTEIROS;VESTIDO;EGREY;FEMININO;PROPRIA;;34/36/38/40/42/44/46/48;;2025-09-25
332202;22066;;;;332202;332202 - VESTIDO MINI TRICOT;;;;;;;;PP/P/M/G/GG;;2025-10-21
334144;41562;VERÃO;2027;SS27;334144;334144 - VESTIDO MINI TRICOT;;INTEIROS;VESTIDO;EGREY;FEMININO;PROPRIA;;PP/P/M/G/GG;;2026-06-10
334001;41111;VERÃO;2027;SS27;334001;334001 - VESTIDO MINI TRICOT CANELADO;;INTEIROS;VESTIDO;EGREY;FEMININO;PROPRIA;;PP/P/M/G/GG;;2026-01-13
323057;12095;VERÃO;;;323057JAC;323057 - VESTIDO MINI TRICOT ZEBRA;;;CAMISA;;;;;PP/P/M/G/GG/EXG/EGG/EEGG;;2024-10-21
46.1327;1659;VERÃO;;;46.1327;46.1327 - VESTIDO MISS ATENAS;;INTEIROS;VESTIDO;THELURE;FEMININO;;;PP/P/M/G/GG;;2012-07-13
TE000041;943;INVERNO;;;;TE000041 - VESTIDO MISSONI;;INTEIROS;VESTIDO;THELURE;FEMININO;;;PP/P/M/G/GG;;2011-10-14
04.02.0226;1317;INVERNO;;;04.02.0226;04.02.0226 - VESTIDO MISSY;;INTEIROS;VESTIDO;LES AMIS;FEMININO;;;PP/P/M/G/GG;;2012-02-13
0007190;1397;VERÃO;;;0007190;0007190 - VESTIDO MODERNO;;INTEIROS;VESTIDO;EVA;FEMININO;;;GRADE P M GG;;2012-04-26
332039;21777;INVERNO;2026;AW26;332039;332039 - VESTIDO MOSAICO VELUDO;;INTEIROS;VESTIDO;EGREY;FEMININO;PROPRIA;;UNICA;;2025-09-16
332054;21789;INVERNO;2026;AW26;332054;332054 - VESTIDO MOULAGE;;INTEIROS;VESTIDO;EGREY;FEMININO;PROPRIA;;34/36/38/40/42/44/46/48;;2025-09-16
TE000006;549;VERÃO;2011;SS11;;TE000006 - VESTIDO MOULAY;;INTEIROS;VESTIDO;THELURE;FEMININO;;;PP/P/M/G/GG;;2011-04-26
46.1325;1651;VERÃO;;;46.1325;46.1325 - VESTIDO MYKONOS LGO;LONGO;INTEIROS;VESTIDO;THELURE;FEMININO;;;PP/P/M/G/GG;;2012-07-13
46.1326;1641;VERÃO;;;46.1326;46.1326 - VESTIDO MYKONOS MGA;;INTEIROS;VESTIDO;THELURE;FEMININO;;;PP/P/M/G/GG;;2012-07-13
00038;42;INVERNO;2010;AW10;11004;00038 - VESTIDO NADADOR;;;MASCULINO;;MASCULINO;;;GRADE P M GG;;2010-06-02
330200;22129;VERÃO;;;330200;330200 - VESTIDO NATALIE;;INTEIROS;VESTIDO;EGREY;FEMININO;PROPRIA;;PP/P/M/G/GG;;2025-11-10
EYV001;639;VERÃO;2011;SS11;;EYV001 - VESTIDO NERVURA;;INTEIROS;VESTIDO;;FEMININO;;;GRADE P M GG;MINAS LÃ COMÉRCIO DE FIOS LTDA.;2011-06-01
TE000036;933;INVERNO;;;;TE000036 - VESTIDO NERVURA;;INTEIROS;VESTIDO;THELURE;FEMININO;;;PP/P/M/G/GG;;2011-10-14
334015;41134;VERÃO;2027;SS27;334015;334015 - VESTIDO NERVURA EVASÊ TRICOT;;INTEIROS;VESTIDO;EGREY;FEMININO;PROPRIA;;PP/P/M/G/GG;;2026-01-29
TE000050;961;INVERNO;;;;TE000050 - VESTIDO NERVURA RAYON C1;;INTEIROS;VESTIDO;THELURE;FEMININO;;;PP/P/M/G/GG;;2011-10-17
TE000062;985;INVERNO;;;;TE000062 - VESTIDO NERVURA RAYON C2;LONGO;INTEIROS;VESTIDO;THELURE;FEMININO;;;PP/P/M/G/GG;;2011-10-19
313102;10977;VERÃO;;;313102;313102 - VESTIDO NÓ;;;CAMISA;;;;;34/36/38/40/42/44/46/48;;2024-10-21
334056;41216;VERÃO;2027;SS27;334056;334056 - VESTIDO NÓ TORCIDO;;INTEIROS;VESTIDO;EGREY;FEMININO;PROPRIA;;34/36/38/40/42/44/46/48;;2026-02-19
321087;11557;VERÃO;;;321087OFF;321087 - VESTIDO OMBRO BOTõES TRICOT;;;CAMISA;;;;;PP/P/M/G/GG/EXG/EGG/EEGG;;2024-10-21
321009;11515;VERÃO;;;321009;321009 - VESTIDO OMBRO FRANZIDO;;INTEIROS;VESTIDO;EGREY;FEMININO;;;34/36/38/40/42/44/46/48;;2024-10-21
325058;12421;VERÃO;;;325058;325058 - VESTIDO OMBRO FRANZIDO;;INTEIROS;VESTIDO;EGREY;FEMININO;;;PP/P/M/G/GG;;2024-10-21
312072;12191;VERÃO;;;312072MAR;312072 - VESTIDO OVERSIZED;;;CAMISA;;;;;PP/P/M/G/GG/EXG/EGG/EEGG;;2024-10-21
326098;12455;VERÃO;;;326098CRU;326098 - VESTIDO PAETÊ;;;CAMISA;;;;;34 AO 48;;2024-10-21
MADRIH006;1697;VERÃO;;;MADRIH006;MADRIH006 - VESTIDO PAMELA;;INTEIROS;VESTIDO;MADRIH;FEMININO;;;GRADE P M GG;;2012-08-03
00044;48;INVERNO;2010;AW10;140016;00044 - VESTIDO PATAGÔNIA;;;FEMININO;;FEMININO;;;GRADE P M GG;;2010-06-03
301057;1531;VERÃO;;;;301057 - VESTIDO PAUL;;INTEIROS;VESTIDO;;FEMININO;;;PP/P/M/G/GG;MINAS LÃ COMÉRCIO DE FIOS LTDA.;2012-05-10
020225;21107;INVERNO;;;;020225 - VESTIDO PAULA;;;;INDEFINIDO - INDEFINIDO;;;;PP/P/M/G/GG;;2024-11-29
EYV014;751;VERÃO;2011;SS11;;EYV014 - VESTIDO PEDRO TULE;;INTEIROS;VESTIDO;;FEMININO;;;GRADE P M GG;;2011-07-08
313091;10859;VERÃO;;;313091LAR;313091 - VESTIDO PESPONTOS;;;CAMISA;;;;;PP/P/M/G/GG/EXG/EGG/EEGG;;2024-10-21
323000;558;VERÃO;2024;SS24;323000;323000 - VESTIDO PIQUET;;INTEIROS;VESTIDO;EGREY;FEMININO;;;PP/P/M/G/GG;;2024-10-15
100012;21931;PERENE;;;100012;100012 - VESTIDO PIQUET;;INTEIROS;VESTIDO;EGREY;FEMININO;PROPRIA;;PP/P/M/G/GG;;2025-10-14
TE000018;543;VERÃO;2011;SS11;TE000018;TE000018 - VESTIDO PLISSADO;;INTEIROS;VESTIDO;THELURE;FEMININO;;;PP/P/M/G/GG;;2011-04-26
EYV006;695;VERÃO;2011;SS11;;EYV006 - VESTIDO PLISSADO;;INTEIROS;VESTIDO;;FEMININO;;;GRADE P M GG;BONDUKI LINHAS. FIOS E CONF. LTDA.;2011-06-14
315199;10036;VERÃO;;;315199VER;315199 - VESTIDO PLISSADO DEGRADÊ;;;CAMISA;;;;;34 AO 48;;2024-10-21
314101;10573;VERÃO;;;314101PRE;314101 - VESTIDO PLISSADO MIDI;;;CAMISA;;;;;34 AO 48;;2024-10-21
326084;12547;INVERNO;;;326084;326084 - VESTIDO POIS;;INTEIROS;VESTIDO;EGREY;FEMININO;;;34/36/38/40/42/44/46/48;;2024-10-21
328067;12688;VERÃO;;;328067;328067 - VESTIDO POLO CURTO;;INTEIROS;VESTIDO;EGREY;FEMININO;;;PP/P/M/G/GG;;2024-10-21
328066;762;VERÃO;2024;SS24;328066;328066 - VESTIDO POLO LONGO TRICOT;;INTEIROS;VESTIDO;EGREY;FEMININO;;;PP/P/M/G/GG;;2024-10-15
322059;11789;VERÃO;;;322059;322059 - VESTIDO POLO TRICOT;;INTEIROS;VESTIDO;EGREY;FEMININO;;;PP/P/M/G/GG/EXG/EGG/EEGG;;2024-10-21
330005;21286;VERÃO;2027;SS27;330005;330005 - VESTIDO PREGAS OMBRO ÚNICO ALGODÃO;;INTEIROS;VESTIDO;EGREY;FEMININO;PROPRIA;;34/36/38/40/42/44/46/48;;2025-03-12
323078;12091;INVERNO;;;323078;323078 - VESTIDO PRINCE ANARRUGA;;INTEIROS;VESTIDO;EGREY;FEMININO;;;34/36/38/40/42/44/46/48;;2024-10-21
MADRIH005;1695;VERÃO;;;MADRIH005;MADRIH005 - VESTIDO PULL;;INTEIROS;VESTIDO;MADRIH;FEMININO;;;GRADE P M GG;;2012-08-03
00178;165;;2010;;;00178 - VESTIDO RAYON ENVELOPE;;;;;;;;PP/P/M/G/GG;;2010-09-27
328035;12625;VERÃO;;;328035;328035 - VESTIDO REBITES;;INTEIROS;VESTIDO;EGREY;FEMININO;;;34/36/38/40/42/44/46/48;;2024-10-21
00129;125;VERÃO;2010;SS10;;00129 - VESTIDO REDE PRAIA;;;;;;;;PP/P/M/G/GG;;2010-08-27
322034;11765;VERÃO;;;322034;322034 - VESTIDO REDE TRICOT;;INTEIROS;VESTIDO;EGREY;FEMININO;;;PP/P/M/G/GG/EXG/EGG/EEGG;;2024-10-21
330021;21301;VERÃO;;;330021;330021 - VESTIDO REDE TRICOT;;INTEIROS;VESTIDO;EGREY;FEMININO;;;PP/P/M/G/GG;;2025-03-12
328079;21184;VERÃO;;;328079;328079 - VESTIDO REGATA FORRO TRICO;;INTEIROS;VESTIDO;EGREY;;;;PP/P/M/G/GG;;2025-01-14
301034;1485;VERÃO;;;;301034 - VESTIDO REGATA JANE;;INTEIROS;VESTIDO;;FEMININO;;;PP/P/M/G/GG;SCALINA S.A;2012-05-10
326035;12493;INVERNO;;;326035;326035 - VESTIDO REGATA LIGHT;;INTEIROS;VESTIDO;EGREY;FEMININO;;;PP/P/M/G/GG;;2024-10-21
325054;12419;VERÃO;;;325054;325054 - VESTIDO REGATA PALA;;INTEIROS;VESTIDO;EGREY;FEMININO;;;PP/P/M/G/GG;;2024-10-21
00066;108;VERÃO;2010;SS10;27161;00066 - VESTIDO REGATA REDE;;;;;;;;PP/P/M/G/GG;;2010-06-30
322093;11811;VERÃO;;;322093;322093 - VESTIDO REGATA TRANSPARENTE TRICOT;;INTEIROS;VESTIDO;EGREY;FEMININO;;;PP/P/M/G/GG/EXG/EGG/EEGG;;2024-10-21
326012;12515;INVERNO;;;326012;326012 - VESTIDO REGATA TRICOT CANELADO;;INTEIROS;VESTIDO;EGREY;FEMININO;;;PP/P/M/G/GG;;2024-10-21
328107;12901;VERÃO;;;328107;328107 - VESTIDO RETO BALONÊ;LONGO;INTEIROS;VESTIDO;EGREY;;;;34/36/38/40/42/44/46/48;;2024-10-30
326107;682;INVERNO;;;326107;326107 - VESTIDO RETO CAMISETA;;INTEIROS;VESTIDO;EGREY;FEMININO;;;PP/P/M/G/GG;;2024-10-15
313234;10591;VERÃO;;;313234PRE;313234 - VESTIDO RETO COM PREGA;;;CAMISA;;;;;34 AO 48;;2024-10-21
336003;41104;VERÃO;2027;SS27;336003;336003 - VESTIDO RETO JERSEY FAIXA CETIM LETICIA;;INTEIROS;VESTIDO;GK PARA EGREY;FEMININO;PROPRIA;;34/36/38/40/42/44/46/48;;2026-01-12
334096;41363;VERÃO;2027;SS27;334096;334096 - VESTIDO RETO LINHO;;INTEIROS;VESTIDO;EGREY;FEMININO;PROPRIA;;34/36/38/40/42/44/46/48;;2026-03-18
330092;21484;VERÃO;;;330092;330092 - VESTIDO RETO PAETÊ;;INTEIROS;VESTIDO;EGREY;FEMININO;;;34/36/38/40/42/44/46/48;;2025-04-14
315083;10116;VERÃO;;;315083PRE;315083 - VESTIDO RIB;;;CAMISA;;;;;34 AO 48;;2024-10-21
301004;1423;VERÃO;;;;301004 - VESTIDO RIVIERA;;INTEIROS;VESTIDO;;FEMININO;;;PP/P/M/G/GG;SCALINA S.A;2012-05-08
301031;1479;VERÃO;;;;301031 - VESTIDO ROMY;;INTEIROS;VESTIDO;;FEMININO;;;PP/P/M/G/GG;BONDUKI LINHAS. FIOS E CONF. LTDA.;2012-05-10
301046;1509;VERÃO;;;;301046 - VESTIDO RONET;;INTEIROS;VESTIDO;;FEMININO;;;PP/P/M/G/GG;MINAS LÃ COMÉRCIO DE FIOS LTDA.;2012-05-10
308015;12737;INDEF - INDEFINIDO;INDEF - INDEFINIDO;;308015;308015 - VESTIDO ROSE;;INTEIROS;VESTIDO;EGREY;FEMININO;;;PP/P/M/G/GG;;2024-10-24
00166;143;INVERNO;2011;AW11;01;00166 - VESTIDO SARAH;;;;THELURE;;;;GRADE P M GG;;2010-09-16
301029;1475;VERÃO;;;;301029 - VESTIDO SCHNEIDER;;INTEIROS;VESTIDO;;FEMININO;;;PP/P/M/G/GG;BONDUKI LINHAS. FIOS E CONF. LTDA.;2012-05-10
301081;1627;INVERNO;;;;301081 - VESTIDO SCHNEIDER 2;;INTEIROS;VESTIDO;;FEMININO;;;PP/P/M/G/GG;BONDUKI LINHAS. FIOS E CONF. LTDA.;2012-06-14
334162;41494;VERÃO;2027;SS27;334162;334162 - VESTIDO SEGUNDA PELE;;INTEIROS;VESTIDO;EGREY;FEMININO;PROPRIA;;34/36/38/40/42/44/46/48;;2026-04-21
330098;21500;VERÃO;;;330098;330098 - VESTIDO SEGUNDA PELE TRICOT;;INTEIROS;VESTIDO;EGREY;FEMININO;;;PP/P/M/G/GG;;2025-04-16
313238ERRADO;496;ATEMPORAL;2024;;313238;313238ERRADO - VESTIDO SLEEP;;INTEIROS;VESTIDO;EGREY;FEMININO;;;PP/P/M/G/GG;;2024-10-15
313238;1140;INDEF - INDEFINIDO;INDEF - INDEFINIDO;;313238;313238 - VESTIDO SLEEP;;INTEIROS;VESTIDO;EGREY;FEMININO;;;34/36/38/40/42/44/46/48;;2024-10-19
313239ERRADO;498;ATEMPORAL;2024;;313239;313239ERRADO - VESTIDO SLEEP DECOTE V;;INTEIROS;VESTIDO;EGREY;FEMININO;;;PP/P/M/G/GG;;2024-10-15
313239;1142;INDEF - INDEFINIDO;INDEF - INDEFINIDO;;313239;313239 - VESTIDO SLEEP DECOTE V;;INTEIROS;VESTIDO;EGREY;FEMININO;;;34/36/38/40/42/44/46/48;;2024-10-19
313237ERRADO;494;ATEMPORAL;2024;;313237;313237ERRADO - VESTIDO SLEEP MARROCOS;;INTEIROS;VESTIDO;EGREY;FEMININO;;;PP/P/M/G/GG;;2024-10-15
313237;1138;INDEF - INDEFINIDO;INDEF - INDEFINIDO;;313237;313237 - VESTIDO SLEEP MARROCOS;;INTEIROS;VESTIDO;EGREY;FEMININO;;;34/36/38/40/42/44/46/48;;2024-10-19
313211;10819;VERÃO;;;313211BEG;313211 - VESTIDO SOFIA;;;CAMISA;;;;;34 AO 48;;2024-10-21
LT0002;1043;INVERNO;;;LT0002;LT0002 - VESTIDO SOFIE;;INTEIROS;VESTIDO;LEFT;FEMININO;;;PP/P/M/G/GG;;2011-10-27
301010;1437;VERÃO;;;;301010 - VESTIDO SOLEIL;;INTEIROS;VESTIDO;;FEMININO;;;PP/P/M/G/GG;MINAS LÃ COMÉRCIO DE FIOS LTDA.;2012-05-08
301010 B;1781;VERÃO;;;301010 B;301010 B - VESTIDO SOLEIL COM LUREX;;TOP;TOP;EGREY;FEMININO;;;PP/P/M/G/GG;;2012-09-26
301011;1439;VERÃO;;;;301011 - VESTIDO SOLEIL LUREX;;INTEIROS;VESTIDO;;FEMININO;;;PP/P/M/G/GG;MINAS LÃ COMÉRCIO DE FIOS LTDA.;2012-05-08
301012;1441;VERÃO;;;;301012 - VESTIDO SOLEIL MANGA LONGA;;INTEIROS;VESTIDO;;FEMININO;;;PP/P/M/G/GG;MINAS LÃ COMÉRCIO DE FIOS LTDA.;2012-05-08
301013 B;1779;VERÃO;;;301013 B;301013 B - VESTIDO SOLEIL MANGA LONGA;;TOP;TOP;EGREY;FEMININO;;;PP/P/M/G/GG;;2012-09-26
301013;1443;VERÃO;;;;301013 - VESTIDO SOLEIL MANGA LONGA LUREX;;INTEIROS;VESTIDO;;FEMININO;;;PP/P/M/G/GG;MINAS LÃ COMÉRCIO DE FIOS LTDA.;2012-05-08
302022;1817;INVERNO;;;302022;302022 - VESTIDO SUPREME II;;INTEIROS;VESTIDO;EGREY;FEMININO;;;PP/P/M/G/GG;;2012-10-04
332037;21775;INVERNO;2026;AW26;332037;332037 - VESTIDO TECNOLOGICA NEW;;INTEIROS;VESTIDO;EGREY;FEMININO;PROPRIA;;34/36/38/40/42/44/46/48;;2025-09-16
329030;244;INVERNO;;;329030;329030 - VESTIDO TECNOLOGICO NEW;LONGO;INTEIROS;VESTIDO;EGREY;FEMININO;;;34/36/38/40/42/44/46/48;;2024-10-14
313210;10817;VERÃO;;;313210AMA;313210 - VESTIDO TERESA;;;CAMISA;;;;;34 AO 48;;2024-10-21
320078;11251;VERÃO;;;320078OFF;320078 - VESTIDO TEXTURA TRICOT;;;CAMISA;;;;;PP/P/M/G/GG/EXG/EGG/EEGG;;2024-10-21
315110;10253;VERÃO;;;315110MAR;315110 - VESTIDO THEA;;;CAMISA;;;;;34 AO 48;;2024-10-21
334084;41356;VERÃO;2027;SS27;334084;334084 - VESTIDO TIRAS TRICOT;;INTEIROS;VESTIDO;EGREY;FEMININO;PROPRIA;;PP/P/M/G/GG;;2026-03-17
328141;13015;ALTO INVERNO;;;328141;328141 - VESTIDO TORÇÃO TRICOT;LONGO;INTEIROS;VESTIDO;EGREY;FEMININO;;;PP/P/M/G/GG;;2024-11-07
328052;12633;VERÃO;;;328052;328052 - VESTIDO TRANSPARENTE TRICOT;;INTEIROS;VESTIDO;EGREY;FEMININO;;;PP/P/M/G/GG;;2024-10-21
322040;11809;VERÃO;;;322040;322040 - VESTIDO TRANSPARÊNCIA TRICOT;;INTEIROS;VESTIDO;EGREY;FEMININO;;;PP/P/M/G/GG/EXG/EGG/EEGG;;2024-10-21
314125;12193;VERÃO;;;314125MOS;314125 - VESTIDO TRANSPASSE;;;CAMISA;;;;;34 AO 48;;2024-10-21
334110;41400;VERÃO;2027;SS27;334110;334110 - VESTIDO TRANSPASSE COSTAS TRICOT;;INTEIROS;VESTIDO;EGREY;FEMININO;PROPRIA;;PP/P/M/G/GG;;2026-03-31
314180;10860;VERÃO;;;314180VIN;314180 - VESTIDO TRANSPASSE DOTS;;;CAMISA;;;;;34 AO 48;;2024-10-21
335055;41745;INVERNO;2027;AW27;335055;335055 - VESTIDO TRANSPASSE TECNOLÓGICO;;INTEIROS;VESTIDO;EGREY;FEMININO;PROPRIA;;34/36/38/40/42/44/46/48;;2026-09-02
00097;184;INDEF - INDEFINIDO;2010;;;00097 - VESTIDO TRANÇAS MANGA CURTA BOTÕES;;;;;;;;UNICA;;2010-07-08
00098;186;INDEF - INDEFINIDO;2010;;;00098 - VESTIDO TRANÇAS MANGA CURTA C/ BOLINHAS;;;;;;;;UNICA;;2010-07-08
VB 003;1343;INVERNO;;;VB 003;VB 003 - VESTIDO TRICOT;;INTEIROS;VESTIDO;RAQUEL MATTAR;FEMININO;;;34 AO 44;;2012-02-15
V001V26;22098;;;;V001V26;V001V26 - VESTIDO TRICOT;;;;ALCHEMYA;;;;PP/P/M/G/GG;;2025-10-27
325030;12329;VERÃO;;;325030;325030 - VESTIDO TRICOT ALÇA LONGA;;INTEIROS;VESTIDO;EGREY;FEMININO;;;PP/P/M/G/GG;;2024-10-21
0000072;1005;INVERNO;;;0000072;0000072 - VESTIDO TRICOT BICOLOR;;INTEIROS;VESTIDO;RESERVA;FEMININO;;;PP/P/M/G/GG;;2011-10-25
15.05.0035;1593;VERÃO;;;15.05.0035;15.05.0035 - VESTIDO TRICOT COM MANGA;;INTEIROS;VESTIDO;ANIMALE;FEMININO;;;GRADE P M GG;;2012-05-23
323083;12205;INVERNO;;;323083;323083 - VESTIDO TRICOT LIGHT;;INTEIROS;VESTIDO;EGREY;FEMININO;;;PP/P/M/G/GG/EXG/EGG/EEGG;;2024-10-21
325076;12311;VERÃO;;;325076;325076 - VESTIDO TRICOT LISTRAS;;INTEIROS;VESTIDO;EGREY;FEMININO;;;PP/P/M/G/GG;;2024-10-21
328057;12637;VERÃO;;;328057;328057 - VESTIDO TRICOT LISTRAS;;INTEIROS;VESTIDO;EGREY;FEMININO;;;PP/P/M/G/GG;;2024-10-21
322099;11833;VERÃO;;;322099;322099 - VESTIDO TRICOT LISTRAS ASSIMÉTRICAS;;INTEIROS;VESTIDO;EGREY;FEMININO;;;PP/P/M/G/GG/EXG/EGG/EEGG;;2024-10-21
00009;15;VERÃO;2010;SS10;27178;00009 - VESTIDO TRICOT PLISSADO;;;;OSKLEN;;;;PP/P/M/G/GG;;2010-07-12
325023;12347;VERÃO;;;325023;325023 - VESTIDO TRICOT REDE;;INTEIROS;VESTIDO;EGREY;FEMININO;;;PP/P/M/G/GG;;2024-10-21
326004;12487;INVERNO;;;326004;326004 - VESTIDO TRICOT REDE LISTRA;;INTEIROS;VESTIDO;EGREY;FEMININO;;;PP/P/M/G/GG;;2024-10-21
323012;12051;INVERNO;;;323012;323012 - VESTIDO TRICOT RISCA DE GIZ;;INTEIROS;VESTIDO;EGREY;FEMININO;;;PP/P/M/G/GG;;2024-10-21
325110;12585;VERÃO;;;325110;325110 - VESTIDO TRICOT TIE-DYE;;INTEIROS;VESTIDO;EGREY;FEMININO;;;PP/P/M/G/GG;;2024-10-21
360315335;1073;INVERNO;;;360315335;360315335 - VESTIDO TRICOT TRANÇA;;INTEIROS;VESTIDO;HUIS CLOS;FEMININO;;;PP/P/M/G/GG;;2011-11-18
310005;12195;VERÃO;;;310005PRE;310005 - VESTIDO TRICOT VALENTINA;;;CAMISA;;;;;PP/P/M/G/GG/EXG/EGG/EEGG;;2024-10-21
326095;12553;INVERNO;;;326095;326095 - VESTIDO TUBO POIS;;INTEIROS;VESTIDO;EGREY;FEMININO;;;34/36/38/40/42/44/46/48;;2024-10-21
313000;10697;VERÃO;;;313000;313000 - VESTIDO TUBO TRANÇADO;;;CAMISA;;;;;PP/P/M/G/GG/EXG/EGG/EEGG;;2024-10-21
327029;734;VERÃO;2024;SS24;327029;327029 - VESTIDO TULE;;INTEIROS;VESTIDO;EGREY;FEMININO;;;PP/P/M/G/GG;;2024-10-15
328143;12673;VERÃO;;;328143;328143 - VESTIDO TULE BORDADO;;INTEIROS;VESTIDO;EGREY;FEMININO;;;34/36/38/40/42/44/46/48;;2024-10-21
315001;10058;VERÃO;;;315001MAR;315001 - VESTIDO TWINS;;;CAMISA;;;;;PP/P/M/G/GG/EXG/EGG/EEGG;;2024-10-21
00231;213;VERÃO;2010;SS10;VE013;00231 - VESTIDO TWIST;;;;KOSII;;;;GRADE P M GG;;2010-10-20
336005;41106;VERÃO;2027;SS27;336005;336005 - VESTIDO TÚNICA DERG;;INTEIROS;VESTIDO;EGREY;FEMININO;PROPRIA;;34/36/38/40/42/44/46/48;;2026-01-12
301036;1489;VERÃO;;;;301036 - VESTIDO V DELON;;INTEIROS;VESTIDO;;FEMININO;;;PP/P/M/G/GG;BONDUKI LINHAS. FIOS E CONF. LTDA.;2012-05-10
321030;11493;INVERNO;;;321030;321030 - VESTIDO V ESTAMPA FLORES;;INTEIROS;VESTIDO;EGREY;FEMININO;;;34/36/38/40/42/44/46/48;;2024-10-21
EYV019;825;VERÃO;2011;SS11;;EYV019 - VESTIDO V RENDA;;INTEIROS;VESTIDO;;FEMININO;;;GRADE P M GG;SCALINA S.A;2011-07-25
301032;1481;VERÃO;;;;301032 - VESTIDO V ROMY;;INTEIROS;VESTIDO;;FEMININO;;;PP/P/M/G/GG;BONDUKI LINHAS. FIOS E CONF. LTDA.;2012-05-10
318009;10947;VERÃO;;;318009OFF;318009 - VESTIDO VAZADO;;;CAMISA;;;;;PP/P/M/G/GG/EXG/EGG/EEGG;;2024-10-21
330202;41080;VERÃO;2026;SS26;330202;330202 - VESTIDO VAZADO BODY TRICOT;;INTEIROS;VESTIDO;EGREY;FEMININO;PROPRIA;;PP/P/M/G/GG;;2025-12-16
320070;11439;VERÃO;;;320070OFF;320070 - VESTIDO VAZADO TRICOT;;;CAMISA;;;;;PP/P/M/G/GG/EXG/EGG/EEGG;;2024-10-21
325116;12593;VERÃO;;;325116;325116 - VESTIDO VAZADO TRICOT;;INTEIROS;VESTIDO;EGREY;FEMININO;;;PP/P/M/G/GG;;2024-10-21
334031;41193;VERÃO;2027;SS27;334031;334031 - VESTIDO VICHY FRANJAS TRICOT;;TOP;REGATA;EGREY;FEMININO;PROPRIA;;PP/P/M/G/GG;;2026-02-18
314083;9886;VERÃO;;;314083PRE;314083 - VESTIDO ZELIA SEM MANGA;;;CAMISA;;;;;34 AO 48;;2024-10-21
0000070;1011;INVERNO;;;0000070;0000070 - VESTIDOCAMISETÃO TRICOT;;INTEIROS;VESTIDO;RESERVA;FEMININO;;;PP/P/M/G/GG;;2011-10-25
000003;21536;INDEF - INDEFINIDO;INDEF - INDEFINIDO;;;000003 - VESTIDOS;;;;EGREY;;;;UNICA;;2025-04-25
00461;581;INDEF - INDEFINIDO;2011;;;00461 - VESTIDOS (GERAL);;INTEIROS;VESTIDO;INDEFINIDO - INDEFINIDO;FEMININO;;;PP/P/M/G/GG;;2011-05-26
020241;21120;INDEF - INDEFINIDO;INDEF - INDEFINIDO;;;020241 - VW/FOX CONNECT MB  - COR: CINZA  1.6 FLEX 8V 5PMARCA: VOLKSWAGEN  MOTOR: CCRBR2461   CHASSI:9BWAB45Z0N4005010   RENAVAM:01270621227;;;;VOLKSWAGEN;;;;UNICA;;2024-12-06
020243;21121;INDEF - INDEFINIDO;INDEF - INDEFINIDO;;;020243 - VW/FOX CONNECT MB  - COR: CINZA / 1.6 FLEX 8V 5PMARCA: VOLKSWAGEN  MOTOR: CCRBR2461   CHASSI:9BWAB45Z0N4005010   RENAVAM:01270621227;;;;VOLKSWAGEN;;;;UNICA;;2024-12-06
00294;325;INVERNO;;;MAE00000002;00294 - WRAP LISTRAS;;OUTERWEAR;CARDIGAN;ANIMALE;FEMININO;;;PP/P/M/G/GG;;2010-12-14
EY0002;295;INVERNO;;;;EY0002 - XALE;;OUTERWEAR;CASACO;;FEMININO;;;UNICA;;2010-12-06
00028;28;INVERNO;2010;AW10;160026;00028 - XALE BABADO BÁSICO;;;;;;;;UNICA;;2010-06-02
00063;100;INVERNO;2010;AW10;;00063 - XALE BABADO CURTO;;;;;;;;UNICA;;2010-06-16
DC001;21650;INDEF - INDEFINIDO;INDEF - INDEFINIDO;;DC001;DC001 - XALE COM BABADO;;;;DASCA;;;;UNICA;;2025-06-17
VERVE 002;1381;INVERNO;;;2369;VERVE 002 - XALE EM U;;;FEMININO;;FEMININO;;;GRADE P M GG;;2012-03-29
VERVE 001;1379;INVERNO;;;2368;VERVE 001 - XALE FLUTUANTE;;COURO;CACHECOL;;FEMININO;;;GRADE P M GG;;2012-03-29
300088;1691;INVERNO;;;300088;300088 - XALE U;;PONCHO;FEMININO;EGREY;FEMININO;;;UNICA;;2012-07-31
332121;41448;INVERNO;2026;AW26;332121;332121 - ÓCULOS SOLAR DE ACETATO MODELO LEO COR BLACK SOLID;;ACESSÓRIOS;OCULOS;LAPIMA;UNISSEX;CONSIGNADO;;UNICA;;2026-04-14
332122;41449;INVERNO;2026;AW26;332122;332122 - ÓCULOS SOLAR DE ACETATO MODELO LEO COR HAVANA GRADIENT;;ACESSÓRIOS;OCULOS;LAPIMA;UNISSEX;CONSIGNADO;;UNICA;;2026-04-14
332123;41451;INVERNO;2026;AW26;332123;332123 - ÓCULOS SOLAR DE ACETATO MODELO LUCA COR ATLANTIC OCEAN;;ACESSÓRIOS;OCULOS;LAPIMA;UNISSEX;CONSIGNADO;;UNICA;;2026-04-14
332124;41452;INVERNO;2026;AW26;332124;332124 - ÓCULOS SOLAR DE ACETATO MODELO LUCA COR RED SOLID;;ACESSÓRIOS;OCULOS;LAPIMA;UNISSEX;CONSIGNADO;;UNICA;;2026-04-14
332125;41453;INVERNO;2026;AW26;332125;332125 - ÓCULOS SOLAR DE ACETATO MODELO SEBASTIAN COR CARAMEL BLUE SKY;;ACESSÓRIOS;OCULOS;LAPIMA;UNISSEX;CONSIGNADO;;UNICA;;2026-04-14
